loan_amnt,term,int_rate,installment,grade,emp_length,home_ownership,annual_inc,verification_status,purpose,dti,delinq_2yrs,fico_range_low,revol_util,loan_status
19800,36 months,15.92,695.33,D,4 years,RENT,132800,Verified,credit_card,12.54,0,691,52.3,Fully Paid
6000,36 months,10.21,194.2,B,2 years,RENT,83100,Not Verified,debt_consolidation,15.17,0,719,78.4,Fully Paid
4800,36 months,5.65,145.27,A,8 years,RENT,70700,Not Verified,debt_consolidation,7.54,1,747,50.2,Fully Paid
9300,36 months,12.72,312.1,C,10+ years,MORTGAGE,74100,Not Verified,home_improvement,32.15,0,705,55.7,Charged Off
9400,36 months,6.41,287.72,A,8 years,MORTGAGE,72800,Source Verified,major_purchase,12.1,0,737,34.0,Fully Paid
4700,36 months,9.69,150.97,B,10+ years,RENT,55400,Verified,debt_consolidation,13.08,0,711,37.8,Fully Paid
8400,36 months,11.67,277.68,B,5 years,RENT,66100,Not Verified,credit_card,30.86,0,728,58.4,Charged Off
15500,36 months,20.43,579.44,E,10+ years,RENT,51300,Source Verified,debt_consolidation,33.84,0,676,66.3,Fully Paid
9500,60 months,11.07,206.88,C,9 years,MORTGAGE,58900,Not Verified,car,18.51,2,698,40.4,Fully Paid
13000,36 months,9.2,414.61,B,5 years,MORTGAGE,74400,Source Verified,credit_card,32.48,0,716,63.5,Charged Off
7600,36 months,17.69,273.58,D,10+ years,RENT,99800,Verified,major_purchase,11.96,0,669,41.7,Fully Paid
40000,36 months,11.07,1310.88,B,10+ years,MORTGAGE,59800,Not Verified,other,14.45,0,706,82.4,Fully Paid
18400,36 months,11.44,606.23,B,10+ years,OWN,19200,Not Verified,debt_consolidation,31.35,0,717,37.2,Charged Off
4400,60 months,16.66,108.55,E,10+ years,RENT,80200,Not Verified,credit_card,8.16,1,664,74.4,Fully Paid
13700,36 months,11.31,450.53,B,4 years,MORTGAGE,52900,Not Verified,medical,35.1,1,728,16.6,Charged Off
7700,36 months,11.36,253.4,C,8 years,RENT,76000,Source Verified,debt_consolidation,13.65,0,715,88.7,Fully Paid
7800,60 months,14.06,181.74,C,10+ years,OWN,74800,Verified,credit_card,17.0,0,694,41.2,Charged Off
13100,36 months,28.06,542.29,F,10+ years,MORTGAGE,64800,Source Verified,debt_consolidation,12.86,0,653,51.2,Charged Off
22000,36 months,13.63,747.96,C,2 years,OWN,158100,Source Verified,debt_consolidation,10.19,1,697,59.4,Fully Paid
9800,36 months,12.12,326.06,C,4 years,OWN,90900,Not Verified,credit_card,17.71,0,700,70.6,Fully Paid
11800,36 months,9.86,379.98,B,2 years,RENT,42400,Verified,medical,14.7,1,721,16.4,Fully Paid
29600,36 months,9.9,953.72,B,10+ years,MORTGAGE,59100,Not Verified,other,15.21,1,712,48.8,Fully Paid
5600,36 months,12.96,188.58,C,10+ years,MORTGAGE,82700,Verified,debt_consolidation,14.89,0,706,49.9,Fully Paid
22000,36 months,11.24,722.75,B,10+ years,MORTGAGE,41200,Source Verified,debt_consolidation,21.52,1,713,55.2,Fully Paid
7900,60 months,15.23,188.9,C,,MORTGAGE,247800,Not Verified,home_improvement,22.25,0,708,51.7,Fully Paid
16600,60 months,7.94,336.11,A,10+ years,MORTGAGE,102900,Verified,debt_consolidation,20.51,0,735,23.7,Fully Paid
10300,36 months,6.29,314.7,A,10+ years,MORTGAGE,62100,Source Verified,major_purchase,19.08,0,727,68.3,Charged Off
19000,36 months,7.82,593.81,B,10+ years,RENT,52900,Verified,debt_consolidation,9.41,0,732,71.2,Fully Paid
7100,36 months,18.35,257.93,D,10+ years,RENT,59200,Source Verified,home_improvement,11.52,0,698,16.9,Fully Paid
7600,60 months,10.92,164.94,B,9 years,MORTGAGE,72300,Verified,small_business,29.57,0,700,55.5,Fully Paid
4000,60 months,10.54,86.05,B,,MORTGAGE,49600,Source Verified,debt_consolidation,17.14,0,723,35.7,Fully Paid
5800,36 months,17.72,208.87,D,10+ years,RENT,111800,Source Verified,debt_consolidation,12.84,1,695,19.2,Fully Paid
12200,36 months,11.45,402.02,B,,MORTGAGE,122500,Source Verified,debt_consolidation,19.73,0,713,39.0,Fully Paid
8500,60 months,11.65,187.58,B,5 years,RENT,187700,Verified,debt_consolidation,27.45,0,684,68.8,Fully Paid
6600,36 months,19.02,242.0,E,10+ years,RENT,41400,Not Verified,debt_consolidation,8.0,1,683,69.0,Fully Paid
19900,36 months,12.69,667.54,C,3 years,RENT,115700,Verified,home_improvement,16.08,0,697,50.7,Fully Paid
13900,36 months,7.11,429.89,A,5 years,RENT,52600,Not Verified,credit_card,12.3,0,760,29.1,Fully Paid
7500,36 months,10.75,244.65,B,2 years,RENT,72100,Not Verified,debt_consolidation,22.27,1,714,58.6,Fully Paid
11200,36 months,10.48,363.92,B,1 year,OWN,198600,Not Verified,credit_card,14.41,0,720,63.4,Fully Paid
18400,60 months,15.76,445.11,D,10+ years,RENT,64300,Verified,debt_consolidation,14.29,0,693,52.2,Fully Paid
15300,36 months,11.14,501.92,B,9 years,RENT,22100,Not Verified,credit_card,4.69,0,718,23.6,Fully Paid
9100,60 months,10.99,197.81,C,10+ years,RENT,93600,Not Verified,debt_consolidation,15.29,0,702,34.9,Fully Paid
5300,36 months,11.62,175.08,C,10+ years,OWN,90000,Verified,debt_consolidation,23.74,1,691,49.7,Fully Paid
6800,36 months,13.37,230.33,C,8 years,MORTGAGE,24100,Source Verified,small_business,23.67,0,694,21.8,Fully Paid
33100,36 months,10.08,1069.29,B,3 years,MORTGAGE,29400,Verified,credit_card,21.69,1,717,35.0,Fully Paid
8100,36 months,12.13,269.54,B,10+ years,RENT,132500,Not Verified,credit_card,16.11,0,693,80.8,Fully Paid
7800,36 months,25.88,313.77,G,9 years,RENT,223700,Verified,debt_consolidation,30.19,1,639,65.0,Fully Paid
17100,60 months,18.51,438.99,D,2 years,MORTGAGE,85600,Source Verified,debt_consolidation,12.96,0,692,63.1,Fully Paid
11500,36 months,11.39,378.62,B,3 years,OWN,67000,Verified,debt_consolidation,7.84,0,739,31.6,Fully Paid
5700,36 months,17.39,204.33,D,3 years,MORTGAGE,234100,Source Verified,debt_consolidation,11.9,0,687,40.4,Fully Paid
3000,36 months,14.2,102.82,C,5 years,RENT,73200,Source Verified,debt_consolidation,12.81,0,694,63.6,Fully Paid
11500,36 months,9.61,368.97,B,3 years,RENT,42400,Source Verified,debt_consolidation,18.53,1,698,48.2,Fully Paid
35600,60 months,19.36,930.55,E,2 years,MORTGAGE,270500,Source Verified,debt_consolidation,30.23,0,682,39.6,Charged Off
3400,36 months,13.94,116.1,C,10+ years,OWN,57000,Verified,credit_card,19.22,0,704,53.5,Fully Paid
14000,60 months,19.09,363.86,D,10+ years,MORTGAGE,82600,Source Verified,debt_consolidation,24.76,2,675,80.6,Charged Off
10300,36 months,10.89,336.67,B,< 1 year,OTHER,53800,Source Verified,debt_consolidation,7.38,0,727,68.0,Fully Paid
18000,36 months,11.27,591.6,B,5 years,RENT,17200,Verified,major_purchase,24.75,0,735,58.0,Fully Paid
23400,36 months,15.59,817.95,D,10+ years,RENT,26300,Not Verified,debt_consolidation,13.21,0,702,46.7,Charged Off
20200,36 months,9.97,651.51,B,4 years,MORTGAGE,47200,Source Verified,debt_consolidation,12.18,0,726,22.4,Fully Paid
16400,60 months,16.88,406.52,D,4 years,MORTGAGE,43200,Not Verified,debt_consolidation,45.7,0,689,,Fully Paid
16000,36 months,10.78,522.15,B,10+ years,RENT,14800,Verified,credit_card,12.78,0,697,34.5,Fully Paid
40000,36 months,26.39,1619.95,F,10+ years,RENT,50800,Not Verified,debt_consolidation,10.44,0,666,75.1,Charged Off
33800,60 months,11.51,743.52,B,8 years,RENT,135300,Not Verified,home_improvement,17.61,0,723,74.3,Fully Paid
30900,36 months,12.78,1037.87,C,4 years,MORTGAGE,16800,Not Verified,debt_consolidation,39.14,0,678,2.7,Charged Off
15600,36 months,25.0,620.25,F,3 years,RENT,44200,Not Verified,debt_consolidation,18.61,1,677,58.3,Charged Off
12700,36 months,7.1,392.72,A,,RENT,60000,Not Verified,credit_card,17.3,0,723,60.1,Fully Paid
7200,36 months,14.56,248.04,C,3 years,MORTGAGE,30500,Verified,credit_card,32.97,0,713,27.7,Fully Paid
7100,36 months,13.35,240.43,C,8 years,MORTGAGE,53300,Verified,debt_consolidation,16.68,0,691,76.5,Fully Paid
32800,36 months,13.67,1115.78,C,2 years,RENT,31700,Source Verified,credit_card,18.86,0,698,60.9,Charged Off
6700,36 months,8.31,210.91,B,7 years,MORTGAGE,35400,Verified,debt_consolidation,13.67,0,716,49.1,Fully Paid
7000,36 months,13.3,236.87,C,10+ years,MORTGAGE,51500,Verified,small_business,7.92,0,705,80.3,Fully Paid
15800,36 months,12.53,528.79,B,,RENT,206300,Verified,debt_consolidation,14.65,1,700,87.5,Fully Paid
18600,36 months,12.09,618.59,C,9 years,RENT,61300,Not Verified,major_purchase,13.76,0,701,16.0,Fully Paid
20200,36 months,11.55,666.6,B,5 years,MORTGAGE,51100,Source Verified,debt_consolidation,12.19,1,710,40.5,Fully Paid
16700,36 months,8.72,528.88,B,10+ years,MORTGAGE,35300,Verified,credit_card,28.08,1,726,39.8,Fully Paid
19400,60 months,9.88,411.05,B,3 years,MORTGAGE,110700,Not Verified,major_purchase,9.32,0,698,88.1,Fully Paid
20200,60 months,10.03,429.49,B,5 years,OWN,26400,Source Verified,debt_consolidation,18.58,0,713,9.7,Fully Paid
13800,36 months,16.24,486.8,C,2 years,RENT,55800,Not Verified,debt_consolidation,19.89,1,682,75.0,Charged Off
18900,60 months,5.0,356.67,A,10+ years,OTHER,88600,Verified,debt_consolidation,11.58,0,734,46.8,Fully Paid
32700,36 months,12.07,1087.2,C,< 1 year,MORTGAGE,65600,Source Verified,debt_consolidation,21.65,1,691,57.7,Fully Paid
12600,36 months,14.27,432.29,C,2 years,MORTGAGE,98300,Source Verified,medical,14.37,0,676,49.4,Fully Paid
10800,60 months,11.42,237.09,B,2 years,RENT,29300,Source Verified,debt_consolidation,20.99,0,707,40.3,Fully Paid
9900,36 months,15.44,345.32,C,8 years,RENT,41300,Not Verified,debt_consolidation,11.97,1,720,77.6,Fully Paid
15600,36 months,7.43,484.76,A,10+ years,MORTGAGE,21900,Source Verified,debt_consolidation,20.43,0,771,56.9,Fully Paid
14800,36 months,9.49,474.02,B,10+ years,OWN,97300,Source Verified,debt_consolidation,24.31,1,716,78.1,Fully Paid
10400,36 months,12.07,345.78,B,6 years,MORTGAGE,43000,Not Verified,credit_card,7.96,0,733,34.9,Fully Paid
17200,36 months,12.75,577.47,C,2 years,RENT,32400,Source Verified,debt_consolidation,25.55,0,713,66.0,Fully Paid
28300,36 months,10.05,913.83,B,8 years,RENT,65500,Verified,debt_consolidation,22.97,0,723,,Fully Paid
9200,36 months,12.3,306.89,C,5 years,RENT,77500,Source Verified,major_purchase,46.72,0,707,41.8,Charged Off
6300,36 months,10.37,204.38,B,4 years,MORTGAGE,112900,Verified,debt_consolidation,23.29,1,723,68.6,Fully Paid
4800,36 months,9.24,153.18,B,10+ years,RENT,66800,Not Verified,credit_card,11.58,0,713,55.3,Fully Paid
18900,60 months,7.34,377.28,A,10+ years,RENT,75600,Source Verified,credit_card,15.71,0,748,67.3,Fully Paid
11200,36 months,13.04,377.59,C,9 years,RENT,41500,Not Verified,debt_consolidation,5.53,0,699,53.6,Fully Paid
9400,60 months,9.7,198.34,B,7 years,RENT,139500,Not Verified,home_improvement,14.63,2,709,88.3,Fully Paid
17600,36 months,12.69,590.39,B,< 1 year,RENT,85400,Source Verified,credit_card,7.38,1,717,64.8,Fully Paid
21500,60 months,9.84,455.12,B,8 years,MORTGAGE,113000,Verified,credit_card,8.92,0,722,30.9,Fully Paid
19100,36 months,16.42,675.47,D,3 years,MORTGAGE,17800,Source Verified,home_improvement,22.23,0,681,62.0,Charged Off
9500,60 months,13.45,218.35,C,3 years,MORTGAGE,48100,Verified,debt_consolidation,46.99,0,691,28.6,Charged Off
10100,36 months,11.3,332.1,B,10+ years,MORTGAGE,77800,Not Verified,credit_card,11.92,0,713,17.3,Charged Off
14100,36 months,15.09,489.4,D,3 years,MORTGAGE,64700,Source Verified,debt_consolidation,30.43,1,675,73.4,Charged Off
30100,60 months,18.44,771.57,D,10+ years,RENT,187500,Source Verified,credit_card,11.07,1,664,66.0,Charged Off
12300,36 months,15.33,428.37,C,4 years,RENT,32300,Not Verified,debt_consolidation,36.2,0,700,65.7,Charged Off
18500,36 months,9.28,590.71,B,8 years,OWN,34700,Source Verified,debt_consolidation,18.35,0,712,21.1,Fully Paid
35800,36 months,11.1,1173.74,B,,MORTGAGE,73500,Verified,credit_card,20.95,0,715,45.9,Fully Paid
7100,36 months,11.6,234.47,C,10+ years,MORTGAGE,42900,Verified,debt_consolidation,12.43,0,713,54.8,Fully Paid
8600,60 months,7.75,173.35,A,8 years,RENT,57200,Verified,credit_card,14.27,1,770,70.5,Fully Paid
9800,60 months,7.06,194.33,A,5 years,MORTGAGE,88400,Source Verified,credit_card,11.65,0,739,52.8,Fully Paid
10700,36 months,14.55,368.57,C,2 years,MORTGAGE,34000,Source Verified,credit_card,15.48,0,703,83.8,Fully Paid
9500,36 months,11.23,312.05,B,3 years,MORTGAGE,36200,Not Verified,credit_card,7.25,1,709,47.7,Fully Paid
6200,60 months,12.95,140.91,C,10+ years,MORTGAGE,66900,Verified,medical,10.37,0,691,68.3,Charged Off
29600,36 months,14.47,1018.43,C,10+ years,OWN,97600,Source Verified,credit_card,14.29,0,685,33.5,Fully Paid
18500,36 months,15.14,642.58,D,8 years,RENT,45300,Not Verified,credit_card,16.62,0,694,22.4,Fully Paid
11900,36 months,12.39,397.47,B,1 year,RENT,52200,Not Verified,debt_consolidation,8.1,0,708,47.0,Fully Paid
12800,36 months,9.77,411.64,B,< 1 year,RENT,78200,Not Verified,debt_consolidation,14.34,0,702,45.0,Fully Paid
29400,36 months,13.48,997.41,C,6 years,RENT,40100,Not Verified,debt_consolidation,21.28,1,697,24.8,Fully Paid
7100,36 months,6.85,218.74,A,< 1 year,MORTGAGE,85300,Source Verified,other,6.8,0,731,59.8,Fully Paid
16200,60 months,6.36,315.91,A,6 years,OWN,85400,Source Verified,debt_consolidation,19.25,1,756,16.0,Fully Paid
8400,36 months,19.97,312.05,E,2 years,RENT,69300,Source Verified,credit_card,10.33,2,696,39.3,Fully Paid
23100,36 months,10.94,755.61,B,6 years,MORTGAGE,80000,Not Verified,debt_consolidation,24.43,0,735,22.8,Fully Paid
12000,36 months,6.03,365.23,A,9 years,MORTGAGE,96000,Source Verified,credit_card,6.79,1,743,76.3,Fully Paid
11200,36 months,12.3,373.61,C,10+ years,RENT,86600,Source Verified,debt_consolidation,15.05,0,705,40.4,Fully Paid
8700,36 months,12.82,292.38,C,3 years,MORTGAGE,75000,Not Verified,credit_card,19.26,0,691,34.9,Fully Paid
9000,60 months,16.15,219.58,D,2 years,RENT,71100,Not Verified,debt_consolidation,13.16,1,698,70.6,Fully Paid
3900,36 months,18.51,141.99,D,2 years,MORTGAGE,53400,Source Verified,other,6.61,0,675,48.9,Fully Paid
15800,36 months,9.55,506.49,B,4 years,RENT,113900,Source Verified,home_improvement,42.79,0,707,73.3,Fully Paid
11100,36 months,7.04,342.94,A,6 years,MORTGAGE,74700,Not Verified,debt_consolidation,19.93,2,730,88.8,Fully Paid
9400,60 months,14.19,219.65,C,4 years,MORTGAGE,48700,Not Verified,debt_consolidation,17.24,0,718,72.6,Charged Off
4600,36 months,17.39,164.9,D,10+ years,MORTGAGE,260900,Not Verified,debt_consolidation,20.53,0,675,34.3,Fully Paid
26800,60 months,14.43,629.58,C,,RENT,57100,Source Verified,debt_consolidation,21.77,0,696,20.2,Fully Paid
4900,36 months,17.57,176.09,D,4 years,RENT,32800,Not Verified,credit_card,31.08,1,682,23.8,Charged Off
7100,60 months,12.01,157.97,B,10+ years,MORTGAGE,63000,Source Verified,debt_consolidation,14.33,1,715,24.2,Fully Paid
5100,36 months,11.25,167.57,B,3 years,RENT,77700,Not Verified,small_business,48.23,0,725,58.4,Fully Paid
23800,60 months,21.25,647.22,E,10+ years,MORTGAGE,58400,Not Verified,credit_card,15.41,0,677,46.4,Fully Paid
26700,36 months,8.01,836.8,A,8 years,MORTGAGE,109000,Verified,credit_card,13.2,0,741,56.4,Fully Paid
8500,60 months,15.55,204.68,C,9 years,RENT,38000,Verified,debt_consolidation,18.55,0,693,72.4,Fully Paid
27300,60 months,7.25,543.8,A,3 years,RENT,94500,Source Verified,debt_consolidation,16.67,0,763,43.0,Fully Paid
7100,60 months,13.68,164.03,C,6 years,OWN,60500,Source Verified,major_purchase,14.31,0,710,66.2,Charged Off
22900,36 months,15.31,797.32,C,10+ years,RENT,47200,Not Verified,home_improvement,17.78,0,709,48.1,Fully Paid
27500,60 months,15.03,654.66,C,10+ years,MORTGAGE,52400,Not Verified,debt_consolidation,15.92,0,716,45.5,Charged Off
14000,36 months,10.67,456.16,B,3 years,MORTGAGE,76900,Not Verified,home_improvement,16.1,1,723,27.1,Fully Paid
19500,36 months,8.65,616.92,A,3 years,MORTGAGE,28000,Source Verified,major_purchase,12.06,0,737,43.5,Fully Paid
20000,36 months,10.04,645.72,B,1 year,MORTGAGE,18300,Verified,debt_consolidation,6.18,0,702,38.1,Fully Paid
19500,36 months,10.54,634.17,B,5 years,MORTGAGE,111800,Not Verified,debt_consolidation,30.19,0,707,76.3,Fully Paid
40000,36 months,22.59,1539.85,E,9 years,MORTGAGE,41800,Verified,car,12.56,0,675,76.2,Fully Paid
24600,36 months,13.1,830.06,C,10+ years,RENT,63600,Source Verified,credit_card,8.44,0,694,39.4,Fully Paid
13800,36 months,7.76,430.92,A,10+ years,MORTGAGE,105900,Not Verified,debt_consolidation,10.59,3,761,72.8,Fully Paid
8300,36 months,16.06,292.05,D,,RENT,48800,Verified,medical,8.23,1,684,89.4,Fully Paid
22400,36 months,17.09,799.62,D,3 years,RENT,94700,Verified,debt_consolidation,22.94,0,686,73.2,Charged Off
27800,60 months,25.81,829.22,F,3 years,MORTGAGE,76100,Source Verified,medical,15.12,0,663,12.4,Fully Paid
11900,36 months,6.94,367.11,A,10+ years,MORTGAGE,76800,Verified,debt_consolidation,17.9,0,756,53.6,Fully Paid
13300,36 months,13.48,451.21,C,10+ years,MORTGAGE,55200,Verified,debt_consolidation,11.31,0,706,40.0,Fully Paid
11100,36 months,6.93,342.38,A,6 years,MORTGAGE,52500,Not Verified,debt_consolidation,16.23,1,750,55.0,Fully Paid
11900,36 months,6.08,362.45,A,5 years,RENT,77800,Not Verified,medical,16.24,0,753,60.5,Fully Paid
10600,60 months,11.47,232.96,C,3 years,RENT,137400,Verified,major_purchase,26.42,0,681,66.8,Fully Paid
13900,36 months,16.2,490.06,D,3 years,RENT,51200,Not Verified,debt_consolidation,21.17,0,669,85.1,Fully Paid
11000,36 months,17.2,393.28,D,10+ years,RENT,64300,Not Verified,debt_consolidation,8.04,0,670,61.3,Charged Off
11700,60 months,7.66,235.33,A,1 year,RENT,43500,Verified,debt_consolidation,13.47,2,766,44.9,Fully Paid
8900,60 months,16.36,218.14,E,10+ years,RENT,36200,Verified,debt_consolidation,24.3,0,672,18.8,Charged Off
14400,36 months,7.48,447.8,A,3 years,RENT,132400,Not Verified,debt_consolidation,20.89,1,729,,Fully Paid
11200,36 months,7.95,350.71,A,4 years,MORTGAGE,172000,Source Verified,debt_consolidation,22.45,0,747,35.3,Fully Paid
4200,60 months,13.99,97.7,C,10+ years,RENT,84800,Verified,debt_consolidation,8.44,0,714,33.3,Fully Paid
23700,60 months,17.75,598.61,D,10+ years,MORTGAGE,117300,Not Verified,debt_consolidation,12.66,0,661,22.6,Fully Paid
16500,36 months,15.41,575.3,D,9 years,OWN,62900,Source Verified,debt_consolidation,8.02,0,684,88.0,Fully Paid
26500,36 months,11.41,872.73,B,1 year,MORTGAGE,45200,Source Verified,home_improvement,3.94,0,709,25.9,Fully Paid
14700,36 months,12.93,494.81,C,10+ years,MORTGAGE,45300,Verified,major_purchase,26.6,1,708,23.8,Fully Paid
15800,36 months,5.93,480.17,A,10+ years,RENT,29700,Verified,credit_card,7.06,0,748,38.2,Fully Paid
14500,36 months,20.65,543.69,D,10+ years,RENT,76100,Not Verified,debt_consolidation,3.46,0,673,7.9,Fully Paid
24100,36 months,11.95,799.89,C,1 year,MORTGAGE,65700,Not Verified,debt_consolidation,19.48,0,684,52.6,Fully Paid
16900,36 months,21.24,638.79,E,< 1 year,MORTGAGE,29900,Verified,debt_consolidation,30.85,0,685,68.5,Charged Off
11400,36 months,7.1,352.52,A,< 1 year,MORTGAGE,60600,Source Verified,credit_card,19.8,0,745,19.9,Fully Paid
15300,36 months,19.93,568.06,E,10+ years,MORTGAGE,47100,Verified,credit_card,15.45,1,676,85.1,Fully Paid
27400,60 months,7.74,552.17,A,10+ years,RENT,89700,Not Verified,debt_consolidation,9.95,0,748,55.6,Fully Paid
11300,60 months,10.54,243.11,B,10+ years,RENT,99400,Not Verified,debt_consolidation,27.1,0,709,60.0,Fully Paid
33400,36 months,15.56,1167.0,C,3 years,MORTGAGE,46600,Source Verified,credit_card,28.4,0,677,59.0,Fully Paid
40000,36 months,21.6,1519.35,E,1 year,MORTGAGE,77900,Source Verified,credit_card,11.58,0,668,58.3,Fully Paid
8400,36 months,10.02,271.12,B,10+ years,MORTGAGE,56800,Not Verified,debt_consolidation,16.96,1,709,36.2,Fully Paid
16300,60 months,14.68,385.04,C,6 years,RENT,20500,Not Verified,debt_consolidation,42.83,0,700,74.5,Fully Paid
6600,36 months,10.97,215.98,B,6 years,RENT,100300,Source Verified,credit_card,25.25,0,737,44.9,Fully Paid
4000,60 months,10.6,86.17,B,1 year,MORTGAGE,36100,Verified,credit_card,21.5,0,696,56.0,Fully Paid
12700,36 months,6.41,388.72,A,10+ years,MORTGAGE,47000,Verified,debt_consolidation,13.82,1,751,83.2,Fully Paid
17100,60 months,7.1,339.41,A,5 years,RENT,78200,Not Verified,debt_consolidation,8.08,2,736,45.5,Fully Paid
13900,36 months,6.76,427.67,A,4 years,MORTGAGE,62000,Verified,credit_card,11.15,0,757,62.9,Fully Paid
21200,36 months,13.92,723.74,C,2 years,MORTGAGE,45900,Verified,debt_consolidation,24.75,0,703,22.3,Fully Paid
10300,36 months,8.21,323.76,B,5 years,OWN,62900,Not Verified,major_purchase,3.79,1,727,51.2,Fully Paid
8000,36 months,27.31,327.93,G,10+ years,OWN,194700,Not Verified,debt_consolidation,28.23,0,637,36.2,Fully Paid
13900,60 months,6.25,270.34,A,6 years,MORTGAGE,32900,Not Verified,car,7.38,0,755,27.3,Fully Paid
12800,36 months,17.5,459.55,D,10+ years,OWN,99800,Source Verified,debt_consolidation,16.87,0,676,50.0,Fully Paid
29600,60 months,19.17,770.61,D,4 years,MORTGAGE,119700,Verified,small_business,10.67,1,658,54.2,Fully Paid
11300,36 months,14.94,391.39,D,,OWN,263800,Not Verified,debt_consolidation,6.17,1,700,13.0,Fully Paid
13900,36 months,9.48,445.13,B,4 years,RENT,30100,Not Verified,car,33.6,0,705,70.8,Fully Paid
5600,36 months,9.29,178.84,B,7 years,MORTGAGE,82500,Source Verified,credit_card,21.33,0,718,28.2,Charged Off
19600,36 months,12.4,654.75,C,10+ years,RENT,27100,Verified,other,30.87,0,687,23.9,Fully Paid
14700,36 months,15.09,510.23,D,1 year,OWN,27200,Not Verified,credit_card,8.75,0,668,42.3,Fully Paid
9500,60 months,10.44,203.91,B,3 years,MORTGAGE,91100,Source Verified,credit_card,17.24,0,695,68.1,Fully Paid
22400,36 months,11.76,741.44,B,10+ years,RENT,52500,Not Verified,debt_consolidation,21.29,1,700,34.9,Fully Paid
7500,36 months,14.44,257.94,C,10+ years,OWN,21400,Not Verified,home_improvement,5.94,0,714,33.5,Fully Paid
12200,36 months,19.38,449.55,D,10+ years,RENT,49800,Verified,home_improvement,10.44,0,696,67.1,Fully Paid
22400,36 months,7.77,699.56,A,10+ years,MORTGAGE,44500,Verified,debt_consolidation,12.88,1,757,39.0,Fully Paid
9200,36 months,13.6,312.65,C,10+ years,RENT,103000,Not Verified,credit_card,15.85,2,690,68.3,Fully Paid
9200,60 months,14.31,215.55,C,10+ years,MORTGAGE,130700,Not Verified,credit_card,30.44,0,684,46.8,Fully Paid
6800,60 months,17.34,170.24,D,< 1 year,MORTGAGE,94900,Source Verified,debt_consolidation,14.99,0,682,44.5,Fully Paid
19000,36 months,17.16,678.92,D,4 years,MORTGAGE,38300,Not Verified,credit_card,26.98,0,680,70.1,Charged Off
14200,36 months,6.51,435.28,A,6 years,RENT,61100,Not Verified,debt_consolidation,17.11,2,766,70.0,Fully Paid
14400,60 months,10.78,311.51,B,,RENT,51600,Not Verified,small_business,7.95,1,711,64.4,Fully Paid
14200,60 months,14.86,336.77,C,7 years,RENT,53700,Verified,credit_card,21.53,0,678,37.6,Charged Off
4100,60 months,7.91,82.96,A,10+ years,MORTGAGE,27400,Not Verified,debt_consolidation,26.57,0,740,70.4,Fully Paid
23900,36 months,16.52,846.4,C,6 years,MORTGAGE,57800,Not Verified,debt_consolidation,17.84,2,675,64.4,Fully Paid
7500,36 months,17.27,268.4,E,10+ years,MORTGAGE,175200,Not Verified,debt_consolidation,7.59,0,666,48.1,Charged Off
7900,60 months,10.3,169.02,B,9 years,RENT,75700,Not Verified,credit_card,24.2,0,728,36.0,Fully Paid
5300,36 months,14.62,182.74,C,10+ years,RENT,94600,Verified,debt_consolidation,18.12,0,694,85.8,Fully Paid
12400,60 months,21.26,337.28,E,7 years,MORTGAGE,139800,Source Verified,credit_card,33.31,0,665,82.4,Charged Off
15700,36 months,15.4,547.33,C,2 years,RENT,186400,Verified,debt_consolidation,15.43,0,687,21.0,Fully Paid
15800,36 months,14.27,542.08,C,2 years,MORTGAGE,93300,Not Verified,debt_consolidation,17.74,0,722,28.5,Fully Paid
11700,36 months,9.6,375.33,B,3 years,MORTGAGE,104000,Source Verified,debt_consolidation,11.44,0,722,52.7,Fully Paid
9700,60 months,7.02,192.16,A,10+ years,OWN,83600,Not Verified,debt_consolidation,5.04,0,731,79.4,Fully Paid
10400,36 months,8.17,326.71,A,1 year,MORTGAGE,91400,Verified,debt_consolidation,31.03,0,759,35.8,Fully Paid
21500,36 months,19.8,796.83,E,4 years,MORTGAGE,66500,Source Verified,other,17.68,0,654,19.1,Fully Paid
17800,36 months,13.23,601.73,C,5 years,RENT,118500,Verified,debt_consolidation,13.87,0,690,26.0,Fully Paid
7500,36 months,8.82,237.87,B,10+ years,OWN,108700,Source Verified,debt_consolidation,13.42,0,721,61.8,Fully Paid
9100,36 months,11.91,301.86,B,2 years,MORTGAGE,64900,Not Verified,debt_consolidation,17.44,0,698,53.5,Fully Paid
6500,36 months,12.91,218.73,C,6 years,MORTGAGE,64000,Verified,credit_card,13.16,1,701,10.0,Fully Paid
16800,36 months,9.59,538.86,B,10+ years,RENT,35500,Not Verified,credit_card,14.25,0,733,49.8,Fully Paid
9800,60 months,12.18,218.89,C,5 years,MORTGAGE,84800,Not Verified,debt_consolidation,16.42,0,698,83.7,Fully Paid
7300,36 months,15.13,253.52,C,9 years,RENT,29800,Not Verified,debt_consolidation,10.85,0,679,81.1,Fully Paid
3100,36 months,24.34,122.18,F,2 years,MORTGAGE,226100,Source Verified,medical,10.87,0,655,55.8,Fully Paid
21300,36 months,7.83,665.8,B,10+ years,MORTGAGE,95000,Verified,debt_consolidation,19.55,0,713,53.4,Fully Paid
8800,36 months,9.51,281.93,B,5 years,MORTGAGE,59900,Verified,credit_card,9.15,0,726,69.8,Fully Paid
5400,60 months,6.86,106.57,A,10+ years,RENT,156000,Not Verified,debt_consolidation,28.7,0,730,79.2,Charged Off
19800,36 months,13.83,675.08,C,10+ years,RENT,91800,Verified,credit_card,20.16,0,703,72.1,Fully Paid
8900,36 months,22.16,340.63,F,10+ years,MORTGAGE,49300,Source Verified,credit_card,18.98,1,657,76.3,Charged Off
22800,36 months,12.18,759.25,C,2 years,MORTGAGE,32300,Source Verified,debt_consolidation,22.69,0,690,13.9,Fully Paid
5200,60 months,10.43,111.59,B,5 years,MORTGAGE,39700,Not Verified,debt_consolidation,11.93,0,699,87.4,Fully Paid
5600,36 months,12.2,186.54,C,10+ years,RENT,70400,Verified,debt_consolidation,16.28,0,692,68.9,Fully Paid
3500,36 months,7.21,108.41,A,,RENT,67400,Not Verified,debt_consolidation,35.78,1,750,64.2,Charged Off
9100,60 months,14.23,212.83,C,2 years,MORTGAGE,147400,Verified,debt_consolidation,20.39,0,687,51.6,Charged Off
10500,36 months,13.39,355.76,C,5 years,MORTGAGE,64600,Verified,debt_consolidation,21.86,0,688,42.5,Fully Paid
21900,60 months,12.85,496.61,C,5 years,MORTGAGE,52900,Verified,small_business,23.57,0,711,83.7,Fully Paid
8100,36 months,12.6,271.36,C,3 years,MORTGAGE,32500,Not Verified,car,21.09,1,703,60.3,Charged Off
4200,36 months,11.34,138.18,C,10+ years,MORTGAGE,50000,Verified,credit_card,25.76,0,693,56.1,Charged Off
13700,36 months,6.0,416.78,A,10+ years,RENT,138100,Verified,debt_consolidation,7.71,0,725,29.6,Fully Paid
13700,60 months,15.4,328.81,D,1 year,MORTGAGE,28300,Source Verified,debt_consolidation,7.13,2,680,38.7,Fully Paid
29300,36 months,16.07,1031.11,D,10+ years,MORTGAGE,46900,Verified,debt_consolidation,14.98,0,672,44.3,Fully Paid
10100,60 months,17.65,254.55,D,10+ years,RENT,33700,Source Verified,debt_consolidation,22.97,0,670,60.0,Fully Paid
17200,60 months,7.48,344.49,A,2 years,RENT,62900,Verified,credit_card,45.26,0,747,57.0,Fully Paid
19600,36 months,16.82,697.04,E,10+ years,RENT,29100,Verified,other,19.56,0,663,12.4,Fully Paid
16900,36 months,30.0,717.43,G,10+ years,RENT,85000,Not Verified,debt_consolidation,25.2,0,645,41.6,Charged Off
24900,36 months,11.48,820.87,B,4 years,OWN,57500,Not Verified,debt_consolidation,29.76,0,714,48.8,Fully Paid
4900,36 months,17.0,174.7,D,2 years,MORTGAGE,46400,Not Verified,credit_card,13.11,0,686,70.3,Fully Paid
40000,60 months,11.23,874.29,B,5 years,MORTGAGE,25400,Verified,credit_card,12.04,1,712,56.8,Fully Paid
33300,36 months,9.88,1072.62,B,10+ years,OWN,51300,Verified,debt_consolidation,11.5,1,706,46.4,Fully Paid
23000,36 months,12.44,768.77,C,9 years,RENT,68500,Not Verified,debt_consolidation,18.53,0,696,44.7,Fully Paid
7400,60 months,17.56,186.14,D,10+ years,RENT,67900,Verified,debt_consolidation,19.82,0,672,66.8,Fully Paid
14200,36 months,19.24,522.24,E,7 years,MORTGAGE,51000,Verified,debt_consolidation,31.38,1,667,75.6,Charged Off
13400,36 months,12.55,448.6,C,2 years,MORTGAGE,149400,Not Verified,debt_consolidation,19.45,0,702,59.0,Charged Off
5000,36 months,11.99,166.05,C,10+ years,OWN,242300,Not Verified,debt_consolidation,16.93,0,700,74.4,Fully Paid
13000,36 months,12.63,435.71,B,10+ years,MORTGAGE,126200,Not Verified,debt_consolidation,19.01,0,721,12.4,Fully Paid
9900,36 months,19.67,366.26,E,4 years,RENT,84000,Verified,major_purchase,13.19,0,662,66.4,Fully Paid
18100,36 months,12.25,603.34,B,2 years,OWN,54600,Not Verified,credit_card,30.89,0,703,56.6,Fully Paid
7400,36 months,7.5,230.19,A,1 year,MORTGAGE,52000,Source Verified,credit_card,15.42,0,738,73.3,Fully Paid
40000,60 months,15.72,966.78,D,10+ years,RENT,71500,Source Verified,debt_consolidation,12.15,1,688,62.6,Fully Paid
13400,36 months,16.22,472.56,D,2 years,OWN,17200,Not Verified,credit_card,9.78,1,694,89.4,Fully Paid
19000,36 months,6.48,582.16,A,10+ years,MORTGAGE,130800,Verified,debt_consolidation,21.61,0,734,70.3,Fully Paid
6900,60 months,11.64,152.23,B,,RENT,157700,Not Verified,debt_consolidation,25.33,0,729,80.9,Fully Paid
25100,36 months,11.44,826.98,B,10+ years,MORTGAGE,75800,Not Verified,small_business,29.34,0,746,44.6,Charged Off
11800,36 months,15.58,412.41,D,2 years,RENT,94900,Verified,debt_consolidation,27.87,0,678,74.9,Fully Paid
11900,36 months,12.74,399.47,C,10+ years,MORTGAGE,36000,Not Verified,debt_consolidation,8.07,0,689,74.7,Charged Off
19500,36 months,7.12,603.17,A,10+ years,RENT,85000,Not Verified,debt_consolidation,13.99,0,747,61.3,Fully Paid
8600,36 months,6.7,264.37,A,10+ years,RENT,44800,Verified,credit_card,10.22,0,733,29.0,Fully Paid
13500,36 months,22.32,517.81,E,10+ years,RENT,78300,Source Verified,debt_consolidation,7.67,0,661,51.0,Fully Paid
18500,36 months,8.21,581.52,A,10+ years,RENT,143700,Not Verified,debt_consolidation,11.94,0,739,,Fully Paid
12100,60 months,10.73,261.46,B,< 1 year,MORTGAGE,92300,Verified,debt_consolidation,4.96,1,706,93.8,Fully Paid
16100,60 months,18.54,413.58,D,10+ years,OWN,80500,Not Verified,debt_consolidation,12.84,0,679,84.3,Fully Paid
17400,36 months,12.04,578.26,B,4 years,MORTGAGE,144400,Not Verified,small_business,14.29,0,705,75.9,Fully Paid
8500,36 months,12.06,282.57,B,3 years,MORTGAGE,75600,Not Verified,debt_consolidation,12.64,0,696,59.1,Charged Off
16500,36 months,15.41,575.3,D,6 years,MORTGAGE,34100,Not Verified,debt_consolidation,19.17,0,696,25.5,Fully Paid
8500,60 months,18.9,220.03,D,5 years,MORTGAGE,72500,Verified,credit_card,11.21,0,688,51.0,Charged Off
4000,60 months,16.31,97.93,D,5 years,RENT,56700,Source Verified,debt_consolidation,25.2,0,678,54.2,Charged Off
12900,36 months,11.07,422.76,B,5 years,MORTGAGE,40400,Not Verified,medical,9.02,1,702,41.5,Fully Paid
22800,36 months,17.99,824.16,E,10+ years,RENT,122800,Verified,credit_card,10.27,4,663,49.4,Charged Off
8700,60 months,5.86,167.63,A,,MORTGAGE,74200,Not Verified,credit_card,18.33,0,751,56.5,Fully Paid
8300,60 months,6.02,160.54,A,10+ years,RENT,105400,Not Verified,debt_consolidation,10.09,1,749,58.6,Fully Paid
10000,36 months,13.37,338.72,C,5 years,RENT,55700,Verified,credit_card,22.52,0,710,76.8,Fully Paid
13200,36 months,10.63,429.84,B,2 years,RENT,206700,Not Verified,credit_card,5.68,0,713,35.1,Fully Paid
10400,36 months,15.64,363.79,C,2 years,RENT,43500,Not Verified,small_business,16.3,0,705,55.5,Charged Off
11200,36 months,9.02,356.26,A,10+ years,OWN,112800,Verified,small_business,15.96,0,743,55.9,Fully Paid
10600,60 months,7.97,214.78,A,10+ years,RENT,59900,Not Verified,debt_consolidation,13.64,0,744,92.0,Fully Paid
9700,36 months,15.85,340.31,D,< 1 year,OWN,51100,Verified,debt_consolidation,26.93,0,687,,Fully Paid
5200,36 months,12.53,174.03,B,4 years,MORTGAGE,41600,Verified,debt_consolidation,17.64,0,730,84.2,Fully Paid
10400,36 months,12.48,347.82,C,2 years,MORTGAGE,141200,Not Verified,home_improvement,12.08,0,710,51.8,Fully Paid
6900,36 months,8.69,218.42,B,1 year,OWN,50800,Verified,debt_consolidation,13.15,1,703,50.8,Fully Paid
11400,36 months,6.36,348.67,A,10+ years,OWN,67500,Verified,credit_card,15.96,1,756,64.9,Fully Paid
14100,36 months,7.89,441.13,A,< 1 year,RENT,37000,Verified,debt_consolidation,14.91,1,759,74.4,Fully Paid
15100,36 months,16.87,537.38,D,10+ years,MORTGAGE,34900,Verified,credit_card,7.12,0,709,66.8,Fully Paid
17300,36 months,10.38,561.31,B,2 years,MORTGAGE,52900,Verified,major_purchase,27.4,1,721,19.6,Fully Paid
7500,36 months,20.23,279.61,E,7 years,MORTGAGE,92200,Not Verified,debt_consolidation,27.9,0,662,42.6,Charged Off
5900,36 months,13.4,199.93,C,10+ years,RENT,43900,Verified,debt_consolidation,32.74,0,702,24.1,Charged Off
15500,36 months,23.0,600.0,F,10+ years,MORTGAGE,42500,Verified,medical,10.38,0,623,14.2,Fully Paid
22300,36 months,13.57,757.51,C,10+ years,RENT,124800,Source Verified,medical,44.8,0,679,84.2,Fully Paid
10800,36 months,19.23,397.14,E,2 years,MORTGAGE,38100,Source Verified,debt_consolidation,15.84,1,682,84.6,Charged Off
19200,60 months,21.51,524.95,E,10+ years,MORTGAGE,162200,Source Verified,credit_card,50.0,1,686,49.1,Fully Paid
11600,36 months,17.61,417.1,E,3 years,RENT,73500,Verified,debt_consolidation,22.95,0,656,53.3,Charged Off
11800,60 months,7.93,238.87,A,3 years,RENT,65900,Source Verified,debt_consolidation,14.86,0,749,16.5,Fully Paid
4200,60 months,17.45,105.4,D,10+ years,MORTGAGE,193400,Verified,debt_consolidation,11.86,0,677,43.7,Fully Paid
5200,60 months,13.53,119.73,C,7 years,MORTGAGE,69800,Source Verified,debt_consolidation,17.5,0,711,31.4,Charged Off
10500,60 months,13.69,242.63,C,10+ years,RENT,108300,Verified,debt_consolidation,25.82,0,691,48.1,Charged Off
22400,60 months,19.6,588.49,E,1 year,MORTGAGE,32800,Source Verified,debt_consolidation,7.84,1,674,40.8,Fully Paid
13800,36 months,9.64,442.96,B,< 1 year,RENT,66300,Verified,home_improvement,22.09,1,722,36.5,Fully Paid
7300,60 months,12.85,165.54,C,10+ years,MORTGAGE,109100,Not Verified,debt_consolidation,27.08,0,694,28.1,Charged Off
8000,36 months,7.37,248.37,A,2 years,OWN,79100,Source Verified,other,8.53,0,733,41.3,Fully Paid
6900,60 months,20.39,184.31,E,5 years,MORTGAGE,103800,Not Verified,major_purchase,25.96,0,673,34.3,Fully Paid
11800,36 months,23.26,458.38,E,10+ years,RENT,89200,Not Verified,home_improvement,18.27,1,660,75.9,Fully Paid
23800,60 months,12.32,533.27,B,8 years,RENT,260600,Verified,credit_card,16.29,0,696,80.6,Fully Paid
23200,60 months,12.77,525.14,C,1 year,MORTGAGE,151200,Source Verified,debt_consolidation,13.63,1,664,58.6,Fully Paid
9200,60 months,11.9,204.18,C,10+ years,MORTGAGE,83000,Verified,credit_card,14.12,1,723,35.8,Fully Paid
8700,36 months,12.21,289.84,B,2 years,MORTGAGE,152400,Not Verified,debt_consolidation,15.64,3,699,56.1,Fully Paid
15500,60 months,17.82,392.08,D,8 years,MORTGAGE,40300,Not Verified,credit_card,15.99,0,690,72.7,Fully Paid
9100,36 months,10.03,293.76,B,3 years,RENT,73100,Verified,credit_card,26.26,0,704,75.2,Charged Off
12100,36 months,12.31,403.69,C,10+ years,MORTGAGE,64400,Verified,home_improvement,13.22,0,696,61.1,Fully Paid
16900,36 months,10.48,549.13,B,10+ years,MORTGAGE,60500,Verified,debt_consolidation,17.82,1,705,43.9,Fully Paid
30700,36 months,9.84,988.3,B,5 years,RENT,30900,Not Verified,debt_consolidation,19.83,1,723,67.7,Fully Paid
8700,36 months,5.0,260.75,A,10+ years,RENT,164900,Source Verified,credit_card,17.23,0,758,80.7,Fully Paid
37800,36 months,8.19,1187.83,A,5 years,RENT,45500,Source Verified,debt_consolidation,12.62,1,738,23.8,Fully Paid
28300,36 months,12.09,941.18,C,5 years,MORTGAGE,127100,Source Verified,home_improvement,33.51,0,694,55.9,Fully Paid
16400,36 months,12.78,550.84,B,10+ years,MORTGAGE,35700,Source Verified,debt_consolidation,11.57,0,716,68.9,Fully Paid
9900,36 months,12.39,330.67,B,10+ years,MORTGAGE,76600,Not Verified,debt_consolidation,14.65,0,723,60.5,Charged Off
14200,36 months,9.53,455.07,B,5 years,MORTGAGE,64600,Not Verified,debt_consolidation,8.23,0,706,70.3,Fully Paid
18300,36 months,6.7,562.54,A,10+ years,OWN,176700,Source Verified,credit_card,12.86,1,718,75.0,Fully Paid
23600,36 months,13.53,801.22,C,10+ years,OWN,136400,Not Verified,debt_consolidation,11.49,1,693,85.6,Fully Paid
12700,36 months,18.54,462.58,D,2 years,MORTGAGE,41700,Not Verified,credit_card,19.43,0,686,85.1,Fully Paid
16100,60 months,13.29,368.72,C,9 years,RENT,68000,Source Verified,debt_consolidation,5.27,1,703,15.9,Fully Paid
33300,36 months,8.65,1053.52,B,5 years,MORTGAGE,55900,Not Verified,other,8.52,1,724,82.1,Fully Paid
16000,36 months,18.62,583.43,D,10+ years,OWN,40500,Not Verified,home_improvement,13.2,0,679,62.7,Charged Off
30700,60 months,13.37,704.35,D,5 years,MORTGAGE,17200,Not Verified,debt_consolidation,9.5,2,665,59.6,Fully Paid
11400,60 months,12.83,258.39,D,10+ years,RENT,58100,Source Verified,debt_consolidation,34.23,0,685,59.6,Fully Paid
12600,36 months,9.47,403.44,B,3 years,RENT,65100,Source Verified,debt_consolidation,14.58,0,716,13.6,Fully Paid
9700,36 months,11.12,318.12,B,8 years,OWN,99200,Not Verified,home_improvement,31.98,1,705,48.8,Fully Paid
8100,36 months,13.11,273.35,C,9 years,MORTGAGE,42400,Not Verified,debt_consolidation,4.88,0,724,31.7,Fully Paid
13800,36 months,18.71,503.83,E,3 years,MORTGAGE,50000,Not Verified,small_business,10.11,1,660,45.9,Fully Paid
2400,36 months,17.88,86.62,D,10+ years,MORTGAGE,60700,Verified,debt_consolidation,36.13,0,688,54.9,Fully Paid
13100,36 months,10.12,423.44,B,,MORTGAGE,139300,Source Verified,small_business,10.98,0,705,28.0,Fully Paid
18600,36 months,11.82,616.19,C,10+ years,MORTGAGE,49600,Source Verified,debt_consolidation,15.38,0,690,11.4,Fully Paid
16000,36 months,6.01,486.82,A,10+ years,RENT,51600,Not Verified,debt_consolidation,16.31,1,743,39.8,Fully Paid
7600,36 months,13.78,258.94,C,1 year,MORTGAGE,84000,Not Verified,debt_consolidation,13.87,0,712,47.9,Fully Paid
9900,60 months,18.54,254.31,D,8 years,MORTGAGE,42000,Verified,credit_card,24.96,0,697,26.9,Charged Off
7400,36 months,11.8,245.08,B,1 year,RENT,54700,Not Verified,debt_consolidation,16.31,3,725,71.0,Fully Paid
8400,36 months,12.37,280.49,C,4 years,MORTGAGE,56500,Verified,major_purchase,23.66,1,694,41.5,Fully Paid
7300,36 months,11.57,240.97,B,10+ years,RENT,40300,Not Verified,debt_consolidation,13.27,0,711,60.8,Fully Paid
7900,36 months,9.44,252.84,B,,MORTGAGE,89000,Not Verified,home_improvement,23.15,0,709,34.6,Fully Paid
20600,36 months,11.76,681.86,B,9 years,MORTGAGE,82600,Verified,debt_consolidation,11.67,0,727,91.9,Fully Paid
5500,36 months,18.6,200.5,D,5 years,OWN,23700,Source Verified,credit_card,26.23,0,681,75.7,Fully Paid
16500,36 months,17.5,592.38,E,1 year,RENT,56100,Not Verified,car,8.92,1,657,12.0,Fully Paid
18600,36 months,9.79,598.34,B,2 years,MORTGAGE,61000,Not Verified,credit_card,8.4,0,719,89.6,Fully Paid
7100,60 months,6.41,138.62,A,10+ years,MORTGAGE,32500,Verified,debt_consolidation,13.01,0,735,48.4,Fully Paid
13100,60 months,8.16,266.63,B,4 years,RENT,68800,Source Verified,debt_consolidation,17.47,0,707,39.6,Fully Paid
15400,60 months,6.31,299.95,A,3 years,RENT,14300,Verified,debt_consolidation,22.56,0,733,52.3,Fully Paid
22700,36 months,17.15,811.01,D,10+ years,OWN,69000,Source Verified,debt_consolidation,4.36,1,670,35.5,Fully Paid
4900,36 months,16.19,172.73,D,,MORTGAGE,19700,Source Verified,debt_consolidation,14.37,0,703,73.1,Fully Paid
13600,36 months,14.8,470.12,C,10+ years,MORTGAGE,162800,Source Verified,major_purchase,16.57,0,697,69.8,Fully Paid
14200,60 months,9.73,299.83,B,,MORTGAGE,45500,Source Verified,credit_card,28.53,0,729,24.8,Fully Paid
4200,36 months,13.7,142.93,C,4 years,RENT,32300,Source Verified,small_business,9.82,0,691,42.1,Fully Paid
23700,60 months,11.2,517.66,B,8 years,RENT,99500,Source Verified,home_improvement,5.54,0,731,47.7,Fully Paid
16400,36 months,20.06,609.98,E,10+ years,RENT,88300,Source Verified,debt_consolidation,17.76,0,665,57.2,Fully Paid
13500,60 months,20.51,361.51,E,10+ years,MORTGAGE,30600,Source Verified,car,1.84,0,683,67.7,Charged Off
28700,36 months,7.23,889.19,A,10+ years,MORTGAGE,30600,Source Verified,major_purchase,17.92,1,746,43.9,Fully Paid
7900,36 months,14.57,272.2,C,10+ years,MORTGAGE,20900,Verified,debt_consolidation,20.19,0,722,56.9,Fully Paid
23800,36 months,13.95,812.85,C,1 year,MORTGAGE,67000,Source Verified,debt_consolidation,12.2,1,662,89.9,Fully Paid
14400,60 months,20.47,385.29,E,10+ years,RENT,60200,Not Verified,medical,24.2,0,668,37.6,Fully Paid
9100,36 months,13.12,307.14,D,10+ years,RENT,27600,Not Verified,debt_consolidation,7.0,0,687,68.2,Charged Off
5300,36 months,9.82,170.57,B,6 years,RENT,60600,Verified,medical,21.35,0,703,41.5,Fully Paid
20700,36 months,10.84,676.12,B,2 years,MORTGAGE,82600,Verified,debt_consolidation,13.5,0,715,54.5,Fully Paid
12900,60 months,9.75,272.5,B,2 years,RENT,78900,Not Verified,medical,35.05,0,713,45.6,Fully Paid
27000,60 months,12.88,612.68,C,3 years,MORTGAGE,28900,Verified,debt_consolidation,11.22,0,715,36.6,Fully Paid
16400,36 months,6.5,502.64,A,3 years,MORTGAGE,65500,Not Verified,debt_consolidation,36.57,0,758,45.3,Fully Paid
17900,60 months,6.56,350.74,A,6 years,RENT,22900,Not Verified,credit_card,20.59,0,735,36.5,Fully Paid
6600,60 months,14.59,155.6,D,5 years,RENT,85200,Not Verified,medical,10.01,0,707,59.5,Fully Paid
19400,36 months,10.63,631.74,B,5 years,RENT,67300,Source Verified,debt_consolidation,16.04,0,727,77.5,Fully Paid
19900,60 months,14.51,468.32,C,10+ years,RENT,52500,Not Verified,debt_consolidation,5.63,0,700,89.5,Fully Paid
18100,36 months,14.08,619.32,C,10+ years,RENT,56600,Not Verified,debt_consolidation,6.75,0,688,59.9,Fully Paid
9400,36 months,13.9,320.81,C,10+ years,MORTGAGE,75000,Not Verified,car,13.93,0,694,27.6,Fully Paid
16800,60 months,11.37,368.38,B,9 years,MORTGAGE,53000,Source Verified,credit_card,15.15,1,723,49.0,Fully Paid
8500,60 months,19.34,222.09,D,,RENT,41000,Source Verified,credit_card,5.3,0,684,10.6,Fully Paid
10000,36 months,24.73,396.17,F,< 1 year,RENT,37300,Verified,car,18.62,0,658,47.1,Charged Off
24600,36 months,10.09,794.81,B,2 years,RENT,84400,Verified,other,28.77,1,706,34.7,Fully Paid
8600,36 months,14.98,298.04,C,9 years,RENT,23300,Verified,debt_consolidation,37.25,0,700,48.0,Fully Paid
13400,60 months,11.9,297.4,B,5 years,OWN,30800,Verified,debt_consolidation,7.4,0,705,51.1,Fully Paid
20400,60 months,12.32,457.09,B,4 years,RENT,59300,Source Verified,small_business,30.91,0,707,57.3,Fully Paid
10900,36 months,9.75,350.43,B,10+ years,MORTGAGE,74300,Verified,debt_consolidation,3.72,0,700,11.3,Fully Paid
18800,36 months,7.6,585.66,A,5 years,OWN,43600,Verified,credit_card,10.23,0,752,33.5,Fully Paid
16100,60 months,7.51,322.69,A,10+ years,MORTGAGE,53500,Not Verified,debt_consolidation,16.38,0,745,76.5,Charged Off
13900,60 months,16.01,338.09,C,10+ years,RENT,106200,Source Verified,home_improvement,7.96,0,708,,Fully Paid
9900,36 months,6.15,301.85,A,10+ years,RENT,86500,Source Verified,debt_consolidation,8.87,0,742,10.8,Charged Off
20000,60 months,10.37,428.59,B,10+ years,MORTGAGE,34300,Verified,small_business,29.2,1,704,48.8,Fully Paid
29600,60 months,13.05,674.25,C,2 years,MORTGAGE,64000,Verified,debt_consolidation,9.36,2,703,79.7,Fully Paid
15700,36 months,11.99,521.39,C,1 year,RENT,73900,Verified,small_business,30.85,0,698,53.1,Fully Paid
8600,60 months,12.83,194.93,B,10+ years,RENT,74000,Verified,debt_consolidation,17.0,0,704,38.6,Fully Paid
10300,36 months,6.48,315.59,A,10+ years,MORTGAGE,26500,Not Verified,debt_consolidation,4.31,0,726,38.7,Fully Paid
23500,60 months,10.91,509.89,B,10+ years,RENT,100600,Not Verified,debt_consolidation,24.32,0,724,57.6,Fully Paid
18300,36 months,23.79,715.94,F,10+ years,MORTGAGE,57300,Source Verified,car,13.89,0,672,57.0,Fully Paid
26800,36 months,20.93,1008.73,E,3 years,MORTGAGE,193700,Verified,debt_consolidation,12.81,0,672,19.9,Fully Paid
13100,60 months,13.16,299.14,C,10+ years,MORTGAGE,41500,Not Verified,debt_consolidation,17.89,0,703,53.8,Fully Paid
16400,36 months,10.61,533.89,B,< 1 year,RENT,133700,Source Verified,debt_consolidation,15.83,0,705,54.0,Fully Paid
23900,36 months,28.46,994.54,F,10+ years,MORTGAGE,58400,Source Verified,credit_card,15.51,0,663,38.9,Charged Off
30100,36 months,15.64,1052.88,D,10+ years,MORTGAGE,77900,Source Verified,home_improvement,38.12,0,686,65.2,Fully Paid
16000,60 months,18.95,414.61,E,10+ years,OWN,141700,Source Verified,debt_consolidation,12.93,0,705,25.1,Fully Paid
15700,36 months,12.1,522.21,B,10+ years,MORTGAGE,77900,Not Verified,debt_consolidation,8.6,0,702,90.9,Fully Paid
17200,60 months,11.59,379.05,B,10+ years,RENT,268200,Source Verified,debt_consolidation,17.69,1,710,68.9,Charged Off
28200,36 months,10.51,916.7,B,5 years,MORTGAGE,54400,Verified,debt_consolidation,12.01,1,712,63.8,Fully Paid
12400,36 months,9.7,398.37,B,10+ years,MORTGAGE,74600,Verified,debt_consolidation,30.08,0,719,66.8,Fully Paid
15500,36 months,9.15,493.98,B,1 year,RENT,52900,Source Verified,debt_consolidation,14.8,1,721,42.1,Fully Paid
8100,36 months,6.25,247.34,A,10+ years,RENT,69200,Verified,debt_consolidation,19.49,0,761,6.2,Fully Paid
3700,36 months,9.98,119.35,B,9 years,MORTGAGE,53800,Source Verified,debt_consolidation,21.02,1,701,48.0,Fully Paid
5100,36 months,12.41,170.39,C,< 1 year,MORTGAGE,75700,Verified,major_purchase,12.55,0,697,64.7,Fully Paid
19200,60 months,13.6,442.78,C,7 years,OWN,30400,Verified,debt_consolidation,35.87,1,703,64.9,Charged Off
14900,36 months,9.91,480.15,B,1 year,RENT,33100,Source Verified,car,18.24,0,715,34.1,Fully Paid
6600,36 months,17.36,236.49,E,7 years,MORTGAGE,64400,Not Verified,credit_card,34.42,0,655,63.7,Fully Paid
11500,36 months,13.04,387.7,C,4 years,MORTGAGE,42800,Verified,debt_consolidation,12.28,0,681,64.9,Fully Paid
8700,60 months,7.55,174.54,A,10+ years,RENT,51800,Source Verified,debt_consolidation,2.03,1,745,18.5,Fully Paid
18900,60 months,14.41,443.8,C,2 years,MORTGAGE,109000,Not Verified,debt_consolidation,31.21,0,693,17.5,Fully Paid
11300,36 months,12.27,376.78,B,7 years,RENT,64300,Source Verified,debt_consolidation,9.7,0,719,63.7,Fully Paid
6300,36 months,17.08,224.86,D,10+ years,MORTGAGE,31200,Not Verified,debt_consolidation,27.62,0,679,62.5,Charged Off
8900,36 months,11.71,294.38,B,2 years,RENT,69600,Source Verified,debt_consolidation,23.59,1,726,54.4,Charged Off
11700,36 months,7.81,365.61,A,5 years,RENT,43300,Source Verified,debt_consolidation,7.6,0,740,19.6,Fully Paid
14000,36 months,11.14,459.27,B,10+ years,RENT,35600,Source Verified,home_improvement,22.62,0,709,35.0,Fully Paid
22300,36 months,13.0,751.38,C,10+ years,MORTGAGE,51100,Source Verified,debt_consolidation,19.17,0,707,37.3,Fully Paid
17300,36 months,10.44,561.8,B,2 years,MORTGAGE,42500,Not Verified,home_improvement,26.34,0,705,35.3,Fully Paid
32700,36 months,9.06,1040.76,B,10+ years,MORTGAGE,102600,Not Verified,medical,13.89,0,729,80.7,Fully Paid
25700,36 months,7.04,794.01,A,2 years,MORTGAGE,31300,Source Verified,credit_card,34.08,1,738,30.2,Fully Paid
16400,36 months,9.91,528.49,B,2 years,RENT,174300,Not Verified,debt_consolidation,13.07,0,717,49.5,Fully Paid
14400,36 months,12.27,480.15,C,6 years,RENT,77900,Source Verified,debt_consolidation,5.62,0,705,20.8,Fully Paid
7800,36 months,13.81,265.87,C,10+ years,MORTGAGE,108600,Verified,debt_consolidation,9.49,0,695,71.6,Fully Paid
7900,36 months,11.13,259.12,B,10+ years,RENT,64600,Verified,debt_consolidation,25.14,0,718,30.0,Fully Paid
23300,36 months,12.18,775.9,C,1 year,RENT,64600,Source Verified,debt_consolidation,27.36,0,705,74.0,Charged Off
6600,36 months,10.56,214.7,B,,MORTGAGE,69200,Not Verified,major_purchase,25.76,1,717,8.6,Fully Paid
13400,60 months,11.71,296.12,C,10+ years,MORTGAGE,90000,Verified,car,21.01,0,694,19.7,Fully Paid
5900,36 months,11.11,193.47,C,5 years,RENT,35900,Source Verified,credit_card,3.5,1,705,40.8,Fully Paid
23700,60 months,11.41,520.15,B,,OWN,105200,Source Verified,debt_consolidation,39.89,0,739,64.8,Charged Off
7800,60 months,15.5,187.61,D,8 years,MORTGAGE,142200,Verified,credit_card,17.64,0,688,31.1,Fully Paid
18400,36 months,12.44,615.02,C,2 years,RENT,79300,Not Verified,debt_consolidation,30.68,1,700,62.3,Fully Paid
19300,60 months,10.57,415.5,B,10+ years,MORTGAGE,57300,Verified,debt_consolidation,8.76,0,715,40.7,Fully Paid
25600,60 months,16.16,624.72,D,8 years,MORTGAGE,71600,Not Verified,credit_card,12.19,0,674,61.6,Fully Paid
6900,60 months,5.87,132.98,A,2 years,MORTGAGE,40400,Not Verified,debt_consolidation,22.09,0,760,8.3,Fully Paid
30300,60 months,8.15,616.55,B,10+ years,MORTGAGE,22500,Source Verified,credit_card,19.77,0,700,62.3,Fully Paid
16000,36 months,16.12,563.46,D,10+ years,RENT,98900,Source Verified,small_business,14.13,0,682,80.5,Fully Paid
5200,36 months,14.18,178.18,C,4 years,MORTGAGE,52800,Verified,debt_consolidation,33.91,0,697,47.4,Charged Off
10200,36 months,9.36,326.07,B,1 year,MORTGAGE,91300,Source Verified,debt_consolidation,5.81,0,733,70.5,Fully Paid
8000,36 months,15.68,279.99,D,5 years,OWN,59500,Verified,debt_consolidation,19.83,1,689,20.9,Fully Paid
17300,36 months,22.44,664.64,F,8 years,OWN,51200,Verified,home_improvement,28.75,0,646,78.8,Charged Off
11400,60 months,27.5,351.52,G,6 years,MORTGAGE,71600,Not Verified,debt_consolidation,16.63,1,655,42.4,Fully Paid
14000,60 months,11.98,311.28,C,4 years,MORTGAGE,17900,Source Verified,debt_consolidation,10.67,1,684,41.6,Charged Off
13000,60 months,12.37,291.61,C,10+ years,RENT,205600,Verified,debt_consolidation,20.74,0,696,40.9,Fully Paid
7800,36 months,13.56,264.92,C,2 years,RENT,38600,Source Verified,debt_consolidation,27.02,0,693,82.6,Charged Off
12400,60 months,12.57,279.42,B,7 years,MORTGAGE,44400,Source Verified,debt_consolidation,20.82,1,705,36.2,Charged Off
13400,36 months,9.11,426.8,B,10+ years,MORTGAGE,115400,Not Verified,small_business,18.44,0,709,88.5,Charged Off
17000,36 months,10.76,554.63,C,10+ years,MORTGAGE,64000,Source Verified,debt_consolidation,46.52,0,703,55.2,Charged Off
18900,36 months,10.87,617.6,B,10+ years,MORTGAGE,55700,Verified,debt_consolidation,11.25,0,719,70.4,Fully Paid
11400,60 months,10.51,245.09,B,10+ years,RENT,35900,Verified,debt_consolidation,19.09,0,724,65.0,Fully Paid
9100,60 months,10.82,197.04,C,1 year,RENT,48000,Not Verified,debt_consolidation,9.56,1,688,66.0,Fully Paid
7500,36 months,18.83,274.28,E,10+ years,MORTGAGE,162300,Not Verified,debt_consolidation,36.09,0,679,59.3,Fully Paid
14100,36 months,11.66,466.04,B,7 years,OWN,28900,Verified,credit_card,29.02,0,713,81.4,Fully Paid
7300,36 months,9.06,232.34,B,9 years,MORTGAGE,148800,Not Verified,debt_consolidation,15.37,0,732,32.9,Fully Paid
13300,36 months,25.15,529.86,F,10+ years,RENT,96100,Verified,debt_consolidation,18.57,0,655,61.6,Fully Paid
13100,36 months,15.05,454.44,D,1 year,MORTGAGE,90600,Source Verified,major_purchase,28.86,0,685,63.0,Charged Off
10700,36 months,12.47,357.8,B,10+ years,OWN,67200,Not Verified,debt_consolidation,7.66,1,702,66.1,Fully Paid
13500,36 months,10.52,438.91,B,5 years,MORTGAGE,50700,Verified,major_purchase,10.74,1,717,76.4,Fully Paid
21500,36 months,14.43,739.32,C,< 1 year,RENT,41200,Not Verified,credit_card,9.38,0,717,21.0,Fully Paid
10800,60 months,11.01,234.87,B,10+ years,MORTGAGE,32700,Not Verified,credit_card,20.85,1,692,62.9,Charged Off
18000,36 months,10.52,585.21,B,9 years,RENT,167400,Not Verified,debt_consolidation,13.77,0,706,41.9,Fully Paid
16800,36 months,8.54,530.65,A,3 years,RENT,51500,Source Verified,debt_consolidation,12.79,0,746,15.3,Fully Paid
16800,36 months,7.32,521.2,A,6 years,RENT,24500,Not Verified,debt_consolidation,9.92,1,755,16.0,Fully Paid
15500,36 months,9.61,497.31,B,10+ years,RENT,35100,Verified,debt_consolidation,20.46,0,717,81.6,Fully Paid
10900,60 months,10.87,236.29,B,10+ years,RENT,61000,Not Verified,credit_card,15.8,0,713,,Fully Paid
10800,60 months,14.48,253.99,D,10+ years,RENT,53600,Not Verified,debt_consolidation,13.85,0,683,61.2,Charged Off
7700,36 months,15.44,268.59,D,< 1 year,OWN,34900,Verified,debt_consolidation,14.13,0,678,45.0,Charged Off
7200,60 months,11.08,156.83,B,6 years,MORTGAGE,129600,Verified,debt_consolidation,20.51,0,710,54.7,Fully Paid
24500,36 months,7.3,759.85,A,10+ years,RENT,88900,Not Verified,debt_consolidation,14.86,0,756,53.8,Fully Paid
40000,36 months,11.01,1309.74,B,5 years,RENT,33500,Not Verified,debt_consolidation,3.1,0,702,47.8,Fully Paid
16200,60 months,16.09,394.73,D,< 1 year,RENT,188400,Not Verified,debt_consolidation,24.0,0,670,59.7,Charged Off
8600,36 months,12.97,289.64,B,10+ years,RENT,31000,Source Verified,debt_consolidation,18.69,0,721,16.9,Fully Paid
22400,36 months,16.27,790.51,D,,RENT,25000,Verified,debt_consolidation,10.19,0,681,82.6,Fully Paid
14200,36 months,11.18,466.1,B,10+ years,MORTGAGE,53500,Source Verified,credit_card,20.28,0,734,66.6,Fully Paid
7100,60 months,5.26,134.83,A,4 years,RENT,19800,Source Verified,debt_consolidation,15.3,0,747,38.3,Charged Off
8000,36 months,9.86,257.61,B,8 years,MORTGAGE,34100,Source Verified,debt_consolidation,10.14,0,707,14.8,Fully Paid
7500,36 months,7.99,234.99,A,10+ years,RENT,79900,Verified,other,8.19,0,746,,Fully Paid
9700,60 months,15.19,231.73,D,,MORTGAGE,63100,Source Verified,credit_card,11.51,0,675,30.9,Fully Paid
13700,60 months,12.02,304.89,C,10+ years,MORTGAGE,148900,Not Verified,debt_consolidation,35.47,2,697,65.2,Charged Off
34900,36 months,19.81,1293.63,E,9 years,MORTGAGE,110300,Source Verified,credit_card,21.63,0,691,44.6,Charged Off
12700,36 months,13.96,433.81,C,2 years,RENT,36700,Source Verified,debt_consolidation,20.52,0,704,46.2,Fully Paid
16300,36 months,15.48,568.88,D,10+ years,MORTGAGE,55700,Verified,debt_consolidation,15.47,4,682,62.6,Fully Paid
25300,36 months,11.69,836.58,C,,RENT,56900,Not Verified,other,13.86,0,694,56.6,Fully Paid
11900,60 months,13.57,274.25,D,10+ years,MORTGAGE,104500,Source Verified,debt_consolidation,21.8,0,667,40.6,Fully Paid
7800,36 months,17.02,278.17,E,3 years,RENT,18200,Source Verified,home_improvement,5.86,1,693,65.3,Fully Paid
8900,36 months,10.9,290.95,B,3 years,MORTGAGE,103900,Verified,debt_consolidation,15.13,0,710,11.9,Fully Paid
9000,36 months,9.78,289.48,B,7 years,MORTGAGE,202600,Verified,credit_card,41.35,0,705,47.1,Fully Paid
10500,36 months,6.56,322.1,A,9 years,MORTGAGE,25100,Not Verified,credit_card,22.0,0,767,,Fully Paid
30400,36 months,7.84,950.38,A,8 years,MORTGAGE,44400,Verified,debt_consolidation,13.51,1,758,49.3,Fully Paid
3900,60 months,10.23,83.31,B,2 years,RENT,33100,Source Verified,debt_consolidation,18.39,1,709,16.8,Fully Paid
7900,36 months,16.76,280.71,D,6 years,OWN,79500,Source Verified,debt_consolidation,11.2,0,677,72.4,Charged Off
18500,36 months,15.89,649.4,D,9 years,OTHER,55000,Source Verified,debt_consolidation,20.43,0,689,40.9,Fully Paid
28600,36 months,15.63,1000.27,D,10+ years,RENT,92200,Not Verified,debt_consolidation,9.78,0,675,42.6,Charged Off
12900,60 months,13.89,299.43,C,8 years,RENT,45500,Not Verified,other,33.66,0,698,40.4,Fully Paid
5900,36 months,10.25,191.07,C,10+ years,MORTGAGE,193500,Not Verified,debt_consolidation,19.52,0,719,73.2,Fully Paid
16700,60 months,6.51,326.83,A,5 years,MORTGAGE,132300,Not Verified,debt_consolidation,29.12,1,740,17.6,Fully Paid
15700,36 months,10.23,508.29,B,10+ years,RENT,56300,Source Verified,debt_consolidation,10.24,1,715,56.6,Fully Paid
11600,36 months,18.04,419.6,D,10+ years,MORTGAGE,33900,Source Verified,major_purchase,17.89,0,692,93.8,Charged Off
24500,36 months,9.16,780.92,B,,RENT,181200,Source Verified,debt_consolidation,18.81,1,705,45.5,Fully Paid
16100,36 months,6.54,493.74,A,6 years,MORTGAGE,67200,Verified,credit_card,15.38,0,752,45.1,Fully Paid
12300,36 months,13.66,418.36,C,2 years,RENT,54300,Source Verified,car,14.03,1,696,73.5,Fully Paid
6500,60 months,14.96,154.5,C,6 years,MORTGAGE,32300,Source Verified,credit_card,17.09,0,689,88.7,Charged Off
6000,36 months,18.84,219.45,D,8 years,MORTGAGE,81400,Not Verified,credit_card,12.98,0,680,20.4,Fully Paid
11700,36 months,11.62,386.49,C,,MORTGAGE,119300,Source Verified,home_improvement,6.77,0,705,73.7,Fully Paid
33400,36 months,15.77,1170.46,E,8 years,RENT,50000,Source Verified,debt_consolidation,6.37,0,681,25.0,Charged Off
24300,60 months,20.01,643.94,E,5 years,RENT,128800,Not Verified,debt_consolidation,20.22,0,674,56.1,Charged Off
11700,36 months,18.01,423.04,D,1 year,MORTGAGE,25500,Verified,credit_card,12.9,0,670,57.0,Fully Paid
3500,36 months,9.84,112.67,B,4 years,MORTGAGE,59600,Source Verified,other,10.39,0,713,52.1,Fully Paid
14500,36 months,11.89,480.85,C,10+ years,OTHER,25500,Verified,credit_card,31.0,0,716,39.1,Charged Off
7500,60 months,9.02,155.76,A,3 years,MORTGAGE,185500,Source Verified,credit_card,19.82,0,738,22.0,Fully Paid
13100,36 months,17.44,469.92,D,10+ years,OWN,45600,Not Verified,home_improvement,6.86,1,673,29.9,Fully Paid
9800,36 months,11.89,324.99,C,10+ years,MORTGAGE,63600,Verified,debt_consolidation,11.25,0,705,89.7,Fully Paid
18300,60 months,9.25,382.1,B,2 years,MORTGAGE,48800,Source Verified,credit_card,9.97,1,725,59.9,Fully Paid
17200,60 months,15.16,410.63,D,,MORTGAGE,121800,Source Verified,debt_consolidation,17.53,0,676,36.7,Charged Off
8400,36 months,14.46,288.97,D,10+ years,MORTGAGE,99800,Verified,debt_consolidation,18.77,0,689,51.3,Fully Paid
11200,36 months,6.93,345.47,A,10+ years,MORTGAGE,111900,Not Verified,car,8.52,0,742,54.8,Fully Paid
3400,36 months,11.64,112.34,C,10+ years,MORTGAGE,57300,Not Verified,car,18.36,0,691,46.5,Fully Paid
8200,36 months,10.0,264.59,B,10+ years,MORTGAGE,55700,Not Verified,credit_card,23.29,1,722,56.8,Fully Paid
13000,36 months,5.8,394.31,A,5 years,RENT,329600,Verified,debt_consolidation,10.28,1,745,81.9,Fully Paid
26300,36 months,5.74,797.0,A,10+ years,MORTGAGE,129200,Source Verified,debt_consolidation,25.37,1,753,28.5,Fully Paid
10000,36 months,7.77,312.3,A,10+ years,MORTGAGE,104800,Source Verified,debt_consolidation,17.79,1,746,77.3,Fully Paid
10800,36 months,5.76,327.38,A,8 years,RENT,64500,Source Verified,debt_consolidation,20.85,0,764,43.2,Fully Paid
12200,36 months,6.88,376.03,A,10+ years,MORTGAGE,34200,Not Verified,debt_consolidation,26.38,0,736,67.3,Charged Off
16700,36 months,15.72,584.82,D,10+ years,MORTGAGE,226900,Not Verified,debt_consolidation,15.31,1,685,67.7,Fully Paid
8400,36 months,22.23,321.8,F,10+ years,RENT,32800,Source Verified,credit_card,31.73,0,641,40.3,Charged Off
10800,36 months,11.43,355.78,C,10+ years,RENT,59800,Not Verified,debt_consolidation,26.31,0,696,64.2,Fully Paid
16700,60 months,7.61,335.51,A,10+ years,MORTGAGE,116100,Not Verified,debt_consolidation,6.12,0,751,77.4,Fully Paid
9200,36 months,11.29,302.46,B,2 years,RENT,26000,Source Verified,credit_card,23.81,0,716,51.2,Fully Paid
4500,36 months,16.06,158.34,D,10+ years,MORTGAGE,44000,Source Verified,debt_consolidation,8.72,0,670,20.0,Fully Paid
12500,36 months,6.92,385.51,A,10+ years,OWN,50500,Not Verified,debt_consolidation,17.91,2,732,57.5,Charged Off
14400,36 months,14.72,497.21,D,8 years,RENT,88900,Not Verified,credit_card,24.47,0,680,50.5,Fully Paid
7400,36 months,7.12,228.9,A,7 years,MORTGAGE,76300,Source Verified,debt_consolidation,14.26,0,727,66.0,Fully Paid
6200,60 months,18.04,157.57,E,6 years,RENT,56500,Source Verified,debt_consolidation,12.48,1,682,60.7,Charged Off
6200,36 months,8.99,197.13,B,4 years,RENT,29100,Not Verified,credit_card,20.24,1,691,7.0,Fully Paid
20200,36 months,9.72,649.14,B,3 years,RENT,106100,Source Verified,major_purchase,23.22,0,716,64.3,Fully Paid
11300,60 months,8.97,234.4,B,10+ years,MORTGAGE,99800,Not Verified,debt_consolidation,8.93,0,730,51.1,Fully Paid
20200,36 months,9.89,650.75,B,10+ years,MORTGAGE,102900,Not Verified,debt_consolidation,30.94,0,722,36.9,Fully Paid
8700,36 months,11.64,287.47,B,10+ years,RENT,62700,Verified,debt_consolidation,20.5,0,723,89.3,Fully Paid
10600,60 months,13.22,242.38,C,10+ years,MORTGAGE,36600,Source Verified,debt_consolidation,11.58,0,727,21.8,Fully Paid
9700,36 months,25.16,386.49,F,8 years,MORTGAGE,63000,Verified,debt_consolidation,12.4,1,653,57.0,Fully Paid
11000,36 months,7.02,339.75,A,10+ years,MORTGAGE,146200,Not Verified,debt_consolidation,6.97,1,756,49.5,Fully Paid
28200,36 months,16.7,1001.2,D,10+ years,MORTGAGE,79100,Source Verified,credit_card,18.4,0,691,50.9,Fully Paid
8700,36 months,16.49,307.98,D,2 years,MORTGAGE,43000,Not Verified,other,21.44,0,661,66.3,Fully Paid
5000,36 months,12.18,166.5,C,10+ years,RENT,63800,Verified,major_purchase,34.39,1,700,40.7,Charged Off
16100,36 months,14.45,553.79,D,2 years,RENT,214000,Source Verified,debt_consolidation,15.42,0,688,39.2,Fully Paid
7500,36 months,13.27,253.68,C,10+ years,RENT,57700,Not Verified,debt_consolidation,19.29,0,696,60.7,Charged Off
11200,60 months,9.33,234.29,A,5 years,MORTGAGE,63300,Not Verified,car,11.78,1,741,25.6,Fully Paid
14700,60 months,9.86,311.32,B,5 years,RENT,21000,Not Verified,debt_consolidation,7.95,1,710,64.7,Fully Paid
9600,60 months,9.88,203.41,B,2 years,RENT,41900,Source Verified,credit_card,31.83,1,692,45.8,Fully Paid
11400,36 months,12.13,379.35,C,10+ years,MORTGAGE,60500,Not Verified,debt_consolidation,31.27,0,710,85.4,Fully Paid
24600,36 months,8.1,772.01,A,3 years,MORTGAGE,49400,Source Verified,debt_consolidation,19.87,1,744,65.2,Fully Paid
6100,36 months,16.56,216.15,E,3 years,RENT,107400,Not Verified,other,20.92,0,663,51.4,Charged Off
13900,60 months,10.41,298.15,B,7 years,MORTGAGE,98500,Verified,credit_card,22.31,1,732,56.1,Fully Paid
8300,36 months,16.81,295.13,D,2 years,MORTGAGE,37000,Not Verified,debt_consolidation,28.79,0,697,30.3,Fully Paid
11800,36 months,6.44,361.34,A,2 years,OWN,150900,Not Verified,credit_card,29.39,1,721,4.8,Fully Paid
7400,36 months,10.71,241.25,B,10+ years,MORTGAGE,106100,Verified,debt_consolidation,6.73,0,700,58.7,Fully Paid
13700,36 months,18.72,500.25,E,10+ years,OWN,40700,Verified,debt_consolidation,18.36,0,673,41.3,Fully Paid
9500,36 months,6.35,290.52,A,2 years,MORTGAGE,99000,Not Verified,major_purchase,13.9,0,761,82.8,Fully Paid
15300,36 months,17.91,552.44,D,2 years,MORTGAGE,188700,Not Verified,debt_consolidation,23.73,0,687,68.3,Fully Paid
22000,36 months,7.34,682.72,A,10+ years,RENT,102700,Source Verified,other,11.0,2,760,36.6,Fully Paid
16200,36 months,9.83,521.44,B,10+ years,OWN,36400,Verified,debt_consolidation,17.08,0,694,46.8,Fully Paid
7400,60 months,6.86,146.04,A,9 years,MORTGAGE,37500,Not Verified,debt_consolidation,19.12,0,754,64.0,Fully Paid
26000,36 months,10.17,841.02,B,4 years,RENT,48800,Verified,debt_consolidation,26.78,1,728,87.4,Fully Paid
16100,60 months,11.38,353.11,B,,RENT,155300,Verified,debt_consolidation,17.56,1,722,50.9,Fully Paid
25200,36 months,11.0,825.02,C,6 years,OWN,67600,Verified,debt_consolidation,14.47,0,672,25.1,Fully Paid
8100,36 months,14.75,279.8,C,1 year,MORTGAGE,27100,Not Verified,debt_consolidation,10.7,0,708,20.7,Fully Paid
13900,36 months,12.41,464.41,C,7 years,RENT,89200,Source Verified,medical,33.78,0,711,21.7,Fully Paid
19500,36 months,19.08,715.58,E,10+ years,OWN,22100,Verified,debt_consolidation,36.9,0,667,81.7,Fully Paid
13500,36 months,6.43,413.33,A,2 years,RENT,57500,Not Verified,other,9.76,0,752,50.7,Fully Paid
20700,60 months,6.57,405.7,A,2 years,RENT,45500,Source Verified,debt_consolidation,24.58,0,739,46.6,Fully Paid
4500,36 months,6.73,138.39,A,10+ years,RENT,101200,Verified,debt_consolidation,12.33,1,756,49.8,Fully Paid
7900,36 months,7.49,245.7,A,5 years,OWN,155500,Not Verified,credit_card,23.08,0,738,30.3,Fully Paid
8700,36 months,10.54,282.94,B,10+ years,MORTGAGE,80700,Verified,credit_card,29.16,0,680,52.0,Fully Paid
17100,36 months,7.81,534.35,A,< 1 year,OWN,89700,Source Verified,debt_consolidation,11.18,0,753,54.8,Fully Paid
11200,36 months,15.71,392.16,C,8 years,RENT,60500,Verified,credit_card,15.38,0,701,56.3,Fully Paid
10900,36 months,10.36,353.56,B,< 1 year,MORTGAGE,73500,Not Verified,home_improvement,26.29,0,694,6.6,Fully Paid
7300,36 months,14.61,251.66,D,10+ years,RENT,45300,Verified,credit_card,22.62,0,688,50.3,Charged Off
8200,36 months,14.0,280.26,C,10+ years,MORTGAGE,73100,Not Verified,debt_consolidation,10.23,0,692,45.6,Fully Paid
3900,36 months,18.75,142.47,D,10+ years,MORTGAGE,46600,Not Verified,debt_consolidation,30.73,0,676,76.8,Charged Off
7800,36 months,20.7,292.67,D,6 years,RENT,126800,Verified,debt_consolidation,12.24,0,684,64.2,Charged Off
9100,36 months,6.8,280.15,A,6 years,RENT,91400,Not Verified,debt_consolidation,12.24,1,753,73.8,Fully Paid
15300,36 months,15.79,536.32,D,3 years,MORTGAGE,24000,Source Verified,debt_consolidation,14.08,1,675,63.9,Charged Off
10700,36 months,12.72,359.08,B,3 years,MORTGAGE,43800,Verified,credit_card,27.96,0,703,60.6,Charged Off
6700,36 months,7.32,207.86,A,10+ years,MORTGAGE,35100,Not Verified,debt_consolidation,25.24,0,743,62.2,Charged Off
13100,36 months,11.61,432.67,C,7 years,MORTGAGE,25500,Source Verified,other,10.96,0,708,32.4,Fully Paid
27600,60 months,18.22,704.17,D,10+ years,RENT,50200,Not Verified,debt_consolidation,22.04,0,684,77.0,Charged Off
15400,36 months,11.03,504.4,B,2 years,MORTGAGE,54000,Not Verified,debt_consolidation,25.78,0,747,76.3,Fully Paid
9500,36 months,10.48,308.68,B,10+ years,MORTGAGE,83500,Source Verified,debt_consolidation,30.8,0,707,46.0,Charged Off
10200,36 months,10.16,329.89,B,10+ years,OTHER,191700,Source Verified,credit_card,21.91,0,722,53.1,Fully Paid
13100,36 months,6.99,404.43,A,,OTHER,29200,Not Verified,debt_consolidation,23.49,0,754,40.2,Fully Paid
5300,36 months,14.86,183.36,D,5 years,RENT,62100,Source Verified,credit_card,22.44,0,674,41.2,Fully Paid
14000,36 months,21.81,533.29,E,10+ years,RENT,158500,Not Verified,debt_consolidation,20.04,1,668,32.4,Charged Off
8500,60 months,10.08,180.93,B,10+ years,RENT,65400,Source Verified,debt_consolidation,12.79,0,723,46.0,Fully Paid
17400,36 months,10.01,561.53,B,3 years,MORTGAGE,114000,Verified,debt_consolidation,25.23,0,718,60.1,Fully Paid
6100,36 months,12.67,204.56,B,10+ years,MORTGAGE,79500,Source Verified,credit_card,10.99,1,725,55.0,Fully Paid
9000,36 months,6.54,276.0,A,2 years,RENT,103000,Not Verified,debt_consolidation,12.93,0,752,57.2,Fully Paid
13000,60 months,15.51,312.76,C,9 years,MORTGAGE,36500,Verified,debt_consolidation,18.06,0,699,85.9,Fully Paid
10300,36 months,9.99,332.3,B,2 years,RENT,35100,Not Verified,credit_card,14.02,0,716,43.4,Fully Paid
6700,36 months,10.71,218.43,B,5 years,MORTGAGE,117000,Not Verified,debt_consolidation,7.19,1,695,68.8,Fully Paid
27300,36 months,14.9,945.03,C,10+ years,RENT,103600,Source Verified,debt_consolidation,13.63,0,710,42.2,Fully Paid
9500,36 months,15.84,333.24,D,2 years,OTHER,94700,Not Verified,debt_consolidation,17.26,0,680,82.2,Fully Paid
11000,36 months,9.21,350.87,B,10+ years,MORTGAGE,119200,Source Verified,car,21.53,0,715,40.4,Charged Off
4700,60 months,10.39,100.77,B,10+ years,MORTGAGE,73400,Verified,major_purchase,17.16,1,709,71.8,Charged Off
11500,36 months,13.63,390.98,C,2 years,OWN,30700,Verified,credit_card,24.15,0,709,57.5,Fully Paid
14200,60 months,15.74,343.36,C,4 years,MORTGAGE,115200,Verified,debt_consolidation,29.85,0,710,66.5,Fully Paid
8900,36 months,10.13,287.72,B,1 year,MORTGAGE,89500,Source Verified,home_improvement,25.33,1,711,21.2,Charged Off
16000,36 months,13.89,545.99,C,3 years,RENT,19300,Source Verified,credit_card,28.23,1,697,50.1,Fully Paid
7300,36 months,11.25,239.86,B,10+ years,RENT,38700,Source Verified,credit_card,12.39,0,705,42.9,Fully Paid
5100,60 months,7.48,102.15,A,1 year,RENT,109900,Verified,debt_consolidation,18.68,0,752,14.9,Fully Paid
14300,36 months,19.03,524.4,D,1 year,OWN,39700,Source Verified,debt_consolidation,31.74,1,684,86.3,Charged Off
15600,36 months,11.96,517.85,B,8 years,MORTGAGE,126000,Not Verified,debt_consolidation,25.08,1,711,39.3,Fully Paid
11200,36 months,11.72,370.5,B,1 year,RENT,169100,Not Verified,debt_consolidation,15.58,0,703,74.1,Charged Off
26400,36 months,14.5,908.71,D,10+ years,MORTGAGE,91600,Source Verified,debt_consolidation,6.33,0,680,31.8,Fully Paid
6800,36 months,14.52,234.13,D,4 years,RENT,52500,Verified,debt_consolidation,18.59,1,689,74.2,Fully Paid
20000,36 months,19.14,734.54,E,2 years,MORTGAGE,107500,Verified,credit_card,11.05,1,668,50.1,Fully Paid
13800,36 months,7.44,428.89,A,10+ years,OWN,70700,Not Verified,credit_card,17.88,0,727,24.1,Fully Paid
22100,60 months,5.86,425.82,A,10+ years,MORTGAGE,95300,Verified,debt_consolidation,22.28,0,765,72.4,Fully Paid
8400,36 months,7.58,261.6,A,10+ years,MORTGAGE,232300,Verified,debt_consolidation,9.5,0,730,59.7,Fully Paid
18300,36 months,10.75,596.95,B,4 years,MORTGAGE,57300,Source Verified,medical,7.79,0,707,56.7,Fully Paid
10200,36 months,22.42,391.76,E,10+ years,RENT,41400,Source Verified,debt_consolidation,29.59,3,670,37.2,Fully Paid
9400,36 months,14.61,324.06,C,1 year,MORTGAGE,15700,Source Verified,credit_card,13.91,2,684,64.4,Fully Paid
12800,36 months,10.04,413.26,B,6 years,RENT,24600,Source Verified,major_purchase,18.54,0,728,73.5,Fully Paid
2700,36 months,12.52,90.35,C,3 years,RENT,149000,Not Verified,debt_consolidation,10.0,0,701,62.2,Fully Paid
13100,36 months,6.95,404.19,A,3 years,OWN,181500,Verified,major_purchase,13.25,0,757,6.4,Fully Paid
7700,36 months,9.61,247.05,B,,RENT,60400,Verified,debt_consolidation,14.15,0,721,30.6,Fully Paid
14800,36 months,9.76,475.89,B,5 years,MORTGAGE,28000,Verified,debt_consolidation,15.61,1,720,31.0,Fully Paid
16100,36 months,14.03,550.49,C,5 years,MORTGAGE,76300,Not Verified,debt_consolidation,13.99,0,683,48.3,Fully Paid
8900,36 months,20.26,331.94,E,6 years,OWN,55800,Verified,debt_consolidation,21.94,0,665,41.0,Fully Paid
10300,36 months,22.52,396.14,E,5 years,RENT,50100,Verified,debt_consolidation,19.04,0,670,52.3,Charged Off
9200,36 months,11.28,302.42,B,10+ years,RENT,39600,Not Verified,debt_consolidation,7.4,0,729,82.5,Fully Paid
8500,36 months,12.8,285.58,C,< 1 year,MORTGAGE,53200,Not Verified,credit_card,10.73,1,708,41.6,Fully Paid
6800,36 months,12.04,225.99,C,9 years,MORTGAGE,53700,Source Verified,debt_consolidation,17.62,1,699,49.2,Fully Paid
9000,36 months,11.36,296.19,B,3 years,MORTGAGE,191400,Not Verified,debt_consolidation,9.86,1,719,17.0,Fully Paid
16700,60 months,12.22,373.34,C,2 years,MORTGAGE,125600,Verified,debt_consolidation,36.7,0,710,60.8,Charged Off
19100,36 months,11.21,627.21,B,10+ years,MORTGAGE,61100,Not Verified,debt_consolidation,21.9,0,722,76.2,Fully Paid
40000,36 months,13.09,1349.49,B,10+ years,RENT,33100,Verified,major_purchase,19.48,0,716,69.1,Fully Paid
3500,36 months,9.09,111.45,A,5 years,RENT,54000,Verified,debt_consolidation,14.05,0,736,80.7,Fully Paid
24900,60 months,20.18,662.19,D,7 years,RENT,129500,Source Verified,car,8.19,0,682,74.8,Fully Paid
7300,36 months,7.36,226.61,A,10+ years,MORTGAGE,41600,Source Verified,credit_card,15.42,0,756,33.6,Fully Paid
16700,36 months,10.34,541.53,B,10+ years,RENT,42300,Not Verified,debt_consolidation,20.39,2,707,52.4,Fully Paid
14700,60 months,13.42,337.64,C,1 year,MORTGAGE,75900,Source Verified,credit_card,27.25,1,702,31.5,Fully Paid
9500,36 months,8.56,300.16,B,5 years,RENT,36900,Not Verified,credit_card,6.37,2,714,29.4,Fully Paid
22100,60 months,7.61,443.99,A,3 years,RENT,124700,Not Verified,debt_consolidation,40.19,1,758,40.4,Fully Paid
5100,36 months,13.52,173.12,C,6 years,MORTGAGE,66900,Verified,debt_consolidation,20.43,0,689,3.8,Fully Paid
10700,36 months,20.13,398.36,D,4 years,RENT,25300,Verified,major_purchase,17.77,0,685,38.1,Fully Paid
12800,36 months,6.7,393.47,A,< 1 year,MORTGAGE,121200,Not Verified,debt_consolidation,9.12,0,734,20.4,Fully Paid
18700,36 months,9.59,599.8,B,1 year,RENT,80100,Source Verified,debt_consolidation,14.95,0,691,41.6,Fully Paid
36300,36 months,7.54,1129.82,A,3 years,MORTGAGE,82100,Source Verified,debt_consolidation,34.61,1,744,17.0,Fully Paid
6100,60 months,14.47,143.43,C,4 years,MORTGAGE,54300,Verified,other,19.49,0,697,66.6,Charged Off
11200,36 months,10.25,362.71,B,7 years,MORTGAGE,136500,Not Verified,credit_card,37.06,0,697,48.3,Fully Paid
8400,60 months,9.67,177.11,B,,MORTGAGE,25900,Source Verified,home_improvement,19.95,2,709,53.2,Fully Paid
24200,60 months,12.16,540.27,C,10+ years,RENT,193400,Not Verified,debt_consolidation,13.63,0,702,24.4,Fully Paid
33200,36 months,13.02,1118.96,C,2 years,RENT,78000,Not Verified,debt_consolidation,12.58,0,714,50.2,Fully Paid
5900,36 months,13.33,199.73,C,3 years,RENT,49600,Verified,debt_consolidation,18.45,0,697,21.8,Fully Paid
10900,36 months,12.74,365.9,C,10+ years,RENT,25900,Source Verified,credit_card,14.83,0,707,90.1,Fully Paid
12300,36 months,14.92,425.9,D,3 years,RENT,125200,Not Verified,credit_card,3.33,0,699,46.0,Fully Paid
9000,60 months,15.26,215.34,C,5 years,MORTGAGE,87200,Verified,debt_consolidation,30.61,0,701,56.0,Fully Paid
7300,36 months,12.21,243.2,C,10+ years,MORTGAGE,88800,Source Verified,credit_card,11.23,0,708,87.8,Fully Paid
9700,36 months,5.84,294.39,A,6 years,MORTGAGE,44100,Not Verified,debt_consolidation,17.43,0,736,36.3,Fully Paid
10900,36 months,7.67,339.91,A,10+ years,OWN,87500,Not Verified,credit_card,1.11,0,744,62.3,Fully Paid
27000,36 months,12.83,907.53,C,10+ years,RENT,103600,Source Verified,debt_consolidation,40.06,0,693,58.4,Fully Paid
3700,36 months,10.06,119.49,B,10+ years,MORTGAGE,38800,Source Verified,credit_card,18.13,0,711,49.6,Fully Paid
10100,60 months,24.76,295.03,F,,MORTGAGE,81600,Source Verified,credit_card,13.74,0,658,32.7,Fully Paid
29600,36 months,6.38,905.59,A,10+ years,RENT,65100,Not Verified,other,12.15,0,774,16.8,Fully Paid
9400,60 months,10.77,203.3,B,3 years,MORTGAGE,76800,Verified,debt_consolidation,28.27,0,718,50.0,Fully Paid
31500,36 months,14.31,1081.34,C,5 years,RENT,147300,Verified,debt_consolidation,14.99,0,703,38.8,Charged Off
7200,60 months,11.23,157.37,B,< 1 year,MORTGAGE,81600,Not Verified,debt_consolidation,20.16,1,712,30.1,Fully Paid
11900,60 months,13.77,275.48,C,10+ years,RENT,51500,Source Verified,credit_card,18.0,0,684,50.9,Fully Paid
8100,60 months,16.79,200.39,D,10+ years,MORTGAGE,74900,Verified,debt_consolidation,13.57,0,688,72.9,Fully Paid
17400,36 months,10.97,569.41,B,10+ years,OWN,48600,Verified,debt_consolidation,19.05,0,736,74.7,Fully Paid
6800,36 months,11.96,225.73,C,10+ years,RENT,236000,Source Verified,debt_consolidation,18.1,0,701,60.9,Charged Off
10600,36 months,12.37,353.95,B,7 years,RENT,46500,Verified,car,9.99,1,734,31.6,Fully Paid
14400,36 months,10.12,465.46,B,3 years,MORTGAGE,41400,Not Verified,debt_consolidation,17.15,0,710,19.7,Fully Paid
13600,36 months,16.78,483.39,D,10+ years,MORTGAGE,67200,Not Verified,debt_consolidation,31.54,0,706,67.9,Charged Off
17600,36 months,5.0,527.49,A,10+ years,MORTGAGE,36300,Verified,home_improvement,14.67,0,731,41.0,Fully Paid
11600,36 months,11.65,383.35,C,10+ years,RENT,77500,Source Verified,home_improvement,8.0,0,715,47.0,Fully Paid
19300,36 months,9.02,613.91,B,10+ years,RENT,70400,Verified,home_improvement,15.98,0,716,55.9,Fully Paid
14800,36 months,12.02,491.71,C,4 years,MORTGAGE,32900,Source Verified,credit_card,13.18,1,688,66.3,Fully Paid
12300,60 months,14.04,286.45,D,10+ years,RENT,56300,Verified,debt_consolidation,12.69,0,692,74.7,Fully Paid
21600,36 months,16.93,769.35,D,10+ years,MORTGAGE,50800,Not Verified,debt_consolidation,29.1,0,686,89.0,Fully Paid
8600,36 months,13.37,291.3,C,1 year,MORTGAGE,36400,Verified,debt_consolidation,7.42,0,706,47.2,Fully Paid
10000,36 months,14.31,343.28,D,10+ years,MORTGAGE,69900,Verified,debt_consolidation,8.15,0,680,50.9,Fully Paid
15000,36 months,17.31,537.11,D,1 year,MORTGAGE,69600,Verified,debt_consolidation,21.69,1,683,58.5,Fully Paid
8300,36 months,13.08,279.98,D,1 year,RENT,27100,Source Verified,debt_consolidation,24.8,1,688,62.8,Charged Off
9800,36 months,14.91,339.29,C,3 years,MORTGAGE,76500,Not Verified,credit_card,16.66,1,709,28.6,Fully Paid
9300,60 months,9.8,196.68,B,1 year,OTHER,122500,Verified,debt_consolidation,11.82,1,701,43.6,Fully Paid
12000,36 months,28.33,498.5,G,8 years,RENT,97300,Verified,credit_card,17.3,0,648,94.2,Fully Paid
7100,36 months,8.24,223.28,A,4 years,RENT,103600,Not Verified,debt_consolidation,11.57,0,752,46.0,Fully Paid
14900,36 months,14.82,515.2,C,10+ years,RENT,44800,Not Verified,debt_consolidation,17.12,0,703,18.9,Fully Paid
22800,36 months,7.56,709.85,A,10+ years,OWN,62800,Verified,debt_consolidation,8.13,0,752,73.0,Fully Paid
7900,60 months,19.46,206.94,D,2 years,OWN,96400,Verified,debt_consolidation,30.72,1,669,65.2,Fully Paid
12300,36 months,7.06,380.13,A,2 years,RENT,40500,Not Verified,other,8.78,0,752,52.1,Fully Paid
5000,36 months,11.37,164.57,C,4 years,MORTGAGE,46200,Verified,other,5.54,0,693,39.1,Fully Paid
10600,36 months,13.61,360.28,C,3 years,MORTGAGE,42700,Verified,debt_consolidation,10.68,1,712,78.2,Fully Paid
12500,36 months,16.34,441.56,D,7 years,RENT,77100,Source Verified,medical,43.55,0,686,72.2,Fully Paid
12700,36 months,11.36,417.95,B,4 years,MORTGAGE,67700,Verified,small_business,20.14,1,721,49.1,Fully Paid
7000,36 months,13.2,236.53,C,6 years,RENT,38200,Not Verified,debt_consolidation,14.51,0,698,32.9,Fully Paid
13200,36 months,11.12,432.9,B,5 years,RENT,49300,Source Verified,car,20.12,0,693,83.0,Fully Paid
10100,36 months,9.69,324.43,B,10+ years,OWN,69400,Verified,car,16.35,0,705,78.9,Fully Paid
12100,60 months,7.6,243.03,A,9 years,RENT,37900,Verified,debt_consolidation,16.42,1,739,68.1,Fully Paid
26500,60 months,10.72,572.48,B,,MORTGAGE,34100,Not Verified,debt_consolidation,20.36,0,704,88.1,Fully Paid
12700,36 months,7.77,396.63,A,2 years,MORTGAGE,56700,Verified,small_business,19.47,0,737,65.3,Fully Paid
13400,36 months,14.54,461.5,D,10+ years,MORTGAGE,57800,Verified,debt_consolidation,10.97,0,691,54.1,Fully Paid
20800,36 months,16.13,732.6,D,10+ years,MORTGAGE,19500,Source Verified,credit_card,32.29,0,682,74.6,Charged Off
5600,36 months,11.07,183.52,B,7 years,MORTGAGE,39500,Source Verified,debt_consolidation,11.79,0,720,24.7,Fully Paid
40000,36 months,7.0,1235.08,A,3 years,MORTGAGE,108800,Not Verified,debt_consolidation,9.94,0,718,52.9,Fully Paid
4200,60 months,8.75,86.68,B,2 years,MORTGAGE,48600,Not Verified,home_improvement,14.58,0,712,43.6,Fully Paid
12700,36 months,12.62,425.59,C,10+ years,MORTGAGE,68000,Not Verified,debt_consolidation,25.02,0,708,52.9,Charged Off
10500,36 months,26.0,423.05,G,< 1 year,MORTGAGE,115700,Not Verified,credit_card,7.81,0,641,81.7,Fully Paid
10000,36 months,14.92,346.26,D,,MORTGAGE,58400,Not Verified,debt_consolidation,23.65,0,669,63.6,Fully Paid
15900,36 months,14.33,545.98,C,10+ years,MORTGAGE,69400,Source Verified,debt_consolidation,23.28,0,707,84.1,Fully Paid
6700,60 months,12.32,150.12,B,10+ years,MORTGAGE,145800,Source Verified,debt_consolidation,5.84,0,716,58.6,Fully Paid
11500,36 months,8.23,361.59,A,3 years,RENT,106200,Not Verified,credit_card,4.62,0,732,47.2,Fully Paid
28500,36 months,15.46,994.39,D,10+ years,MORTGAGE,33000,Verified,credit_card,18.97,2,679,63.9,Charged Off
7700,36 months,7.35,238.99,A,10+ years,MORTGAGE,29500,Verified,debt_consolidation,12.72,0,738,76.9,Fully Paid
21600,36 months,12.99,727.69,C,7 years,RENT,71200,Source Verified,credit_card,7.12,0,684,72.9,Fully Paid
30300,36 months,19.8,1122.97,E,4 years,RENT,35600,Not Verified,debt_consolidation,12.1,0,655,82.8,Fully Paid
3900,36 months,7.95,122.12,A,10+ years,RENT,101300,Verified,home_improvement,19.55,0,756,32.4,Fully Paid
5600,36 months,13.04,188.79,C,6 years,OWN,76000,Source Verified,debt_consolidation,27.03,0,696,82.7,Charged Off
10600,36 months,11.58,349.95,B,5 years,MORTGAGE,62800,Not Verified,debt_consolidation,14.9,0,718,36.5,Fully Paid
19600,36 months,11.37,645.12,B,10+ years,MORTGAGE,41900,Verified,debt_consolidation,13.67,1,718,53.3,Fully Paid
10300,36 months,15.16,357.86,D,10+ years,MORTGAGE,55400,Source Verified,credit_card,14.99,0,687,80.7,Charged Off
6300,36 months,28.48,262.23,G,10+ years,RENT,45300,Not Verified,debt_consolidation,13.58,0,654,42.9,Charged Off
8600,36 months,19.38,316.9,D,2 years,MORTGAGE,29900,Verified,debt_consolidation,15.82,0,696,60.7,Charged Off
25200,36 months,6.68,774.42,A,10+ years,MORTGAGE,34200,Source Verified,credit_card,23.35,0,734,17.7,Fully Paid
13900,36 months,10.84,454.02,B,10+ years,RENT,34900,Verified,debt_consolidation,11.51,0,697,45.2,Fully Paid
7300,36 months,11.86,241.98,C,7 years,OWN,70100,Not Verified,debt_consolidation,20.04,0,703,53.4,Fully Paid
22100,60 months,7.1,438.65,A,6 years,RENT,51400,Verified,debt_consolidation,23.48,0,777,78.4,Fully Paid
3600,36 months,16.46,127.38,D,4 years,RENT,101100,Verified,debt_consolidation,15.27,2,676,42.7,Fully Paid
7700,36 months,14.0,263.17,C,5 years,MORTGAGE,44300,Not Verified,home_improvement,6.03,0,678,62.4,Fully Paid
7600,60 months,11.11,165.66,C,< 1 year,RENT,149300,Verified,debt_consolidation,21.0,0,677,26.0,Fully Paid
13900,60 months,19.13,361.57,D,10+ years,RENT,35800,Verified,debt_consolidation,12.98,0,681,39.9,Fully Paid
26800,36 months,6.75,824.45,A,2 years,OWN,67300,Verified,debt_consolidation,20.13,1,738,3.9,Fully Paid
20600,36 months,27.97,851.76,F,10+ years,RENT,108400,Not Verified,debt_consolidation,12.74,0,659,15.4,Fully Paid
8900,36 months,6.74,273.75,A,10+ years,MORTGAGE,55500,Verified,credit_card,22.1,0,734,63.9,Fully Paid
18100,36 months,6.25,552.69,A,4 years,RENT,83700,Verified,debt_consolidation,13.73,0,733,82.1,Fully Paid
7700,36 months,6.79,237.02,A,5 years,MORTGAGE,30600,Source Verified,car,4.61,1,764,47.5,Fully Paid
8100,36 months,13.01,272.96,C,3 years,MORTGAGE,168700,Not Verified,credit_card,14.95,1,706,30.2,Charged Off
20100,60 months,20.32,536.11,E,10+ years,OWN,246700,Source Verified,debt_consolidation,20.03,0,656,78.0,Fully Paid
19600,60 months,11.29,428.99,B,9 years,RENT,36200,Source Verified,credit_card,14.85,0,703,53.4,Fully Paid
10600,60 months,9.93,224.85,B,8 years,RENT,27600,Verified,debt_consolidation,18.84,1,727,56.6,Fully Paid
3400,36 months,14.81,117.55,C,10+ years,MORTGAGE,54000,Not Verified,medical,18.49,0,691,40.5,Fully Paid
16700,60 months,25.68,496.85,F,8 years,MORTGAGE,57100,Not Verified,credit_card,14.71,0,648,86.9,Charged Off
6000,36 months,12.88,201.82,C,2 years,RENT,81600,Source Verified,debt_consolidation,22.61,0,686,51.1,Fully Paid
23500,36 months,6.37,718.86,A,3 years,MORTGAGE,108900,Source Verified,debt_consolidation,13.17,1,752,27.9,Fully Paid
29400,36 months,14.96,1018.58,C,3 years,RENT,57200,Source Verified,debt_consolidation,21.65,0,709,14.2,Charged Off
15000,36 months,10.79,489.59,B,10+ years,RENT,103800,Verified,major_purchase,16.62,2,695,54.7,Fully Paid
8500,36 months,13.4,288.04,C,1 year,RENT,67200,Not Verified,debt_consolidation,13.07,0,668,40.4,Fully Paid
14500,36 months,9.67,465.63,B,7 years,OWN,58500,Not Verified,debt_consolidation,26.17,0,712,46.0,Fully Paid
14100,36 months,7.47,438.4,A,1 year,MORTGAGE,91800,Not Verified,debt_consolidation,8.14,0,757,44.6,Fully Paid
4500,60 months,6.0,87.0,A,5 years,OWN,51500,Not Verified,home_improvement,17.38,1,746,53.0,Fully Paid
7600,36 months,6.12,231.62,A,,RENT,84700,Source Verified,debt_consolidation,16.81,0,761,31.4,Fully Paid
20700,60 months,14.0,481.65,C,9 years,RENT,38200,Not Verified,debt_consolidation,22.62,0,700,84.0,Fully Paid
9200,60 months,18.6,236.63,E,7 years,MORTGAGE,48400,Source Verified,debt_consolidation,23.13,0,665,36.0,Charged Off
19300,60 months,11.84,427.76,B,5 years,RENT,86100,Source Verified,home_improvement,25.58,0,720,58.5,Fully Paid
13400,36 months,15.24,466.09,D,9 years,RENT,279200,Source Verified,home_improvement,8.93,1,693,37.2,Fully Paid
12200,36 months,6.97,376.53,A,1 year,MORTGAGE,91800,Verified,debt_consolidation,32.48,0,744,67.2,Fully Paid
5700,36 months,14.15,195.23,C,10+ years,OWN,39800,Not Verified,debt_consolidation,7.49,0,688,,Fully Paid
11500,36 months,24.29,452.93,F,< 1 year,RENT,54100,Verified,small_business,17.7,1,665,65.1,Fully Paid
12400,36 months,16.8,440.86,D,10+ years,MORTGAGE,55300,Not Verified,car,12.77,1,671,,Fully Paid
19700,36 months,12.73,661.21,C,2 years,MORTGAGE,123500,Not Verified,debt_consolidation,25.48,0,690,39.6,Fully Paid
12800,60 months,11.53,281.7,B,3 years,RENT,79300,Source Verified,debt_consolidation,9.72,0,727,58.1,Fully Paid
10700,60 months,9.69,225.71,B,3 years,MORTGAGE,79700,Source Verified,debt_consolidation,11.5,1,706,22.3,Fully Paid
18000,60 months,21.6,493.06,E,10+ years,MORTGAGE,68700,Not Verified,credit_card,29.02,1,666,56.6,Fully Paid
15300,60 months,17.17,381.64,D,10+ years,RENT,60800,Not Verified,debt_consolidation,6.59,1,687,66.5,Charged Off
39900,60 months,14.34,935.45,C,10+ years,RENT,72400,Verified,debt_consolidation,7.31,0,690,94.2,Fully Paid
5700,36 months,5.8,172.89,A,,RENT,67700,Not Verified,debt_consolidation,29.38,1,735,80.4,Charged Off
28200,36 months,15.14,979.5,D,5 years,RENT,53900,Not Verified,debt_consolidation,16.22,0,673,41.1,Charged Off
11300,36 months,10.54,367.49,B,10+ years,MORTGAGE,102300,Verified,debt_consolidation,9.35,0,713,17.8,Fully Paid
11300,36 months,5.17,339.53,A,1 year,OWN,124500,Verified,debt_consolidation,16.7,0,758,59.3,Fully Paid
13600,36 months,12.32,453.8,C,4 years,MORTGAGE,42600,Verified,major_purchase,8.77,1,700,55.5,Fully Paid
10600,36 months,13.81,361.31,C,3 years,MORTGAGE,154300,Verified,debt_consolidation,14.78,0,696,16.9,Fully Paid
7500,36 months,19.23,275.79,E,5 years,MORTGAGE,78000,Not Verified,debt_consolidation,14.86,0,662,75.9,Fully Paid
13600,60 months,17.76,343.58,D,10+ years,OWN,44900,Source Verified,home_improvement,21.9,0,693,40.1,Fully Paid
33100,36 months,7.49,1029.46,A,< 1 year,OWN,24600,Verified,credit_card,11.88,0,765,52.1,Fully Paid
4900,36 months,11.3,161.12,B,2 years,OTHER,117100,Verified,credit_card,28.19,1,685,58.6,Fully Paid
12000,36 months,9.0,381.6,B,10+ years,MORTGAGE,29800,Verified,debt_consolidation,10.18,1,725,22.9,Fully Paid
7400,60 months,7.27,147.47,A,5 years,MORTGAGE,104600,Verified,debt_consolidation,20.31,0,746,36.6,Fully Paid
9300,60 months,12.48,209.14,C,4 years,RENT,98900,Source Verified,debt_consolidation,16.55,0,693,45.9,Fully Paid
4600,36 months,12.65,154.22,C,10+ years,MORTGAGE,102000,Source Verified,home_improvement,25.91,0,702,38.0,Charged Off
24900,36 months,15.03,863.53,C,1 year,RENT,45000,Verified,debt_consolidation,12.62,0,694,88.4,Charged Off
10100,60 months,8.44,206.93,A,,RENT,157000,Verified,debt_consolidation,13.86,0,743,58.7,Fully Paid
17800,36 months,7.2,551.24,A,< 1 year,RENT,89100,Verified,credit_card,10.22,0,740,79.4,Fully Paid
17100,60 months,17.9,433.3,D,10+ years,MORTGAGE,67900,Source Verified,debt_consolidation,8.1,0,699,32.2,Fully Paid
6100,60 months,13.73,141.08,D,3 years,MORTGAGE,99100,Verified,credit_card,13.74,2,674,32.6,Fully Paid
8200,36 months,27.67,337.72,G,< 1 year,MORTGAGE,59300,Source Verified,credit_card,10.2,1,662,62.9,Charged Off
17100,36 months,6.4,523.32,A,5 years,MORTGAGE,26800,Not Verified,debt_consolidation,5.72,1,772,22.8,Fully Paid
7900,36 months,6.28,241.34,A,1 year,RENT,69400,Not Verified,car,12.75,0,747,7.2,Fully Paid
8100,36 months,13.99,276.8,C,< 1 year,MORTGAGE,42100,Source Verified,debt_consolidation,12.6,1,686,69.1,Fully Paid
19900,36 months,16.7,706.52,D,5 years,RENT,58900,Verified,credit_card,11.11,1,684,18.6,Fully Paid
11500,60 months,10.96,249.81,B,10+ years,MORTGAGE,102600,Verified,debt_consolidation,11.83,0,702,71.0,Fully Paid
12600,36 months,16.1,443.6,D,3 years,MORTGAGE,32900,Verified,credit_card,12.14,0,679,46.3,Charged Off
14000,36 months,16.07,492.68,C,7 years,RENT,39000,Not Verified,debt_consolidation,23.42,0,694,35.3,Fully Paid
24900,36 months,9.44,796.92,B,5 years,RENT,79500,Verified,credit_card,4.59,1,700,66.5,Fully Paid
9700,36 months,8.93,308.14,A,10+ years,RENT,57700,Not Verified,credit_card,23.44,0,751,,Fully Paid
11200,36 months,6.48,343.17,A,10+ years,MORTGAGE,94000,Verified,car,23.6,0,740,80.6,Fully Paid
27200,36 months,13.6,924.36,C,10+ years,RENT,35400,Not Verified,debt_consolidation,8.04,1,700,31.0,Fully Paid
8100,36 months,7.8,253.08,A,6 years,MORTGAGE,41700,Verified,credit_card,9.59,0,765,38.7,Fully Paid
33100,36 months,10.69,1078.8,B,8 years,MORTGAGE,39600,Verified,credit_card,13.86,0,726,67.8,Charged Off
5700,60 months,10.34,122.06,B,1 year,MORTGAGE,56900,Source Verified,debt_consolidation,8.08,1,715,44.3,Fully Paid
6600,60 months,7.0,130.69,A,< 1 year,MORTGAGE,47000,Verified,car,14.69,0,745,51.0,Fully Paid
18300,36 months,23.11,709.44,F,10+ years,RENT,149500,Source Verified,credit_card,14.55,0,675,51.6,Charged Off
9100,36 months,6.07,277.13,A,1 year,MORTGAGE,57300,Verified,debt_consolidation,18.19,0,737,32.6,Fully Paid
20700,36 months,18.39,752.41,E,3 years,RENT,75500,Not Verified,other,25.83,0,672,43.3,Fully Paid
10600,60 months,25.9,316.74,G,,RENT,58100,Not Verified,debt_consolidation,16.31,0,647,55.9,Charged Off
6700,36 months,15.27,233.14,D,10+ years,RENT,110000,Verified,debt_consolidation,40.49,0,696,22.4,Fully Paid
15100,36 months,13.4,511.69,C,,MORTGAGE,44000,Source Verified,debt_consolidation,25.28,0,709,72.4,Charged Off
4400,36 months,9.51,140.97,B,4 years,RENT,115700,Verified,home_improvement,4.85,1,725,21.4,Fully Paid
12300,36 months,13.13,415.21,C,10+ years,MORTGAGE,28300,Not Verified,debt_consolidation,12.51,1,694,32.2,Fully Paid
10000,36 months,11.13,328.0,B,1 year,RENT,53800,Not Verified,debt_consolidation,21.85,0,719,48.3,Fully Paid
9800,36 months,12.22,326.53,C,10+ years,MORTGAGE,47400,Not Verified,credit_card,11.07,0,714,19.5,Fully Paid
22600,36 months,11.99,750.54,B,10+ years,MORTGAGE,91300,Not Verified,credit_card,6.78,0,726,28.1,Fully Paid
12200,60 months,6.98,241.46,A,5 years,RENT,33100,Not Verified,debt_consolidation,8.13,1,731,43.4,Fully Paid
13500,36 months,6.06,411.06,A,9 years,RENT,45100,Verified,debt_consolidation,20.8,0,756,80.1,Charged Off
7800,60 months,11.03,169.71,B,,RENT,54200,Verified,debt_consolidation,10.48,0,720,51.0,Fully Paid
10800,36 months,10.39,350.47,B,10+ years,MORTGAGE,37800,Not Verified,debt_consolidation,15.63,0,705,58.5,Fully Paid
10100,36 months,23.6,394.13,F,< 1 year,OWN,42600,Not Verified,debt_consolidation,10.71,1,641,65.0,Fully Paid
15500,60 months,11.35,339.72,B,8 years,MORTGAGE,62600,Verified,credit_card,10.73,0,700,65.5,Fully Paid
7300,36 months,9.0,232.14,B,4 years,MORTGAGE,62900,Not Verified,debt_consolidation,12.03,0,709,36.1,Fully Paid
9800,36 months,12.63,328.46,C,2 years,MORTGAGE,66100,Source Verified,debt_consolidation,21.04,0,712,,Charged Off
8500,60 months,21.42,231.97,E,3 years,MORTGAGE,76100,Not Verified,debt_consolidation,23.91,0,674,56.5,Fully Paid
5500,36 months,12.98,185.26,B,10+ years,RENT,174400,Not Verified,other,11.51,0,719,26.8,Fully Paid
10100,36 months,7.59,314.59,A,2 years,RENT,99600,Verified,debt_consolidation,25.23,1,737,55.6,Charged Off
13900,36 months,14.82,480.62,C,10+ years,RENT,26500,Source Verified,car,24.94,0,687,52.7,Fully Paid
12200,60 months,17.29,305.11,E,9 years,MORTGAGE,66800,Verified,credit_card,17.52,0,670,93.6,Charged Off
17600,36 months,6.69,540.95,A,10+ years,OWN,45900,Not Verified,debt_consolidation,18.74,0,760,44.4,Fully Paid
8900,36 months,10.63,289.82,B,10+ years,OWN,80900,Source Verified,debt_consolidation,19.92,0,722,67.0,Fully Paid
12700,36 months,11.21,417.05,B,10+ years,MORTGAGE,44700,Not Verified,debt_consolidation,13.05,0,728,47.1,Fully Paid
18900,36 months,7.74,589.99,A,7 years,RENT,42200,Verified,car,23.58,1,749,67.5,Fully Paid
10000,36 months,16.05,351.82,D,2 years,RENT,41600,Not Verified,credit_card,25.7,1,673,76.0,Fully Paid
9800,36 months,14.06,335.23,C,10+ years,RENT,80700,Verified,credit_card,26.39,0,711,37.3,Fully Paid
13300,36 months,11.29,437.25,C,10+ years,OWN,106100,Source Verified,debt_consolidation,5.08,0,685,41.7,Fully Paid
7800,36 months,7.86,243.92,A,2 years,MORTGAGE,53500,Source Verified,debt_consolidation,11.37,0,736,54.8,Fully Paid
10100,36 months,10.96,330.47,B,1 year,RENT,26400,Verified,major_purchase,12.46,1,726,46.6,Fully Paid
9700,36 months,18.03,350.82,D,6 years,MORTGAGE,141100,Not Verified,home_improvement,14.04,0,686,78.3,Fully Paid
13100,60 months,30.0,423.83,G,10+ years,RENT,73600,Not Verified,debt_consolidation,21.17,1,644,68.2,Charged Off
20300,60 months,11.38,445.23,B,10+ years,RENT,51300,Verified,credit_card,19.76,0,718,71.0,Fully Paid
14500,60 months,11.59,319.55,C,10+ years,MORTGAGE,37100,Not Verified,major_purchase,13.72,0,715,19.9,Fully Paid
10500,36 months,12.24,349.96,B,10+ years,MORTGAGE,84200,Not Verified,debt_consolidation,7.72,2,718,41.8,Fully Paid
12500,36 months,14.27,428.86,C,6 years,MORTGAGE,194300,Not Verified,debt_consolidation,19.11,1,687,38.6,Charged Off
13200,60 months,10.9,286.34,B,,MORTGAGE,86100,Source Verified,credit_card,20.02,0,707,62.1,Charged Off
8500,60 months,15.43,204.14,C,8 years,MORTGAGE,28400,Not Verified,other,18.76,0,690,55.6,Fully Paid
11800,36 months,6.63,362.36,A,10+ years,MORTGAGE,78200,Verified,debt_consolidation,15.2,0,751,30.1,Fully Paid
20000,60 months,18.1,508.96,D,10+ years,MORTGAGE,55300,Not Verified,credit_card,15.99,0,697,30.0,Fully Paid
12900,36 months,13.84,439.89,C,7 years,OWN,45000,Not Verified,credit_card,22.32,0,712,9.3,Fully Paid
20700,60 months,9.4,433.73,B,7 years,RENT,274500,Not Verified,debt_consolidation,29.35,0,688,50.9,Charged Off
6900,36 months,25.82,277.34,F,6 years,MORTGAGE,68100,Not Verified,home_improvement,40.5,0,679,69.7,Charged Off
32700,36 months,9.63,1049.47,B,10+ years,RENT,73000,Verified,debt_consolidation,16.94,1,724,28.3,Fully Paid
13900,60 months,13.91,322.78,C,10+ years,RENT,46000,Not Verified,debt_consolidation,6.06,1,700,76.3,Fully Paid
8900,36 months,9.79,286.3,B,6 years,RENT,57600,Source Verified,credit_card,15.5,0,716,30.0,Fully Paid
11300,60 months,24.07,325.54,F,5 years,OWN,101000,Source Verified,debt_consolidation,14.41,2,670,84.0,Charged Off
7600,36 months,9.52,243.52,B,,OWN,54100,Not Verified,debt_consolidation,27.42,0,716,8.0,Fully Paid
20800,36 months,20.95,783.11,E,8 years,RENT,34800,Source Verified,debt_consolidation,11.38,0,653,55.7,Charged Off
22400,36 months,9.4,716.49,B,10+ years,OWN,31200,Not Verified,credit_card,13.91,1,727,59.1,Fully Paid
19200,36 months,16.94,683.96,C,10+ years,RENT,29900,Source Verified,debt_consolidation,19.04,1,707,39.3,Charged Off
14700,36 months,11.27,483.14,B,3 years,RENT,47400,Source Verified,debt_consolidation,26.48,0,711,83.8,Fully Paid
20500,36 months,14.81,708.73,D,10+ years,RENT,81300,Not Verified,debt_consolidation,10.78,1,699,59.0,Charged Off
16900,60 months,10.62,364.25,B,10+ years,MORTGAGE,204500,Verified,debt_consolidation,29.71,0,702,32.3,Fully Paid
9100,60 months,14.76,215.34,D,9 years,RENT,53500,Not Verified,debt_consolidation,20.74,1,708,95.0,Fully Paid
9700,60 months,10.59,208.92,B,6 years,MORTGAGE,65200,Verified,debt_consolidation,9.49,1,704,24.7,Fully Paid
9600,60 months,17.16,239.41,D,3 years,RENT,76800,Not Verified,small_business,12.17,0,691,46.6,Fully Paid
21200,60 months,11.81,469.55,B,< 1 year,OWN,34500,Not Verified,debt_consolidation,5.93,0,713,12.4,Fully Paid
15600,60 months,16.46,383.19,D,,RENT,94900,Source Verified,debt_consolidation,15.27,0,685,55.9,Fully Paid
10000,36 months,14.0,341.78,C,2 years,RENT,67200,Verified,other,11.68,1,694,56.8,Fully Paid
22100,36 months,18.09,799.97,D,10+ years,MORTGAGE,43700,Source Verified,other,23.82,1,682,49.9,Fully Paid
11600,60 months,8.52,238.1,A,10+ years,RENT,76800,Source Verified,other,25.73,0,733,30.4,Fully Paid
15200,36 months,13.66,516.99,C,10+ years,MORTGAGE,37300,Verified,debt_consolidation,30.81,0,712,93.7,Fully Paid
8300,36 months,14.05,283.88,C,10+ years,MORTGAGE,84400,Source Verified,debt_consolidation,9.7,0,686,44.4,Fully Paid
29800,36 months,14.69,1028.51,C,1 year,MORTGAGE,67800,Verified,debt_consolidation,9.3,0,699,23.9,Fully Paid
4400,60 months,14.21,102.86,D,5 years,RENT,111600,Verified,credit_card,20.16,0,686,18.0,Fully Paid
13800,36 months,11.65,456.05,B,10+ years,MORTGAGE,71700,Source Verified,debt_consolidation,37.73,0,731,22.6,Charged Off
3700,36 months,17.13,132.15,D,10+ years,RENT,72600,Source Verified,debt_consolidation,19.98,0,680,15.0,Fully Paid
40000,60 months,20.57,1072.48,E,3 years,RENT,117300,Source Verified,debt_consolidation,10.64,1,669,72.0,Fully Paid
26400,60 months,13.13,602.44,C,5 years,MORTGAGE,64600,Source Verified,other,17.45,0,703,82.6,Fully Paid
6600,36 months,11.56,217.83,C,1 year,RENT,54000,Source Verified,small_business,22.67,0,684,46.0,Fully Paid
12400,60 months,10.98,269.48,B,1 year,MORTGAGE,37300,Not Verified,debt_consolidation,22.13,0,707,80.9,Fully Paid
13900,60 months,7.3,277.21,A,< 1 year,OWN,90900,Not Verified,credit_card,15.44,0,738,20.0,Fully Paid
11600,36 months,8.11,364.09,A,2 years,RENT,40200,Verified,home_improvement,9.17,1,713,80.3,Fully Paid
12300,60 months,17.56,309.4,E,10+ years,MORTGAGE,99900,Verified,debt_consolidation,17.93,1,658,23.9,Fully Paid
10200,60 months,5.58,195.21,A,7 years,RENT,34800,Verified,home_improvement,19.83,0,747,29.5,Fully Paid
10200,60 months,16.56,251.09,D,3 years,OWN,65500,Source Verified,credit_card,11.2,0,672,50.0,Fully Paid
9600,60 months,11.54,211.32,B,6 years,RENT,78100,Source Verified,debt_consolidation,25.09,0,690,53.4,Fully Paid
20100,36 months,12.23,669.82,B,2 years,OWN,203300,Verified,other,33.27,1,718,55.6,Charged Off
9600,36 months,14.98,332.69,C,7 years,RENT,98700,Not Verified,home_improvement,13.2,0,684,48.0,Fully Paid
6000,36 months,7.46,186.53,A,4 years,MORTGAGE,88100,Not Verified,debt_consolidation,12.48,0,736,52.1,Fully Paid
15900,60 months,14.42,373.44,C,3 years,OWN,159500,Not Verified,debt_consolidation,21.24,0,683,57.5,Fully Paid
7600,36 months,11.99,252.39,C,10+ years,RENT,130300,Verified,other,12.46,0,705,85.0,Fully Paid
9400,36 months,6.37,287.54,A,6 years,MORTGAGE,99500,Verified,debt_consolidation,12.95,0,759,36.7,Fully Paid
17700,36 months,20.57,662.95,E,8 years,MORTGAGE,70300,Verified,home_improvement,14.54,0,681,54.8,Charged Off
13400,60 months,17.52,336.78,D,7 years,RENT,60600,Source Verified,debt_consolidation,21.25,0,677,36.2,Fully Paid
6100,36 months,11.06,199.88,B,3 years,OWN,16100,Not Verified,credit_card,22.15,0,719,9.2,Fully Paid
7000,60 months,8.41,143.31,B,6 years,MORTGAGE,26700,Source Verified,debt_consolidation,14.27,1,704,51.5,Fully Paid
20000,60 months,10.69,431.76,B,8 years,OWN,63600,Not Verified,debt_consolidation,19.39,0,730,58.0,Fully Paid
26100,36 months,10.96,853.99,B,10+ years,RENT,74700,Source Verified,debt_consolidation,19.16,0,707,46.9,Fully Paid
12400,60 months,9.78,262.12,B,4 years,MORTGAGE,102500,Not Verified,debt_consolidation,17.3,0,732,31.3,Fully Paid
40000,36 months,17.03,1426.71,D,5 years,RENT,97100,Not Verified,debt_consolidation,5.19,0,695,29.2,Fully Paid
11800,36 months,10.26,382.19,B,4 years,MORTGAGE,33500,Not Verified,credit_card,24.37,0,723,68.7,Charged Off
17400,36 months,11.97,577.68,B,8 years,RENT,28000,Verified,debt_consolidation,23.03,0,711,49.1,Charged Off
7500,60 months,15.82,181.67,D,3 years,RENT,60400,Source Verified,credit_card,17.71,0,664,80.5,Fully Paid
17100,36 months,6.84,526.75,A,10+ years,MORTGAGE,56300,Source Verified,debt_consolidation,30.35,0,755,23.6,Fully Paid
16700,36 months,12.58,559.32,C,1 year,MORTGAGE,80700,Not Verified,credit_card,17.19,0,697,51.8,Fully Paid
7400,36 months,16.81,263.13,D,10+ years,MORTGAGE,25700,Verified,car,26.24,0,677,48.9,Charged Off
6200,36 months,9.79,199.45,B,5 years,RENT,81000,Source Verified,debt_consolidation,11.62,0,722,41.9,Fully Paid
16100,36 months,8.96,511.68,B,3 years,RENT,47300,Not Verified,credit_card,21.48,0,726,75.9,Fully Paid
37400,60 months,7.37,747.11,A,1 year,MORTGAGE,65600,Verified,debt_consolidation,14.83,0,755,56.0,Fully Paid
17600,36 months,7.44,546.98,A,6 years,RENT,101700,Not Verified,debt_consolidation,19.64,0,741,8.2,Fully Paid
11900,36 months,17.27,425.87,E,10+ years,RENT,57500,Not Verified,credit_card,10.03,1,678,32.1,Fully Paid
13600,36 months,9.59,436.22,B,7 years,MORTGAGE,53000,Verified,debt_consolidation,24.47,1,709,51.1,Charged Off
8800,60 months,13.83,203.99,C,10+ years,MORTGAGE,48200,Not Verified,debt_consolidation,27.58,0,700,61.0,Fully Paid
7100,36 months,10.25,229.93,B,3 years,RENT,83100,Not Verified,credit_card,17.47,0,715,50.5,Fully Paid
7100,36 months,16.43,251.12,E,10+ years,RENT,49500,Source Verified,debt_consolidation,10.4,1,670,72.9,Fully Paid
18100,36 months,11.57,597.47,B,10+ years,RENT,123500,Not Verified,credit_card,15.83,0,728,12.8,Fully Paid
9200,60 months,11.12,200.58,B,10+ years,RENT,114700,Verified,debt_consolidation,37.83,0,715,90.9,Charged Off
8100,36 months,14.49,278.77,C,4 years,MORTGAGE,34100,Verified,medical,22.18,0,692,63.4,Fully Paid
6100,60 months,13.34,139.86,C,< 1 year,RENT,63700,Verified,credit_card,11.68,0,710,30.4,Fully Paid
17900,36 months,7.85,559.68,A,3 years,RENT,75900,Verified,home_improvement,17.53,0,743,26.1,Fully Paid
12000,60 months,12.06,267.3,B,2 years,MORTGAGE,124900,Verified,debt_consolidation,15.08,1,717,48.4,Fully Paid
11200,36 months,7.59,348.85,A,10+ years,RENT,29400,Source Verified,home_improvement,15.52,0,760,21.0,Fully Paid
16800,36 months,13.64,571.25,C,3 years,MORTGAGE,38900,Verified,credit_card,17.98,2,728,67.6,Fully Paid
4500,36 months,10.99,147.3,B,6 years,RENT,29700,Verified,debt_consolidation,15.11,0,726,33.7,Fully Paid
15200,60 months,22.95,428.06,E,3 years,OWN,56800,Source Verified,credit_card,19.29,0,665,44.6,Fully Paid
7100,60 months,25.52,210.56,G,1 year,MORTGAGE,28500,Not Verified,debt_consolidation,3.97,0,652,29.2,Fully Paid
8400,60 months,13.87,194.89,C,2 years,MORTGAGE,61300,Verified,debt_consolidation,17.14,0,691,39.6,Fully Paid
15900,36 months,9.83,511.78,B,10+ years,MORTGAGE,74500,Not Verified,car,15.87,0,722,56.1,Fully Paid
17600,36 months,12.64,589.97,C,10+ years,MORTGAGE,78300,Source Verified,debt_consolidation,27.43,0,692,12.8,Fully Paid
4500,36 months,10.74,146.77,B,3 years,MORTGAGE,64800,Not Verified,credit_card,10.19,1,701,30.7,Fully Paid
8100,60 months,10.27,173.18,B,3 years,RENT,55400,Not Verified,car,15.25,0,709,55.2,Charged Off
5500,60 months,7.48,110.16,A,3 years,MORTGAGE,59900,Verified,home_improvement,8.18,1,738,84.7,Fully Paid
19600,60 months,10.13,417.7,B,< 1 year,MORTGAGE,45800,Not Verified,debt_consolidation,8.83,0,706,72.5,Fully Paid
5200,60 months,10.15,110.87,B,2 years,MORTGAGE,85900,Source Verified,home_improvement,15.64,0,714,69.1,Charged Off
9500,36 months,19.49,350.59,D,2 years,MORTGAGE,12200,Verified,debt_consolidation,33.48,0,700,31.5,Charged Off
6100,36 months,7.89,190.84,A,10+ years,MORTGAGE,50300,Source Verified,debt_consolidation,19.21,1,733,13.8,Fully Paid
17700,60 months,14.11,412.86,C,2 years,MORTGAGE,90300,Source Verified,debt_consolidation,22.93,0,684,15.5,Fully Paid
9400,36 months,7.65,293.05,A,10+ years,RENT,64500,Not Verified,debt_consolidation,23.73,0,733,65.8,Fully Paid
34800,60 months,11.39,763.42,C,10+ years,RENT,87500,Verified,credit_card,15.83,0,709,87.1,Fully Paid
7300,60 months,16.07,177.79,D,6 years,MORTGAGE,136300,Source Verified,credit_card,12.11,0,681,15.3,Fully Paid
12500,36 months,9.5,400.41,B,7 years,RENT,51700,Not Verified,credit_card,12.96,0,711,16.4,Fully Paid
14600,60 months,12.87,331.22,C,8 years,RENT,31600,Verified,home_improvement,35.11,0,699,70.4,Charged Off
32100,36 months,9.72,1031.56,B,10+ years,RENT,95800,Verified,other,14.97,0,723,48.9,Fully Paid
3900,36 months,20.34,145.61,G,10+ years,MORTGAGE,104900,Source Verified,credit_card,5.27,1,655,52.4,Fully Paid
13400,60 months,11.93,297.6,B,3 years,MORTGAGE,68600,Source Verified,debt_consolidation,23.65,0,706,42.2,Fully Paid
6500,36 months,11.41,214.07,C,5 years,MORTGAGE,43300,Verified,debt_consolidation,16.74,0,705,35.2,Charged Off
11600,60 months,12.04,258.27,C,8 years,MORTGAGE,25800,Source Verified,credit_card,13.25,0,719,53.5,Fully Paid
15900,36 months,14.15,544.58,C,10+ years,MORTGAGE,39400,Verified,credit_card,15.89,1,692,64.5,Fully Paid
12000,36 months,13.93,409.72,C,10+ years,RENT,198400,Source Verified,debt_consolidation,16.41,0,708,77.4,Charged Off
13600,36 months,11.12,446.02,B,2 years,RENT,65200,Verified,credit_card,13.94,1,708,54.5,Fully Paid
18100,60 months,7.35,361.4,A,10+ years,OWN,95300,Not Verified,credit_card,39.6,0,748,34.4,Charged Off
9300,60 months,18.33,237.83,D,10+ years,RENT,48000,Verified,debt_consolidation,13.33,0,698,75.1,Fully Paid
6800,36 months,12.54,227.62,B,10+ years,RENT,38600,Verified,credit_card,9.49,0,703,67.6,Fully Paid
25600,36 months,10.23,828.81,B,1 year,RENT,47200,Not Verified,debt_consolidation,10.42,0,719,46.4,Fully Paid
27200,60 months,20.29,725.03,E,10+ years,MORTGAGE,73100,Source Verified,debt_consolidation,13.04,0,650,53.4,Charged Off
12100,36 months,11.01,396.2,B,5 years,RENT,64600,Verified,credit_card,22.13,0,719,60.2,Fully Paid
6900,60 months,11.78,152.72,C,10+ years,MORTGAGE,25700,Not Verified,credit_card,22.11,0,710,8.9,Fully Paid
40000,36 months,16.34,1413.0,D,10+ years,RENT,189900,Not Verified,home_improvement,13.44,0,700,39.6,Fully Paid
20300,36 months,12.1,675.22,B,9 years,MORTGAGE,159000,Source Verified,credit_card,23.71,0,693,58.2,Charged Off
11500,36 months,6.46,352.25,A,10+ years,OTHER,163000,Verified,debt_consolidation,5.95,0,751,26.1,Fully Paid
38200,36 months,10.75,1246.1,B,10+ years,MORTGAGE,80800,Verified,debt_consolidation,10.0,0,706,78.5,Fully Paid
15000,36 months,10.69,488.88,B,2 years,OWN,34100,Verified,debt_consolidation,12.83,0,695,32.7,Fully Paid
15700,36 months,10.73,511.99,C,8 years,RENT,56900,Source Verified,debt_consolidation,27.02,0,690,38.8,Fully Paid
8200,36 months,10.64,267.06,B,10+ years,RENT,67500,Not Verified,other,17.18,1,726,57.6,Fully Paid
10700,36 months,10.3,346.77,B,1 year,MORTGAGE,135000,Source Verified,credit_card,11.42,0,722,91.2,Fully Paid
5700,36 months,7.04,176.1,A,8 years,RENT,59800,Not Verified,small_business,9.41,0,746,19.0,Fully Paid
34400,36 months,22.96,1330.9,E,10+ years,OTHER,55100,Source Verified,small_business,7.24,1,667,42.7,Fully Paid
14300,60 months,7.37,285.66,A,3 years,OWN,74500,Verified,credit_card,13.19,0,753,77.1,Charged Off
14800,36 months,7.52,460.51,A,6 years,RENT,48700,Not Verified,debt_consolidation,31.89,0,751,38.7,Fully Paid
35100,36 months,16.45,1241.82,D,7 years,RENT,90100,Not Verified,debt_consolidation,11.72,0,699,45.1,Fully Paid
10800,36 months,6.08,328.95,A,10+ years,MORTGAGE,127900,Source Verified,credit_card,9.49,0,729,79.3,Fully Paid
5000,36 months,16.99,178.24,D,3 years,MORTGAGE,66100,Verified,debt_consolidation,11.23,0,676,39.7,Charged Off
9000,36 months,24.4,354.99,E,10+ years,RENT,176800,Not Verified,debt_consolidation,7.99,0,658,37.6,Charged Off
18000,36 months,15.32,626.8,C,6 years,MORTGAGE,107500,Source Verified,credit_card,16.63,0,697,29.1,Fully Paid
31700,36 months,15.3,1103.55,D,6 years,RENT,80000,Not Verified,credit_card,15.48,2,686,37.7,Fully Paid
12400,36 months,12.01,411.92,B,10+ years,OTHER,65300,Not Verified,credit_card,14.37,0,702,27.1,Fully Paid
16000,36 months,7.01,494.11,A,10+ years,RENT,115900,Source Verified,debt_consolidation,14.31,1,745,46.9,Fully Paid
6900,36 months,7.02,213.12,A,10+ years,RENT,45900,Source Verified,debt_consolidation,22.58,1,732,69.4,Fully Paid
5900,36 months,14.58,203.31,C,10+ years,MORTGAGE,92500,Verified,debt_consolidation,26.32,1,697,75.9,Fully Paid
11900,60 months,12.43,267.3,C,8 years,RENT,64800,Not Verified,debt_consolidation,22.33,0,699,47.9,Fully Paid
8700,36 months,13.31,294.44,C,10+ years,RENT,32000,Verified,debt_consolidation,21.6,2,686,71.2,Fully Paid
8600,36 months,7.91,269.14,A,10+ years,MORTGAGE,97600,Verified,debt_consolidation,8.21,0,748,60.6,Fully Paid
12200,36 months,8.21,383.49,A,3 years,RENT,100600,Not Verified,debt_consolidation,50.0,0,756,49.2,Charged Off
29100,36 months,9.65,934.2,B,9 years,MORTGAGE,159100,Source Verified,small_business,22.44,0,717,30.8,Fully Paid
12900,60 months,9.51,270.99,B,10+ years,RENT,30500,Verified,major_purchase,6.82,0,721,79.9,Fully Paid
28800,36 months,10.63,937.84,B,7 years,RENT,55200,Source Verified,debt_consolidation,22.72,1,709,64.9,Fully Paid
6500,36 months,12.55,217.6,B,,MORTGAGE,31500,Source Verified,debt_consolidation,25.49,0,713,66.2,Charged Off
13600,60 months,8.95,281.98,B,2 years,MORTGAGE,69800,Verified,debt_consolidation,12.6,0,733,43.9,Charged Off
24400,36 months,28.53,1016.27,G,3 years,RENT,77000,Source Verified,credit_card,38.53,1,658,83.3,Charged Off
13500,36 months,11.77,446.91,B,8 years,MORTGAGE,36600,Source Verified,debt_consolidation,26.4,0,729,52.8,Fully Paid
7400,36 months,13.58,251.41,C,,MORTGAGE,26300,Not Verified,home_improvement,7.82,0,699,26.0,Fully Paid
14500,36 months,11.28,476.64,C,7 years,MORTGAGE,55200,Source Verified,debt_consolidation,27.44,1,668,49.7,Charged Off
6000,60 months,10.56,129.14,B,,MORTGAGE,45300,Source Verified,debt_consolidation,18.01,0,721,36.5,Fully Paid
13400,36 months,6.56,411.06,A,6 years,MORTGAGE,110700,Not Verified,credit_card,12.07,0,743,75.4,Fully Paid
8600,36 months,11.86,285.07,C,8 years,MORTGAGE,41400,Not Verified,car,20.68,0,694,55.3,Fully Paid
40000,36 months,7.58,1245.72,A,7 years,MORTGAGE,86200,Not Verified,debt_consolidation,18.42,0,743,72.6,Fully Paid
12000,36 months,30.0,509.42,G,10+ years,RENT,64500,Source Verified,debt_consolidation,25.66,0,654,40.4,Fully Paid
12000,36 months,14.89,415.34,C,9 years,RENT,65500,Not Verified,debt_consolidation,28.3,1,688,46.0,Fully Paid
7500,36 months,6.5,229.87,A,1 year,MORTGAGE,114500,Source Verified,credit_card,15.95,0,748,67.8,Charged Off
13800,36 months,12.75,463.32,D,6 years,MORTGAGE,61900,Source Verified,credit_card,14.8,0,679,64.4,Fully Paid
9100,36 months,18.8,332.65,E,10+ years,MORTGAGE,140600,Not Verified,home_improvement,21.34,0,659,,Fully Paid
37400,60 months,11.59,824.21,B,10+ years,RENT,121600,Not Verified,medical,21.63,0,715,85.7,Charged Off
11400,36 months,15.43,397.59,C,10+ years,RENT,114200,Not Verified,credit_card,30.32,0,707,40.9,Fully Paid
40000,36 months,16.98,1425.71,C,10+ years,RENT,90400,Not Verified,debt_consolidation,26.4,0,684,61.6,Fully Paid
15200,36 months,12.98,512.0,C,5 years,MORTGAGE,69800,Not Verified,major_purchase,17.51,1,701,30.2,Fully Paid
11900,36 months,20.19,443.4,D,3 years,OWN,49500,Not Verified,debt_consolidation,25.13,0,689,55.5,Charged Off
8800,36 months,13.66,299.31,C,2 years,OWN,25000,Source Verified,credit_card,7.97,0,721,49.1,Fully Paid
38400,36 months,13.69,1306.65,C,10+ years,RENT,83800,Verified,debt_consolidation,22.99,0,691,86.1,Fully Paid
6500,36 months,16.31,229.52,D,< 1 year,RENT,102100,Not Verified,debt_consolidation,9.66,0,691,39.5,Fully Paid
9400,36 months,11.03,307.88,B,1 year,MORTGAGE,204400,Not Verified,debt_consolidation,40.58,0,732,84.6,Fully Paid
6200,36 months,17.12,221.42,D,8 years,MORTGAGE,127900,Verified,credit_card,11.39,1,681,67.5,Charged Off
9300,36 months,22.76,358.84,F,6 years,MORTGAGE,31400,Source Verified,debt_consolidation,10.57,1,637,37.5,Charged Off
13400,36 months,11.03,438.89,B,3 years,MORTGAGE,100200,Verified,credit_card,16.69,0,704,11.3,Fully Paid
23100,36 months,14.67,797.04,C,10+ years,MORTGAGE,39800,Not Verified,credit_card,22.57,0,704,18.9,Fully Paid
12100,36 months,10.89,395.51,B,10+ years,OWN,78000,Verified,major_purchase,23.39,0,700,49.6,Charged Off
9900,36 months,13.76,337.21,C,< 1 year,MORTGAGE,32200,Verified,credit_card,8.32,0,709,83.2,Fully Paid
15800,36 months,13.3,534.65,C,3 years,RENT,22100,Verified,debt_consolidation,4.73,0,710,25.2,Fully Paid
11500,36 months,11.83,381.03,C,,OWN,216300,Not Verified,debt_consolidation,9.48,0,689,12.0,Fully Paid
16900,36 months,9.41,540.65,B,10+ years,MORTGAGE,64900,Source Verified,debt_consolidation,10.53,0,707,60.4,Fully Paid
5600,36 months,12.39,187.04,C,7 years,RENT,101300,Source Verified,debt_consolidation,3.82,1,712,5.0,Fully Paid
7300,36 months,12.59,244.53,C,4 years,MORTGAGE,80000,Verified,debt_consolidation,10.82,0,695,47.5,Fully Paid
8900,36 months,16.88,316.78,E,1 year,RENT,87300,Source Verified,debt_consolidation,8.84,1,662,62.7,Charged Off
31100,36 months,17.24,1112.52,D,8 years,MORTGAGE,48500,Not Verified,debt_consolidation,22.34,0,673,24.1,Fully Paid
10500,36 months,11.08,344.15,B,< 1 year,OWN,85100,Not Verified,debt_consolidation,17.53,0,717,27.3,Fully Paid
13500,36 months,12.2,449.68,B,1 year,RENT,111800,Not Verified,debt_consolidation,21.63,0,707,47.7,Charged Off
5100,36 months,10.78,166.44,B,3 years,MORTGAGE,108100,Verified,debt_consolidation,17.81,0,702,68.3,Fully Paid
6200,60 months,10.53,133.35,B,6 years,RENT,61000,Not Verified,debt_consolidation,8.87,0,710,40.1,Fully Paid
19300,36 months,27.91,797.38,G,2 years,RENT,51000,Not Verified,debt_consolidation,14.42,0,639,33.5,Charged Off
12700,36 months,10.06,410.15,B,< 1 year,MORTGAGE,19600,Source Verified,debt_consolidation,15.45,0,716,87.2,Fully Paid
13800,36 months,25.61,553.15,G,6 years,RENT,80700,Source Verified,debt_consolidation,8.51,0,657,34.9,Fully Paid
8500,60 months,5.39,161.93,A,6 years,RENT,135400,Source Verified,credit_card,13.12,1,751,24.5,Fully Paid
10300,60 months,15.12,245.69,D,5 years,RENT,24400,Not Verified,debt_consolidation,27.37,0,678,64.9,Charged Off
38400,36 months,9.71,1233.84,B,3 years,RENT,61000,Verified,credit_card,28.3,0,731,55.4,Fully Paid
19700,36 months,8.89,625.45,B,< 1 year,MORTGAGE,38900,Not Verified,debt_consolidation,13.92,0,731,48.8,Fully Paid
22500,36 months,15.84,789.26,C,10+ years,RENT,131900,Source Verified,debt_consolidation,14.1,0,703,37.0,Fully Paid
12400,36 months,10.49,402.97,B,6 years,RENT,275300,Not Verified,debt_consolidation,22.58,0,708,50.5,Fully Paid
19000,36 months,10.39,616.56,B,6 years,MORTGAGE,71000,Not Verified,debt_consolidation,17.12,0,727,37.4,Fully Paid
16000,36 months,14.89,553.78,C,1 year,MORTGAGE,29900,Verified,debt_consolidation,7.81,0,689,57.0,Fully Paid
5400,36 months,6.35,165.14,A,7 years,MORTGAGE,137300,Source Verified,debt_consolidation,5.23,1,737,16.3,Fully Paid
13200,36 months,14.19,452.36,C,3 years,OWN,101400,Not Verified,credit_card,27.4,0,721,72.2,Charged Off
16900,36 months,14.24,579.57,C,2 years,RENT,115900,Not Verified,debt_consolidation,5.64,0,684,7.2,Fully Paid
32700,36 months,14.72,1129.08,C,,MORTGAGE,84600,Verified,debt_consolidation,14.61,0,691,68.9,Fully Paid
6000,36 months,16.71,213.05,D,8 years,MORTGAGE,46700,Source Verified,debt_consolidation,20.96,0,702,31.7,Charged Off
38700,36 months,12.76,1299.49,C,10+ years,RENT,59800,Source Verified,debt_consolidation,32.12,0,702,74.2,Fully Paid
27200,60 months,11.06,592.21,C,10+ years,MORTGAGE,143400,Not Verified,debt_consolidation,17.43,0,712,79.3,Fully Paid
10000,36 months,7.12,309.32,A,2 years,RENT,17900,Not Verified,debt_consolidation,13.9,0,753,42.4,Fully Paid
6900,60 months,17.36,172.82,D,10+ years,RENT,48400,Verified,debt_consolidation,25.64,1,682,64.6,Fully Paid
5900,36 months,7.89,184.59,A,3 years,RENT,76400,Verified,debt_consolidation,7.93,0,764,29.6,Fully Paid
6800,60 months,18.39,174.12,E,3 years,MORTGAGE,32500,Not Verified,debt_consolidation,12.84,1,693,68.3,Fully Paid
17400,36 months,13.72,592.33,C,,MORTGAGE,156100,Verified,debt_consolidation,35.38,1,675,67.7,Charged Off
10400,36 months,19.85,385.71,E,8 years,MORTGAGE,74800,Not Verified,debt_consolidation,8.06,0,686,47.8,Fully Paid
11300,36 months,17.82,407.5,E,10+ years,OWN,88600,Source Verified,debt_consolidation,7.97,1,680,56.7,Charged Off
10300,36 months,12.04,342.3,B,1 year,RENT,41500,Source Verified,credit_card,23.54,1,714,45.1,Fully Paid
2800,36 months,29.43,117.99,G,7 years,RENT,32600,Verified,debt_consolidation,6.18,1,661,37.3,Fully Paid
9100,36 months,15.94,319.66,D,< 1 year,RENT,53500,Not Verified,debt_consolidation,18.95,0,704,46.3,Fully Paid
9300,36 months,20.13,346.24,E,6 years,MORTGAGE,79000,Verified,debt_consolidation,28.31,0,653,65.9,Fully Paid
17300,36 months,12.68,580.24,D,10+ years,MORTGAGE,22400,Source Verified,debt_consolidation,19.85,0,682,33.5,Fully Paid
12900,60 months,8.75,266.22,B,8 years,RENT,100400,Not Verified,debt_consolidation,19.09,0,722,34.3,Fully Paid
9500,60 months,9.62,200.08,B,4 years,RENT,33600,Verified,credit_card,11.48,0,710,50.1,Fully Paid
19900,36 months,19.87,738.24,D,10+ years,MORTGAGE,129700,Not Verified,credit_card,20.32,0,681,46.1,Fully Paid
3800,36 months,15.41,132.49,C,2 years,MORTGAGE,49600,Source Verified,credit_card,13.78,0,700,22.2,Fully Paid
11500,36 months,12.98,387.37,C,4 years,MORTGAGE,119800,Verified,debt_consolidation,12.26,0,705,71.0,Fully Paid
12100,36 months,23.15,469.33,F,10+ years,MORTGAGE,92200,Verified,credit_card,13.53,0,648,11.9,Charged Off
7700,36 months,15.25,267.87,C,6 years,MORTGAGE,60600,Source Verified,car,10.49,0,706,68.9,Charged Off
21600,36 months,13.37,731.64,C,10+ years,RENT,59500,Verified,debt_consolidation,16.9,0,705,42.5,Fully Paid
18700,36 months,10.0,603.4,B,,RENT,48600,Verified,credit_card,29.65,0,702,57.7,Fully Paid
7500,60 months,12.32,168.05,B,5 years,MORTGAGE,197000,Not Verified,credit_card,11.44,0,701,81.3,Fully Paid
14300,36 months,16.61,507.06,D,,MORTGAGE,29400,Source Verified,debt_consolidation,7.24,0,694,38.4,Fully Paid
17900,60 months,14.18,418.17,C,4 years,RENT,75400,Verified,credit_card,22.98,0,702,81.6,Fully Paid
10300,36 months,9.98,332.26,B,5 years,MORTGAGE,131900,Verified,home_improvement,9.03,0,697,73.9,Fully Paid
14500,60 months,11.15,316.35,B,2 years,RENT,158100,Verified,credit_card,29.34,1,728,20.2,Fully Paid
10900,60 months,7.11,216.4,A,2 years,RENT,75500,Source Verified,debt_consolidation,37.46,0,754,67.3,Fully Paid
11700,60 months,11.56,257.67,B,4 years,MORTGAGE,67700,Source Verified,credit_card,34.34,0,717,60.4,Fully Paid
13200,36 months,11.32,434.15,B,10+ years,OTHER,69400,Source Verified,debt_consolidation,30.28,0,714,82.6,Fully Paid
4200,60 months,11.28,91.91,B,,MORTGAGE,36800,Verified,debt_consolidation,30.18,1,724,47.9,Fully Paid
8700,36 months,24.46,343.43,G,9 years,RENT,79100,Verified,credit_card,25.5,0,650,83.5,Charged Off
6300,36 months,11.69,208.32,C,7 years,MORTGAGE,54100,Not Verified,credit_card,41.25,0,685,57.4,Charged Off
7500,60 months,9.33,156.89,B,10+ years,MORTGAGE,63400,Not Verified,debt_consolidation,18.57,0,725,55.0,Fully Paid
9300,60 months,16.25,227.4,D,< 1 year,MORTGAGE,24900,Not Verified,credit_card,21.63,0,685,54.6,Fully Paid
20600,36 months,10.65,671.01,B,7 years,MORTGAGE,35500,Verified,credit_card,13.32,0,726,58.1,Fully Paid
7200,60 months,11.63,158.82,C,10+ years,RENT,121600,Source Verified,car,13.24,0,690,58.9,Charged Off
7500,36 months,11.0,245.54,B,10+ years,MORTGAGE,103400,Source Verified,debt_consolidation,20.2,0,722,62.1,Charged Off
9000,36 months,16.04,316.59,D,8 years,OWN,141000,Not Verified,small_business,33.85,0,683,18.3,Fully Paid
4900,36 months,14.11,167.73,C,10+ years,RENT,30600,Source Verified,debt_consolidation,17.19,0,697,25.5,Fully Paid
16100,36 months,10.2,521.01,B,7 years,RENT,105900,Not Verified,major_purchase,6.44,0,724,50.0,Fully Paid
31400,36 months,6.61,963.95,A,10+ years,MORTGAGE,82900,Not Verified,debt_consolidation,13.05,0,743,36.3,Fully Paid
17600,36 months,10.17,569.31,B,,MORTGAGE,114600,Verified,credit_card,14.23,0,710,46.8,Fully Paid
21000,36 months,18.7,766.59,D,9 years,RENT,47700,Not Verified,car,20.26,1,681,27.1,Fully Paid
23300,60 months,10.56,501.5,B,10+ years,MORTGAGE,42500,Source Verified,debt_consolidation,16.52,0,700,77.3,Fully Paid
40000,60 months,11.16,872.89,B,10+ years,OWN,91200,Verified,small_business,6.23,0,707,94.2,Fully Paid
8300,60 months,6.52,162.48,A,2 years,OWN,62700,Not Verified,debt_consolidation,17.28,1,742,62.6,Fully Paid
15300,36 months,10.2,495.13,B,10+ years,RENT,55100,Verified,debt_consolidation,14.87,1,692,49.2,Fully Paid
10900,36 months,7.42,338.66,A,10+ years,RENT,121700,Source Verified,debt_consolidation,14.26,0,752,20.4,Fully Paid
6100,60 months,13.45,140.2,C,10+ years,MORTGAGE,40400,Not Verified,credit_card,20.9,1,681,,Fully Paid
15800,36 months,14.78,546.01,D,3 years,RENT,58900,Not Verified,debt_consolidation,22.16,1,684,52.1,Fully Paid
10000,36 months,18.5,364.04,E,10+ years,MORTGAGE,40400,Verified,credit_card,5.17,0,674,32.4,Fully Paid
11200,36 months,10.12,362.02,B,6 years,MORTGAGE,86400,Source Verified,credit_card,15.54,0,694,54.2,Fully Paid
10000,36 months,9.06,318.28,B,10+ years,RENT,42600,Not Verified,credit_card,27.36,1,713,54.8,Fully Paid
10600,36 months,9.26,338.36,B,5 years,RENT,158200,Verified,debt_consolidation,7.38,1,722,42.7,Fully Paid
14200,60 months,10.19,303.04,B,10+ years,MORTGAGE,42600,Not Verified,medical,10.9,0,719,19.3,Fully Paid
27200,60 months,14.74,643.38,C,3 years,RENT,66300,Source Verified,debt_consolidation,30.63,1,714,37.3,Charged Off
34800,36 months,15.5,1214.89,D,10+ years,MORTGAGE,83300,Verified,debt_consolidation,23.88,0,680,35.4,Fully Paid
10900,60 months,7.0,215.83,A,2 years,MORTGAGE,37200,Verified,major_purchase,21.16,1,750,30.8,Fully Paid
5900,36 months,12.71,197.97,C,7 years,OTHER,50300,Not Verified,debt_consolidation,23.8,0,707,53.3,Fully Paid
18400,60 months,7.63,369.84,A,3 years,RENT,37500,Verified,credit_card,12.1,1,745,30.4,Fully Paid
6700,36 months,15.7,234.56,D,7 years,MORTGAGE,53300,Source Verified,small_business,8.6,0,676,92.5,Fully Paid
16400,60 months,13.08,373.82,C,2 years,MORTGAGE,209000,Not Verified,debt_consolidation,6.4,1,679,83.7,Fully Paid
9600,36 months,11.6,317.03,B,5 years,RENT,71600,Verified,small_business,18.73,0,709,37.5,Fully Paid
4900,36 months,6.36,149.87,A,10+ years,MORTGAGE,92600,Not Verified,debt_consolidation,14.49,0,769,62.5,Fully Paid
28700,36 months,15.81,1006.32,D,10+ years,MORTGAGE,37400,Verified,debt_consolidation,16.97,1,663,47.1,Fully Paid
15700,60 months,9.54,330.04,B,4 years,MORTGAGE,132700,Verified,credit_card,9.79,0,763,58.5,Fully Paid
18600,36 months,11.79,615.92,C,4 years,MORTGAGE,84400,Verified,debt_consolidation,13.05,0,702,75.9,Fully Paid
6700,60 months,14.59,157.95,C,1 year,OWN,46100,Verified,home_improvement,7.49,3,711,66.9,Charged Off
8000,36 months,8.24,251.58,A,6 years,MORTGAGE,74600,Verified,debt_consolidation,31.65,0,759,36.3,Fully Paid
28800,60 months,11.64,635.41,C,10+ years,OWN,197500,Source Verified,debt_consolidation,19.81,0,684,43.5,Fully Paid
10200,36 months,15.35,355.34,C,10+ years,RENT,156300,Source Verified,credit_card,30.7,0,687,55.9,Charged Off
15000,36 months,7.43,466.11,A,10+ years,RENT,48000,Source Verified,debt_consolidation,20.99,1,746,81.6,Fully Paid
8500,36 months,10.7,277.07,B,5 years,MORTGAGE,26700,Source Verified,major_purchase,26.19,0,711,50.8,Fully Paid
7700,36 months,9.37,246.19,B,10+ years,OWN,126900,Verified,credit_card,15.53,0,715,84.1,Fully Paid
15600,36 months,12.98,525.48,C,10+ years,RENT,67500,Verified,medical,18.4,0,712,57.2,Fully Paid
32600,36 months,22.69,1256.68,F,10+ years,MORTGAGE,57300,Source Verified,credit_card,22.9,1,666,68.3,Charged Off
15200,36 months,10.54,494.32,B,5 years,RENT,152100,Not Verified,credit_card,19.39,1,723,58.6,Fully Paid
6500,36 months,13.77,221.43,C,2 years,MORTGAGE,150300,Verified,credit_card,20.5,0,692,41.4,Fully Paid
14500,36 months,14.42,498.54,D,3 years,RENT,87600,Verified,debt_consolidation,21.07,0,680,49.4,Fully Paid
7300,36 months,16.84,259.68,D,1 year,RENT,95200,Source Verified,debt_consolidation,33.12,0,674,60.5,Fully Paid
9100,36 months,7.82,284.41,A,2 years,MORTGAGE,45500,Not Verified,debt_consolidation,20.89,1,742,81.8,Fully Paid
6700,36 months,18.96,245.46,D,10+ years,RENT,35300,Verified,car,31.81,0,684,49.6,Fully Paid
6100,36 months,14.58,210.21,C,10+ years,RENT,164500,Source Verified,home_improvement,33.93,1,732,78.3,Fully Paid
12300,36 months,11.2,403.85,B,5 years,RENT,106000,Verified,debt_consolidation,19.97,1,720,56.7,Fully Paid
5500,36 months,9.1,175.15,B,5 years,MORTGAGE,81200,Verified,other,15.6,0,715,41.5,Fully Paid
32900,60 months,6.91,650.06,A,4 years,MORTGAGE,39000,Not Verified,debt_consolidation,15.81,0,738,30.9,Fully Paid
11800,36 months,27.27,483.45,F,10+ years,MORTGAGE,143600,Verified,credit_card,26.41,1,663,49.4,Charged Off
19300,60 months,12.52,434.41,C,9 years,MORTGAGE,54000,Verified,debt_consolidation,26.4,0,679,,Fully Paid
11900,36 months,17.76,428.78,D,5 years,OWN,76400,Source Verified,debt_consolidation,11.64,0,685,69.5,Fully Paid
16900,36 months,11.0,553.28,B,9 years,RENT,48600,Verified,debt_consolidation,4.4,0,718,41.1,Fully Paid
15200,36 months,20.76,570.79,E,4 years,MORTGAGE,179800,Verified,credit_card,17.53,0,666,52.0,Charged Off
10000,36 months,9.14,318.65,B,1 year,MORTGAGE,160900,Source Verified,debt_consolidation,8.11,0,704,72.6,Fully Paid
10700,36 months,14.07,366.06,C,< 1 year,MORTGAGE,123600,Not Verified,debt_consolidation,14.67,0,704,60.1,Fully Paid
18100,36 months,20.64,678.58,E,8 years,OWN,179100,Source Verified,debt_consolidation,7.98,0,668,41.4,Fully Paid
14800,36 months,16.2,521.79,D,7 years,RENT,24300,Not Verified,debt_consolidation,17.36,0,669,43.1,Fully Paid
10200,36 months,13.74,347.33,D,10+ years,OWN,119700,Source Verified,debt_consolidation,16.85,0,689,37.7,Charged Off
5000,60 months,16.69,123.43,D,1 year,MORTGAGE,82300,Not Verified,debt_consolidation,29.96,0,687,47.7,Charged Off
21600,36 months,12.11,718.56,C,10+ years,RENT,115700,Source Verified,debt_consolidation,5.18,1,684,73.8,Fully Paid
10600,60 months,11.24,231.74,B,8 years,RENT,96500,Verified,debt_consolidation,11.1,2,714,10.9,Fully Paid
28100,36 months,12.55,940.72,C,8 years,MORTGAGE,133900,Source Verified,debt_consolidation,8.66,0,716,57.6,Charged Off
3900,60 months,23.69,111.49,F,10+ years,RENT,56800,Verified,debt_consolidation,15.35,1,651,50.6,Fully Paid
6500,60 months,10.6,140.03,B,9 years,MORTGAGE,97100,Not Verified,home_improvement,35.8,0,742,20.4,Fully Paid
17900,36 months,10.42,581.12,B,7 years,RENT,17700,Not Verified,major_purchase,22.26,0,714,83.2,Fully Paid
11200,36 months,13.19,378.4,C,1 year,RENT,35600,Source Verified,other,11.85,1,699,42.3,Fully Paid
19000,36 months,17.41,681.29,D,< 1 year,RENT,136500,Source Verified,small_business,22.25,0,705,43.3,Charged Off
12000,60 months,14.13,280.03,C,10+ years,RENT,20200,Source Verified,debt_consolidation,17.07,0,710,25.7,Fully Paid
11200,60 months,11.39,245.7,B,1 year,MORTGAGE,24600,Verified,other,4.69,0,715,37.5,Fully Paid
26100,36 months,11.93,866.02,B,5 years,MORTGAGE,34700,Verified,debt_consolidation,9.62,1,695,83.8,Fully Paid
4900,36 months,13.65,166.64,C,< 1 year,MORTGAGE,39200,Source Verified,home_improvement,12.7,1,712,71.5,Fully Paid
12500,60 months,6.87,246.75,A,10+ years,MORTGAGE,65400,Source Verified,car,7.13,0,751,30.3,Fully Paid
19300,36 months,18.69,704.44,E,9 years,RENT,77800,Source Verified,debt_consolidation,7.68,0,675,47.7,Fully Paid
9900,36 months,9.93,319.12,B,6 years,MORTGAGE,39100,Not Verified,credit_card,16.38,1,712,84.2,Fully Paid
13600,60 months,10.51,292.38,B,10+ years,MORTGAGE,72800,Verified,other,24.73,0,713,81.2,Charged Off
9200,36 months,11.83,304.83,B,7 years,MORTGAGE,84000,Not Verified,debt_consolidation,16.7,0,726,72.9,Charged Off
11500,36 months,14.4,395.28,C,8 years,OWN,70900,Source Verified,credit_card,17.23,2,701,14.2,Fully Paid
3500,36 months,6.9,107.91,A,3 years,RENT,63400,Verified,debt_consolidation,24.94,0,726,29.7,Fully Paid
14200,36 months,15.0,492.25,D,10+ years,RENT,22100,Verified,medical,25.19,0,708,83.7,Charged Off
13600,60 months,7.13,270.13,A,7 years,MORTGAGE,89900,Not Verified,debt_consolidation,10.09,0,743,86.9,Fully Paid
15600,36 months,12.31,520.46,C,10+ years,OWN,124200,Source Verified,debt_consolidation,28.92,0,693,42.5,Fully Paid
9100,36 months,20.88,342.28,E,10+ years,OTHER,17900,Not Verified,debt_consolidation,17.87,1,670,20.3,Charged Off
5500,36 months,12.44,183.84,C,2 years,MORTGAGE,38400,Verified,debt_consolidation,20.03,0,696,60.8,Fully Paid
18400,60 months,10.72,397.5,B,5 years,MORTGAGE,75900,Source Verified,home_improvement,15.88,0,708,43.4,Fully Paid
6800,36 months,10.38,220.63,B,10+ years,MORTGAGE,53800,Not Verified,credit_card,10.87,0,703,13.5,Fully Paid
17300,36 months,9.18,551.59,C,2 years,MORTGAGE,36400,Verified,debt_consolidation,16.44,1,704,30.0,Fully Paid
23200,36 months,10.66,755.81,B,10+ years,RENT,50100,Verified,credit_card,13.28,0,711,56.0,Fully Paid
15900,36 months,13.1,536.5,C,10+ years,RENT,159700,Verified,debt_consolidation,10.24,0,723,21.1,Fully Paid
13200,36 months,6.9,406.97,A,10+ years,RENT,127500,Verified,debt_consolidation,32.06,0,751,57.1,Fully Paid
4600,60 months,11.48,101.12,B,10+ years,MORTGAGE,31900,Not Verified,credit_card,26.04,0,715,85.0,Charged Off
12200,36 months,14.51,420.0,C,< 1 year,RENT,31700,Verified,debt_consolidation,13.66,0,708,46.5,Fully Paid
20700,60 months,7.88,418.53,A,3 years,OWN,91600,Source Verified,debt_consolidation,21.24,1,757,65.7,Charged Off
4800,36 months,13.65,163.24,C,2 years,RENT,92600,Not Verified,debt_consolidation,17.3,0,697,13.9,Fully Paid
8500,60 months,7.77,171.42,A,7 years,RENT,85100,Source Verified,debt_consolidation,25.91,0,757,88.7,Fully Paid
8700,36 months,10.79,283.96,B,< 1 year,RENT,49300,Not Verified,debt_consolidation,21.73,0,731,60.6,Fully Paid
18300,36 months,13.95,625.01,C,1 year,RENT,58400,Verified,debt_consolidation,31.85,0,696,91.3,Charged Off
8400,36 months,12.86,282.46,C,6 years,RENT,75000,Source Verified,credit_card,19.6,1,699,12.8,Fully Paid
8800,36 months,10.65,286.64,B,10+ years,MORTGAGE,36700,Source Verified,debt_consolidation,10.2,1,714,45.3,Fully Paid
31200,36 months,14.14,1068.46,C,6 years,MORTGAGE,73700,Not Verified,credit_card,21.05,0,696,91.9,Fully Paid
14800,36 months,7.54,460.64,A,10+ years,RENT,77300,Not Verified,debt_consolidation,21.64,0,745,83.9,Fully Paid
18600,60 months,14.82,440.74,C,10+ years,MORTGAGE,21600,Not Verified,other,12.81,2,692,50.9,Fully Paid
14700,36 months,10.32,476.54,B,2 years,RENT,40500,Verified,debt_consolidation,12.68,3,714,46.8,Fully Paid
9800,60 months,9.31,204.91,B,6 years,MORTGAGE,79300,Not Verified,credit_card,12.16,0,724,80.7,Fully Paid
13700,36 months,7.19,424.21,A,< 1 year,RENT,160000,Not Verified,debt_consolidation,13.9,0,734,28.3,Fully Paid
11600,36 months,11.88,384.62,C,10+ years,OWN,98300,Verified,debt_consolidation,33.63,0,705,35.9,Fully Paid
3400,36 months,16.14,119.77,D,4 years,MORTGAGE,77000,Source Verified,credit_card,15.77,0,667,57.2,Fully Paid
13500,36 months,13.45,457.8,C,1 year,MORTGAGE,66900,Not Verified,debt_consolidation,13.02,0,715,18.7,Fully Paid
10600,36 months,17.02,378.02,D,10+ years,RENT,170200,Source Verified,credit_card,18.03,0,689,76.1,Charged Off
14000,36 months,13.49,475.03,C,10+ years,MORTGAGE,44500,Verified,debt_consolidation,16.08,1,693,21.8,Fully Paid
17600,36 months,10.23,569.8,B,10+ years,MORTGAGE,152700,Verified,small_business,11.38,0,718,70.2,Fully Paid
8900,36 months,12.11,296.08,B,10+ years,RENT,205200,Verified,debt_consolidation,16.45,0,722,44.2,Fully Paid
11000,36 months,6.74,338.34,A,,MORTGAGE,35700,Source Verified,debt_consolidation,10.78,0,736,63.5,Fully Paid
10100,60 months,16.65,249.11,D,8 years,MORTGAGE,74400,Not Verified,debt_consolidation,33.91,0,699,72.7,Fully Paid
17300,36 months,17.6,621.97,D,5 years,MORTGAGE,130700,Verified,debt_consolidation,17.76,0,670,45.8,Fully Paid
35400,60 months,5.91,682.9,A,,OWN,56600,Not Verified,debt_consolidation,14.2,1,729,66.6,Fully Paid
9000,36 months,28.75,375.93,F,8 years,MORTGAGE,45100,Not Verified,debt_consolidation,14.67,0,651,77.5,Charged Off
15500,36 months,28.9,648.7,F,2 years,RENT,38600,Verified,debt_consolidation,15.61,0,636,50.8,Fully Paid
11000,36 months,9.78,353.8,B,6 years,MORTGAGE,87300,Not Verified,debt_consolidation,28.22,0,715,68.1,Fully Paid
7900,36 months,20.91,297.27,E,< 1 year,OWN,82600,Not Verified,debt_consolidation,32.13,0,692,50.3,Charged Off
11200,36 months,11.66,370.18,C,3 years,RENT,62500,Verified,credit_card,13.41,0,705,53.0,Fully Paid
12900,36 months,11.51,425.45,B,10+ years,MORTGAGE,46400,Source Verified,medical,10.61,1,738,40.5,Fully Paid
10100,36 months,5.46,304.8,A,9 years,MORTGAGE,284100,Verified,debt_consolidation,27.96,0,738,38.9,Fully Paid
7800,36 months,9.53,249.97,B,< 1 year,OWN,58600,Verified,debt_consolidation,24.44,0,704,14.7,Fully Paid
8500,36 months,10.66,276.91,B,10+ years,MORTGAGE,40900,Not Verified,debt_consolidation,17.36,0,711,73.3,Fully Paid
7300,60 months,14.57,172.02,D,< 1 year,RENT,59300,Verified,debt_consolidation,3.82,0,691,67.2,Fully Paid
16000,60 months,10.61,344.77,B,7 years,MORTGAGE,60300,Source Verified,credit_card,5.21,0,709,25.6,Fully Paid
12400,36 months,18.29,450.1,E,3 years,RENT,71400,Source Verified,major_purchase,18.93,0,662,4.3,Fully Paid
10100,36 months,11.33,332.24,B,10+ years,MORTGAGE,39300,Not Verified,debt_consolidation,29.79,1,725,62.3,Fully Paid
22100,36 months,17.36,791.89,D,10+ years,MORTGAGE,66200,Not Verified,debt_consolidation,8.86,1,697,40.3,Charged Off
6700,36 months,16.73,237.97,D,10+ years,RENT,75100,Source Verified,credit_card,14.32,0,681,81.1,Fully Paid
12800,36 months,13.15,432.21,D,10+ years,MORTGAGE,35600,Source Verified,credit_card,25.96,0,700,,Fully Paid
9700,60 months,13.25,221.95,C,10+ years,MORTGAGE,82400,Not Verified,debt_consolidation,19.88,0,708,40.0,Fully Paid
9700,36 months,6.94,299.24,A,10+ years,MORTGAGE,24900,Source Verified,debt_consolidation,26.58,0,747,24.6,Fully Paid
14500,36 months,9.9,467.19,A,7 years,RENT,121500,Not Verified,home_improvement,7.73,0,746,30.2,Fully Paid
14900,36 months,24.34,587.23,F,5 years,MORTGAGE,40800,Verified,credit_card,13.77,0,665,82.7,Charged Off
19900,60 months,12.09,443.57,B,10+ years,MORTGAGE,68000,Not Verified,debt_consolidation,18.02,0,737,41.0,Fully Paid
22600,60 months,11.33,495.11,B,5 years,MORTGAGE,61300,Not Verified,debt_consolidation,14.82,0,724,46.2,Fully Paid
10400,36 months,11.75,344.19,B,10+ years,MORTGAGE,71900,Verified,debt_consolidation,3.74,0,720,57.6,Fully Paid
7700,60 months,16.29,188.44,D,7 years,RENT,103700,Not Verified,medical,16.36,0,698,65.9,Fully Paid
6300,36 months,12.68,211.3,C,10+ years,RENT,21500,Source Verified,debt_consolidation,16.76,0,691,96.5,Charged Off
40000,36 months,10.16,1293.69,B,,RENT,52800,Verified,debt_consolidation,9.47,1,707,48.5,Fully Paid
6100,60 months,11.81,135.11,B,5 years,RENT,102800,Not Verified,debt_consolidation,23.31,1,719,56.5,Fully Paid
9300,36 months,10.13,300.65,B,2 years,MORTGAGE,72400,Source Verified,credit_card,22.07,1,722,31.2,Fully Paid
7100,36 months,13.12,239.64,C,3 years,OWN,148000,Not Verified,credit_card,10.43,1,687,60.0,Fully Paid
16800,36 months,12.64,563.15,C,7 years,MORTGAGE,93400,Not Verified,debt_consolidation,22.08,0,726,61.9,Fully Paid
6400,60 months,7.66,128.73,B,10+ years,MORTGAGE,52100,Verified,debt_consolidation,33.22,0,714,36.1,Charged Off
7800,36 months,13.32,264.02,C,10+ years,MORTGAGE,75500,Verified,debt_consolidation,9.23,1,702,66.7,Fully Paid
8800,60 months,12.57,198.3,B,10+ years,MORTGAGE,43600,Verified,debt_consolidation,18.34,0,706,76.4,Fully Paid
22700,60 months,7.17,451.31,A,10+ years,OWN,46800,Not Verified,debt_consolidation,18.29,0,775,45.4,Fully Paid
10000,36 months,11.34,329.0,B,10+ years,MORTGAGE,103500,Source Verified,debt_consolidation,14.1,0,717,33.7,Fully Paid
6700,60 months,12.82,151.83,C,3 years,OWN,71800,Not Verified,credit_card,10.7,0,703,56.2,Fully Paid
6300,36 months,11.12,206.61,B,10+ years,MORTGAGE,44500,Not Verified,credit_card,6.89,0,725,32.1,Fully Paid
33400,36 months,17.46,1198.46,D,4 years,MORTGAGE,120800,Verified,debt_consolidation,13.5,0,664,70.3,Fully Paid
15600,36 months,9.77,501.69,B,10+ years,RENT,93000,Verified,debt_consolidation,7.73,0,681,71.5,Fully Paid
19700,36 months,22.5,757.46,E,1 year,OWN,75100,Not Verified,debt_consolidation,20.79,0,678,21.0,Fully Paid
11800,60 months,10.91,256.03,B,10+ years,MORTGAGE,250900,Not Verified,debt_consolidation,18.94,0,730,53.0,Fully Paid
14800,36 months,11.6,488.75,B,,RENT,59800,Verified,debt_consolidation,25.26,0,731,49.7,Fully Paid
12700,60 months,11.55,279.63,B,3 years,RENT,50900,Not Verified,debt_consolidation,29.28,0,708,83.8,Fully Paid
12300,60 months,11.98,273.48,B,4 years,RENT,60300,Not Verified,debt_consolidation,13.49,1,710,12.2,Fully Paid
10900,36 months,15.68,381.49,D,2 years,MORTGAGE,50600,Verified,debt_consolidation,18.93,1,670,89.1,Fully Paid
9500,36 months,12.95,319.86,C,9 years,MORTGAGE,47600,Source Verified,home_improvement,5.87,0,721,45.9,Fully Paid
19700,36 months,5.12,591.49,A,1 year,RENT,274600,Not Verified,debt_consolidation,15.21,0,747,67.2,Fully Paid
8300,60 months,6.94,164.12,A,6 years,MORTGAGE,122700,Not Verified,debt_consolidation,28.6,0,723,19.3,Fully Paid
14200,36 months,6.44,434.83,A,3 years,RENT,18200,Source Verified,debt_consolidation,5.73,1,742,30.8,Fully Paid
8700,36 months,10.39,282.32,B,10+ years,OWN,122300,Verified,debt_consolidation,23.42,0,726,62.5,Fully Paid
3900,36 months,11.8,129.16,B,1 year,MORTGAGE,143600,Not Verified,home_improvement,14.66,0,709,69.8,Charged Off
11800,36 months,15.09,409.57,E,10+ years,RENT,35400,Source Verified,medical,17.99,0,650,39.3,Charged Off
26100,60 months,7.5,522.99,A,10+ years,RENT,75600,Source Verified,debt_consolidation,19.05,0,737,44.3,Fully Paid
14900,36 months,10.26,482.6,B,10+ years,MORTGAGE,63600,Verified,debt_consolidation,22.75,1,720,30.6,Fully Paid
11600,36 months,13.73,394.94,C,8 years,MORTGAGE,26600,Not Verified,debt_consolidation,24.82,1,720,61.6,Charged Off
7400,36 months,13.19,250.01,C,1 year,MORTGAGE,99700,Verified,credit_card,9.55,1,694,60.3,Fully Paid
16100,60 months,9.03,334.44,B,10+ years,MORTGAGE,108200,Verified,credit_card,21.24,0,724,30.9,Fully Paid
20900,36 months,10.59,680.19,B,6 years,RENT,110600,Not Verified,other,11.14,0,718,44.1,Charged Off
4900,36 months,12.69,164.37,C,5 years,MORTGAGE,169800,Source Verified,debt_consolidation,17.63,0,679,23.7,Fully Paid
14300,60 months,10.0,303.83,B,3 years,OWN,72600,Not Verified,credit_card,5.05,3,709,39.1,Fully Paid
11400,36 months,14.08,390.07,C,3 years,MORTGAGE,57100,Verified,debt_consolidation,26.78,0,700,70.8,Charged Off
10700,36 months,10.8,349.29,B,2 years,OWN,202600,Verified,car,5.23,1,708,70.6,Fully Paid
40000,36 months,13.76,1362.45,C,10+ years,RENT,92500,Not Verified,debt_consolidation,16.8,1,708,47.9,Fully Paid
20500,60 months,6.46,400.72,A,5 years,MORTGAGE,46500,Not Verified,credit_card,20.94,0,738,81.1,Fully Paid
14000,60 months,12.19,312.77,C,10+ years,MORTGAGE,43800,Source Verified,credit_card,6.61,1,679,59.0,Fully Paid
9600,36 months,12.32,320.33,C,7 years,RENT,59400,Source Verified,credit_card,13.2,0,722,30.3,Fully Paid
15800,60 months,12.86,358.37,C,8 years,MORTGAGE,13300,Not Verified,debt_consolidation,20.83,0,702,26.0,Fully Paid
20200,36 months,12.17,672.57,C,10+ years,MORTGAGE,222600,Verified,credit_card,18.5,0,701,58.2,Fully Paid
14100,36 months,7.02,435.5,A,10+ years,MORTGAGE,112400,Verified,debt_consolidation,22.1,2,742,23.2,Fully Paid
4200,36 months,19.08,154.13,E,10+ years,OWN,54900,Not Verified,debt_consolidation,17.86,0,649,36.9,Fully Paid
10800,36 months,6.42,330.62,A,4 years,RENT,83800,Verified,credit_card,25.63,0,745,70.4,Fully Paid
5900,36 months,13.99,201.62,C,8 years,RENT,50900,Source Verified,credit_card,29.39,0,703,32.8,Fully Paid
5600,36 months,13.82,190.91,C,1 year,RENT,49000,Not Verified,credit_card,19.38,0,707,69.4,Fully Paid
22000,60 months,10.73,475.38,B,10+ years,RENT,173700,Not Verified,debt_consolidation,2.91,1,716,67.4,Fully Paid
27500,36 months,10.89,898.88,B,5 years,MORTGAGE,106400,Not Verified,credit_card,32.99,0,742,66.3,Fully Paid
8700,36 months,9.71,279.54,B,,RENT,40800,Source Verified,major_purchase,30.87,0,729,26.7,Fully Paid
3800,36 months,9.71,122.1,B,5 years,RENT,72500,Source Verified,debt_consolidation,34.71,2,733,29.9,Fully Paid
13800,36 months,10.31,447.3,B,10+ years,MORTGAGE,150300,Verified,small_business,11.52,0,732,12.5,Fully Paid
6100,60 months,5.52,116.57,A,4 years,MORTGAGE,21200,Not Verified,debt_consolidation,18.01,0,756,66.8,Fully Paid
15600,36 months,11.98,517.99,B,< 1 year,MORTGAGE,117600,Verified,other,42.62,1,739,52.2,Fully Paid
14900,36 months,11.35,490.28,B,,OWN,61500,Source Verified,debt_consolidation,7.66,1,702,77.6,Fully Paid
7900,36 months,6.84,243.35,A,< 1 year,MORTGAGE,81300,Verified,debt_consolidation,16.78,0,739,62.3,Fully Paid
8700,36 months,10.26,281.79,B,5 years,RENT,20900,Verified,debt_consolidation,29.8,0,706,42.5,Fully Paid
8300,36 months,8.52,262.09,B,,RENT,58400,Source Verified,debt_consolidation,24.91,0,751,,Fully Paid
6900,36 months,14.24,236.63,C,7 years,RENT,77800,Not Verified,credit_card,16.8,0,699,57.2,Fully Paid
5800,36 months,19.22,213.25,D,10+ years,MORTGAGE,191000,Not Verified,debt_consolidation,16.35,0,685,71.0,Fully Paid
14300,36 months,19.6,528.53,E,9 years,RENT,112900,Verified,debt_consolidation,14.23,0,679,56.4,Fully Paid
5300,36 months,10.87,173.19,B,,MORTGAGE,60000,Verified,debt_consolidation,21.76,0,720,20.1,Charged Off
32300,36 months,10.29,1046.63,B,8 years,RENT,20700,Verified,debt_consolidation,8.92,2,722,29.2,Fully Paid
18500,36 months,8.57,584.6,A,10+ years,MORTGAGE,28200,Not Verified,home_improvement,8.6,2,742,57.3,Fully Paid
9100,36 months,10.95,297.71,B,10+ years,RENT,275000,Verified,credit_card,13.62,0,723,34.3,Fully Paid
13400,36 months,8.76,424.62,B,10+ years,OWN,87300,Not Verified,debt_consolidation,30.35,0,720,27.9,Fully Paid
19700,36 months,14.18,675.02,D,10+ years,RENT,130500,Source Verified,credit_card,20.73,0,717,65.7,Fully Paid
12200,36 months,11.92,404.75,B,10+ years,MORTGAGE,59600,Verified,debt_consolidation,24.33,1,731,26.0,Fully Paid
18100,60 months,12.66,408.69,C,10+ years,MORTGAGE,84400,Source Verified,debt_consolidation,29.35,0,692,24.8,Fully Paid
20900,36 months,12.94,703.6,C,5 years,RENT,127700,Verified,credit_card,19.93,1,702,42.9,Charged Off
13600,60 months,6.73,267.57,A,9 years,MORTGAGE,164400,Not Verified,debt_consolidation,9.83,0,741,16.5,Fully Paid
11900,36 months,10.82,388.58,B,4 years,RENT,33800,Verified,credit_card,21.71,0,719,32.2,Fully Paid
9700,36 months,17.13,346.46,D,6 years,MORTGAGE,44800,Not Verified,debt_consolidation,34.38,0,692,15.6,Fully Paid
13600,60 months,14.09,317.08,C,3 years,MORTGAGE,63100,Source Verified,debt_consolidation,35.63,0,692,40.0,Fully Paid
15800,36 months,7.42,490.9,A,< 1 year,MORTGAGE,98700,Source Verified,credit_card,50.0,0,739,49.4,Charged Off
9000,36 months,12.52,301.17,C,5 years,RENT,127100,Source Verified,credit_card,13.76,0,697,64.9,Fully Paid
23600,60 months,6.86,465.75,A,1 year,RENT,96800,Source Verified,debt_consolidation,15.73,0,732,53.9,Fully Paid
5700,36 months,11.25,187.29,B,8 years,MORTGAGE,71500,Source Verified,debt_consolidation,23.23,0,715,83.0,Fully Paid
8200,36 months,14.47,282.13,C,5 years,MORTGAGE,101400,Not Verified,credit_card,19.34,0,714,65.4,Fully Paid
9000,36 months,23.79,352.1,E,2 years,RENT,91800,Verified,debt_consolidation,14.85,1,661,72.4,Charged Off
18400,36 months,10.69,599.69,B,< 1 year,RENT,61600,Verified,debt_consolidation,13.37,1,719,39.5,Fully Paid
17300,36 months,11.17,567.77,B,10+ years,MORTGAGE,41600,Not Verified,debt_consolidation,19.61,0,739,26.6,Fully Paid
18300,36 months,22.18,700.59,E,9 years,RENT,210700,Not Verified,credit_card,14.97,0,682,47.0,Charged Off
8200,36 months,16.12,288.77,D,< 1 year,RENT,95600,Verified,debt_consolidation,8.11,0,676,38.3,Fully Paid
13100,60 months,13.1,298.74,C,6 years,RENT,26000,Verified,debt_consolidation,11.56,0,708,51.8,Fully Paid
19900,36 months,10.36,645.49,B,10+ years,OTHER,54300,Verified,debt_consolidation,11.55,1,722,51.1,Fully Paid
6800,36 months,10.6,221.34,B,4 years,OWN,61600,Not Verified,debt_consolidation,10.26,0,744,51.8,Fully Paid
40000,36 months,5.46,1207.11,A,,MORTGAGE,95400,Source Verified,credit_card,15.87,0,755,39.1,Fully Paid
12100,36 months,10.96,395.91,B,10+ years,MORTGAGE,56500,Not Verified,medical,25.19,0,708,34.6,Fully Paid
17300,36 months,11.59,571.23,C,7 years,RENT,67700,Not Verified,debt_consolidation,35.34,1,688,10.3,Fully Paid
14300,60 months,10.14,304.82,B,10+ years,MORTGAGE,49100,Not Verified,debt_consolidation,21.56,0,695,24.1,Fully Paid
10100,36 months,10.39,327.75,B,9 years,MORTGAGE,47300,Verified,debt_consolidation,11.48,0,734,50.0,Fully Paid
30300,60 months,25.7,901.82,F,10+ years,MORTGAGE,60200,Source Verified,debt_consolidation,29.55,0,646,24.1,Charged Off
21100,60 months,12.13,470.75,B,5 years,MORTGAGE,96100,Verified,debt_consolidation,10.57,2,713,68.1,Fully Paid
14200,36 months,10.88,464.08,C,3 years,MORTGAGE,55600,Not Verified,credit_card,6.09,0,692,86.0,Fully Paid
18100,36 months,12.92,609.16,C,3 years,MORTGAGE,80800,Not Verified,debt_consolidation,7.73,0,705,26.9,Fully Paid
10500,36 months,9.63,336.98,B,7 years,MORTGAGE,122100,Verified,small_business,15.03,0,706,61.1,Fully Paid
9300,60 months,10.12,198.15,B,10+ years,MORTGAGE,93300,Source Verified,other,22.88,0,713,64.7,Fully Paid
18200,36 months,12.05,604.94,C,10+ years,MORTGAGE,61800,Verified,debt_consolidation,23.5,0,696,55.2,Charged Off
6500,36 months,11.63,214.75,C,10+ years,MORTGAGE,81700,Verified,debt_consolidation,9.84,1,677,58.4,Fully Paid
24800,36 months,6.55,760.66,A,7 years,RENT,71300,Source Verified,debt_consolidation,14.26,0,732,46.3,Fully Paid
10700,60 months,16.22,261.46,C,10+ years,RENT,110600,Source Verified,debt_consolidation,15.68,0,699,62.7,Fully Paid
31500,60 months,7.56,632.09,A,5 years,RENT,52800,Source Verified,home_improvement,15.26,0,761,49.8,Fully Paid
22000,36 months,18.85,804.76,E,10+ years,MORTGAGE,12000,Verified,debt_consolidation,21.1,0,655,60.7,Charged Off
4000,36 months,6.45,122.51,A,3 years,RENT,166200,Source Verified,credit_card,34.15,0,750,25.3,Fully Paid
19000,36 months,16.11,669.02,D,10+ years,RENT,86500,Verified,debt_consolidation,21.26,0,709,9.9,Fully Paid
14700,36 months,15.79,515.29,C,3 years,RENT,25600,Verified,debt_consolidation,26.48,0,722,15.4,Charged Off
12300,36 months,11.53,405.78,B,3 years,MORTGAGE,119000,Not Verified,debt_consolidation,20.13,0,721,63.5,Charged Off
7100,36 months,13.99,242.63,C,10+ years,MORTGAGE,78000,Source Verified,credit_card,20.32,0,697,49.0,Fully Paid
11200,36 months,9.95,361.13,B,,RENT,67700,Not Verified,credit_card,11.63,1,710,75.7,Fully Paid
17400,36 months,17.5,624.7,D,10+ years,MORTGAGE,32000,Source Verified,debt_consolidation,19.12,0,688,50.6,Fully Paid
19300,60 months,7.31,384.99,A,3 years,MORTGAGE,57300,Verified,debt_consolidation,7.3,0,744,29.2,Fully Paid
7000,36 months,22.97,270.86,F,7 years,MORTGAGE,78900,Not Verified,debt_consolidation,4.76,0,677,39.1,Fully Paid
22800,60 months,19.2,593.96,D,10+ years,MORTGAGE,43500,Source Verified,debt_consolidation,7.93,0,688,47.4,Fully Paid
12300,36 months,17.65,442.52,D,5 years,MORTGAGE,74700,Not Verified,home_improvement,12.81,0,702,79.2,Fully Paid
20300,36 months,9.95,654.55,B,< 1 year,RENT,48600,Verified,home_improvement,9.57,0,723,31.9,Fully Paid
15700,36 months,15.84,550.73,D,6 years,RENT,70900,Not Verified,medical,25.29,0,671,15.4,Fully Paid
8300,60 months,6.42,162.09,A,5 years,MORTGAGE,43500,Verified,debt_consolidation,13.8,0,752,75.0,Fully Paid
7500,60 months,7.27,149.47,A,5 years,RENT,86300,Source Verified,debt_consolidation,22.69,0,754,33.8,Fully Paid
12800,36 months,13.09,431.84,C,10+ years,MORTGAGE,60400,Verified,credit_card,35.89,0,721,82.9,Fully Paid
11700,36 months,13.04,394.44,C,4 years,RENT,154400,Source Verified,debt_consolidation,18.84,0,690,29.2,Fully Paid
13600,36 months,7.88,425.42,A,9 years,MORTGAGE,80900,Source Verified,debt_consolidation,10.84,1,750,18.3,Fully Paid
10100,60 months,20.08,268.04,E,8 years,RENT,120300,Not Verified,small_business,11.11,0,674,67.9,Fully Paid
13800,36 months,17.25,493.73,D,9 years,RENT,141300,Verified,debt_consolidation,26.25,0,701,61.2,Charged Off
6900,36 months,10.65,224.76,B,5 years,RENT,143600,Source Verified,debt_consolidation,14.52,1,716,22.2,Fully Paid
8500,36 months,16.79,302.16,D,5 years,MORTGAGE,36500,Not Verified,major_purchase,5.19,0,685,21.1,Fully Paid
8700,36 months,11.39,286.44,B,3 years,MORTGAGE,51000,Not Verified,car,16.12,2,714,39.0,Fully Paid
21500,36 months,9.47,688.41,B,2 years,MORTGAGE,97600,Verified,debt_consolidation,28.57,0,712,29.6,Fully Paid
11000,36 months,17.49,394.87,D,10+ years,OWN,72300,Verified,major_purchase,35.52,1,680,44.5,Charged Off
7000,60 months,20.01,185.5,E,4 years,RENT,21900,Not Verified,debt_consolidation,20.68,0,669,86.9,Fully Paid
24700,36 months,17.68,889.0,C,1 year,MORTGAGE,94500,Verified,other,29.76,1,689,52.7,Fully Paid
7800,36 months,15.93,273.96,D,1 year,RENT,73000,Source Verified,debt_consolidation,26.32,2,664,64.9,Fully Paid
11100,36 months,11.2,364.45,B,10+ years,RENT,76600,Not Verified,major_purchase,17.25,0,729,75.3,Fully Paid
5200,60 months,10.97,112.98,B,3 years,RENT,37600,Not Verified,debt_consolidation,19.7,1,716,70.6,Fully Paid
6900,36 months,7.22,213.75,A,5 years,RENT,62400,Source Verified,home_improvement,15.02,1,731,8.1,Fully Paid
13400,36 months,13.4,454.08,C,< 1 year,RENT,116300,Source Verified,credit_card,27.25,0,685,45.3,Fully Paid
3500,36 months,12.69,117.41,C,10+ years,OWN,60100,Not Verified,debt_consolidation,12.93,1,699,63.3,Fully Paid
11700,36 months,15.36,407.65,D,2 years,OWN,70100,Not Verified,home_improvement,7.8,0,691,65.1,Fully Paid
10000,36 months,12.2,333.1,C,9 years,MORTGAGE,130600,Not Verified,credit_card,17.23,1,698,12.7,Fully Paid
10800,60 months,9.21,225.29,B,7 years,MORTGAGE,86200,Verified,credit_card,18.41,1,717,50.7,Fully Paid
13200,36 months,5.98,401.45,A,5 years,MORTGAGE,92500,Verified,other,25.95,0,742,23.8,Charged Off
21200,60 months,6.81,417.89,A,10+ years,MORTGAGE,91700,Not Verified,small_business,21.83,0,746,71.4,Charged Off
16300,36 months,13.88,556.15,C,5 years,MORTGAGE,42500,Verified,debt_consolidation,42.73,1,705,58.7,Fully Paid
22000,36 months,12.81,739.26,B,< 1 year,MORTGAGE,58400,Not Verified,debt_consolidation,22.52,0,709,59.2,Charged Off
12100,60 months,5.89,233.31,A,4 years,OWN,31300,Verified,credit_card,10.03,0,744,65.0,Fully Paid
5100,36 months,12.33,170.2,B,10+ years,MORTGAGE,138300,Source Verified,debt_consolidation,17.99,0,706,71.6,Fully Paid
12000,60 months,15.05,285.79,D,,RENT,97100,Not Verified,car,12.16,0,685,67.7,Fully Paid
20800,60 months,10.65,448.62,B,10+ years,MORTGAGE,56900,Not Verified,debt_consolidation,24.07,0,713,26.9,Charged Off
8700,60 months,10.68,187.77,B,10+ years,RENT,71500,Verified,credit_card,12.85,1,727,33.9,Fully Paid
14800,36 months,10.43,480.55,B,1 year,RENT,52200,Verified,debt_consolidation,21.94,0,723,42.8,Fully Paid
7800,36 months,15.04,270.54,D,3 years,RENT,82000,Not Verified,debt_consolidation,14.13,1,701,21.5,Fully Paid
7800,36 months,12.03,259.18,B,10+ years,MORTGAGE,42400,Verified,debt_consolidation,13.18,0,729,78.4,Fully Paid
10000,36 months,6.73,307.54,A,2 years,RENT,85000,Source Verified,credit_card,15.5,0,729,30.0,Fully Paid
4800,60 months,8.06,97.46,A,10+ years,RENT,118000,Not Verified,credit_card,17.18,1,732,35.8,Fully Paid
6700,36 months,13.34,226.85,C,6 years,RENT,50700,Verified,debt_consolidation,14.54,0,683,25.6,Fully Paid
5600,36 months,6.66,172.04,A,10+ years,RENT,49200,Verified,debt_consolidation,5.39,1,737,80.9,Fully Paid
15100,36 months,7.03,466.45,A,10+ years,MORTGAGE,66900,Verified,credit_card,20.64,0,749,30.2,Fully Paid
7200,60 months,6.53,140.98,A,7 years,RENT,63500,Verified,debt_consolidation,13.33,0,759,25.7,Fully Paid
10900,36 months,12.84,366.42,C,3 years,RENT,73200,Verified,debt_consolidation,17.01,0,721,26.0,Fully Paid
18900,36 months,10.51,614.39,B,5 years,RENT,65800,Verified,credit_card,19.52,0,713,83.7,Charged Off
29700,36 months,9.93,957.36,B,2 years,MORTGAGE,71700,Not Verified,debt_consolidation,23.42,1,712,20.0,Fully Paid
8700,60 months,11.81,192.69,C,10+ years,RENT,106800,Not Verified,other,18.94,0,702,29.8,Fully Paid
9200,36 months,14.54,316.85,D,10+ years,MORTGAGE,76900,Verified,credit_card,18.92,1,676,36.0,Fully Paid
37300,36 months,12.41,1246.21,C,8 years,RENT,42400,Verified,debt_consolidation,17.94,0,707,59.5,Fully Paid
22700,60 months,6.91,448.52,A,10+ years,MORTGAGE,54200,Not Verified,debt_consolidation,13.44,0,750,58.2,Fully Paid
15000,36 months,7.67,467.77,A,10+ years,MORTGAGE,97000,Source Verified,credit_card,7.28,1,729,74.7,Fully Paid
9100,60 months,12.0,202.42,C,< 1 year,RENT,112600,Source Verified,debt_consolidation,24.83,0,689,47.6,Fully Paid
4600,36 months,10.28,149.03,B,5 years,RENT,71500,Not Verified,debt_consolidation,27.45,1,711,60.7,Charged Off
12800,36 months,13.5,434.37,C,9 years,MORTGAGE,58800,Verified,debt_consolidation,36.94,0,708,58.5,Fully Paid
7200,36 months,10.84,235.17,B,10+ years,RENT,74900,Not Verified,credit_card,6.14,0,715,26.6,Fully Paid
10900,36 months,10.2,352.74,B,,MORTGAGE,24600,Verified,debt_consolidation,12.98,0,729,56.6,Fully Paid
8500,36 months,16.79,302.16,D,8 years,OTHER,35800,Not Verified,debt_consolidation,4.8,0,676,35.3,Fully Paid
9500,36 months,11.69,314.13,B,10+ years,MORTGAGE,24900,Not Verified,home_improvement,27.99,0,732,81.3,Fully Paid
34900,36 months,10.04,1126.78,B,10+ years,OWN,41500,Verified,credit_card,15.49,0,719,11.6,Fully Paid
12700,60 months,14.92,301.6,C,1 year,MORTGAGE,122100,Not Verified,debt_consolidation,36.76,1,692,41.9,Charged Off
5800,36 months,13.35,196.4,C,9 years,RENT,38800,Not Verified,medical,11.68,0,690,51.9,Fully Paid
27600,36 months,20.57,1033.75,E,,MORTGAGE,96900,Source Verified,credit_card,12.8,0,663,34.8,Fully Paid
14200,36 months,6.34,434.18,A,3 years,RENT,127400,Verified,home_improvement,22.86,1,754,44.3,Fully Paid
19800,36 months,11.44,652.36,B,3 years,RENT,69100,Source Verified,debt_consolidation,19.17,0,692,55.7,Charged Off
7500,60 months,17.77,189.51,D,7 years,RENT,52300,Source Verified,debt_consolidation,23.89,0,707,86.9,Charged Off
4900,36 months,10.61,159.52,B,10+ years,RENT,25800,Verified,credit_card,16.89,1,729,75.9,Fully Paid
18300,36 months,8.09,574.22,A,9 years,MORTGAGE,21900,Source Verified,debt_consolidation,29.27,0,752,29.7,Fully Paid
9400,36 months,12.74,315.55,C,5 years,MORTGAGE,128600,Source Verified,debt_consolidation,44.85,0,703,54.6,Fully Paid
12900,36 months,7.77,402.87,A,3 years,RENT,70100,Source Verified,medical,9.63,0,736,66.8,Fully Paid
6700,36 months,14.21,229.67,C,8 years,OWN,53300,Verified,credit_card,11.34,0,687,46.9,Fully Paid
9500,36 months,7.57,295.81,A,3 years,MORTGAGE,71500,Not Verified,medical,16.03,0,742,46.0,Fully Paid
17800,36 months,9.67,571.6,B,6 years,MORTGAGE,60100,Not Verified,car,23.86,0,716,55.9,Fully Paid
6200,36 months,14.16,212.38,C,9 years,MORTGAGE,65800,Source Verified,debt_consolidation,29.7,0,725,,Fully Paid
17700,36 months,14.58,609.94,C,7 years,RENT,69500,Source Verified,debt_consolidation,13.55,1,711,85.3,Fully Paid
8300,60 months,9.7,175.13,B,4 years,MORTGAGE,82100,Not Verified,debt_consolidation,11.18,0,713,37.0,Fully Paid
12800,60 months,11.09,278.88,B,10+ years,RENT,34400,Source Verified,debt_consolidation,6.31,1,712,57.8,Fully Paid
6800,36 months,7.1,210.28,A,6 years,MORTGAGE,117200,Source Verified,home_improvement,25.17,0,715,69.1,Fully Paid
8400,36 months,15.35,292.63,D,10+ years,OWN,76800,Not Verified,major_purchase,15.7,0,681,54.8,Fully Paid
7200,36 months,5.65,217.9,A,10+ years,RENT,76700,Verified,credit_card,11.18,0,732,18.2,Fully Paid
6300,60 months,7.59,126.51,A,10+ years,MORTGAGE,66000,Source Verified,car,14.42,0,760,62.3,Fully Paid
12000,36 months,6.82,369.54,A,5 years,MORTGAGE,42400,Not Verified,credit_card,29.83,2,756,59.6,Fully Paid
7500,36 months,18.79,274.12,D,10+ years,RENT,37500,Not Verified,home_improvement,27.25,1,673,80.5,Fully Paid
23700,60 months,6.04,458.63,A,,RENT,103200,Verified,debt_consolidation,38.27,0,748,59.2,Fully Paid
4500,36 months,14.91,155.8,C,10+ years,RENT,120400,Not Verified,debt_consolidation,13.63,0,695,26.8,Fully Paid
34000,60 months,10.33,727.93,B,6 years,OWN,161000,Verified,debt_consolidation,13.34,0,726,81.5,Fully Paid
14400,36 months,19.32,530.18,E,10+ years,MORTGAGE,110800,Not Verified,debt_consolidation,8.48,0,711,67.7,Fully Paid
15200,36 months,20.92,572.04,E,5 years,MORTGAGE,48500,Verified,credit_card,2.76,0,674,79.7,Fully Paid
17400,60 months,14.54,409.76,C,10+ years,MORTGAGE,92600,Not Verified,debt_consolidation,13.95,0,712,11.5,Fully Paid
11700,36 months,10.7,381.38,B,1 year,MORTGAGE,100300,Verified,debt_consolidation,13.24,1,704,54.5,Fully Paid
21700,36 months,21.49,823.02,E,3 years,MORTGAGE,197300,Verified,debt_consolidation,11.51,0,656,16.7,Charged Off
5000,36 months,10.82,163.27,B,10+ years,MORTGAGE,162300,Not Verified,other,19.75,2,693,64.6,Fully Paid
3200,36 months,14.0,109.37,C,10+ years,MORTGAGE,82900,Verified,home_improvement,16.21,1,694,68.7,Fully Paid
9200,36 months,15.3,320.27,D,1 year,RENT,27700,Source Verified,credit_card,19.81,1,672,49.5,Fully Paid
13200,60 months,9.47,277.03,B,2 years,MORTGAGE,93900,Source Verified,debt_consolidation,12.48,0,713,97.5,Fully Paid
20900,36 months,14.97,724.2,D,1 year,RENT,184300,Not Verified,major_purchase,17.02,0,677,36.8,Charged Off
5800,36 months,21.91,221.23,F,10+ years,MORTGAGE,62600,Source Verified,other,21.36,0,701,41.0,Fully Paid
14800,36 months,14.8,511.6,D,9 years,RENT,50200,Not Verified,small_business,18.89,0,683,43.8,Fully Paid
12700,36 months,23.26,493.34,E,8 years,MORTGAGE,82100,Not Verified,debt_consolidation,16.62,1,664,70.6,Fully Paid
10200,36 months,13.97,348.46,C,3 years,RENT,94300,Verified,debt_consolidation,14.54,0,695,35.3,Fully Paid
11200,36 months,19.16,411.45,E,< 1 year,RENT,124100,Not Verified,debt_consolidation,18.94,1,683,49.0,Charged Off
9700,60 months,11.42,212.94,B,8 years,RENT,84100,Not Verified,debt_consolidation,11.05,0,709,20.2,Fully Paid
8900,60 months,6.2,172.89,A,10+ years,MORTGAGE,178500,Not Verified,credit_card,15.14,0,745,33.1,Fully Paid
32700,36 months,11.59,1079.72,C,< 1 year,MORTGAGE,55100,Verified,credit_card,25.29,0,703,59.0,Fully Paid
14500,36 months,8.42,457.19,A,9 years,RENT,27200,Verified,debt_consolidation,31.96,0,723,47.6,Fully Paid
7000,60 months,7.68,140.87,A,10+ years,MORTGAGE,66700,Verified,other,12.77,0,754,41.5,Fully Paid
16800,60 months,17.23,419.6,D,9 years,MORTGAGE,22100,Not Verified,debt_consolidation,16.18,0,694,72.0,Fully Paid
19200,60 months,10.16,409.46,B,10+ years,RENT,61700,Verified,home_improvement,13.99,0,714,76.5,Fully Paid
14100,36 months,17.1,503.41,D,2 years,OWN,49300,Not Verified,debt_consolidation,8.21,0,696,53.7,Fully Paid
15300,36 months,8.47,482.77,A,1 year,RENT,113800,Verified,debt_consolidation,7.72,0,750,77.4,Fully Paid
13400,36 months,17.02,477.88,D,4 years,MORTGAGE,33800,Verified,debt_consolidation,4.38,1,670,39.0,Fully Paid
14300,36 months,27.74,589.49,G,3 years,RENT,138300,Not Verified,debt_consolidation,13.94,0,669,,Charged Off
7800,36 months,18.52,284.03,D,10+ years,RENT,44100,Not Verified,credit_card,24.22,1,697,55.6,Fully Paid
18800,36 months,17.44,674.4,D,8 years,MORTGAGE,30400,Verified,debt_consolidation,22.99,1,682,36.6,Fully Paid
9300,36 months,14.37,319.53,C,6 years,MORTGAGE,33400,Not Verified,debt_consolidation,14.24,1,686,25.1,Fully Paid
17500,36 months,7.74,546.29,A,5 years,MORTGAGE,135600,Not Verified,credit_card,21.77,0,749,50.2,Fully Paid
18900,36 months,11.32,621.63,B,2 years,OWN,146300,Not Verified,credit_card,9.71,0,719,28.8,Fully Paid
12700,36 months,9.57,407.23,B,2 years,RENT,77800,Verified,car,13.64,0,734,41.1,Fully Paid
11000,60 months,9.96,233.5,B,10+ years,OWN,53000,Source Verified,debt_consolidation,9.07,0,734,23.9,Fully Paid
14000,60 months,16.3,342.69,D,10+ years,MORTGAGE,77800,Verified,debt_consolidation,9.05,0,692,38.0,Charged Off
16600,36 months,12.76,557.4,C,6 years,RENT,57600,Source Verified,debt_consolidation,26.34,1,702,80.9,Fully Paid
21200,36 months,15.52,740.31,C,1 year,RENT,32100,Verified,credit_card,9.69,0,716,27.5,Fully Paid
8500,36 months,6.33,259.86,A,10+ years,MORTGAGE,61900,Source Verified,debt_consolidation,24.34,0,733,46.7,Fully Paid
18700,36 months,12.41,624.78,C,10+ years,MORTGAGE,39400,Source Verified,debt_consolidation,10.03,0,705,78.6,Fully Paid
26600,36 months,10.08,859.31,B,5 years,RENT,86600,Source Verified,debt_consolidation,10.12,0,698,50.8,Fully Paid
17700,60 months,10.62,381.5,B,7 years,MORTGAGE,83300,Source Verified,debt_consolidation,18.39,1,734,71.5,Charged Off
14200,36 months,19.49,524.04,D,9 years,MORTGAGE,39500,Verified,debt_consolidation,6.83,1,695,68.8,Fully Paid
7800,36 months,12.33,260.3,C,10+ years,MORTGAGE,38000,Source Verified,debt_consolidation,16.99,0,692,9.3,Fully Paid
17100,36 months,9.97,551.53,B,10+ years,RENT,145300,Verified,other,17.81,0,698,59.0,Charged Off
14300,36 months,8.68,452.61,A,3 years,MORTGAGE,25500,Verified,debt_consolidation,10.35,0,755,72.5,Fully Paid
9400,36 months,18.97,344.42,E,10+ years,RENT,19100,Not Verified,debt_consolidation,13.89,0,687,41.1,Fully Paid
7900,36 months,14.48,271.85,C,10+ years,MORTGAGE,104100,Source Verified,credit_card,14.79,0,686,70.1,Fully Paid
38400,36 months,28.28,1594.18,G,3 years,RENT,39100,Verified,debt_consolidation,9.63,0,658,54.3,Charged Off
24100,36 months,13.66,819.71,C,9 years,RENT,46500,Verified,debt_consolidation,22.43,1,709,61.2,Fully Paid
7200,60 months,9.57,151.46,B,3 years,MORTGAGE,32700,Verified,debt_consolidation,27.38,0,735,55.0,Fully Paid
10200,36 months,19.74,377.72,E,10+ years,MORTGAGE,73700,Not Verified,debt_consolidation,17.9,1,660,36.6,Charged Off
17300,36 months,14.61,596.41,D,10+ years,RENT,30700,Source Verified,credit_card,4.91,1,708,39.7,Charged Off
5300,36 months,11.58,174.97,B,10+ years,MORTGAGE,123400,Source Verified,credit_card,10.05,0,723,69.2,Fully Paid
27900,60 months,7.86,563.84,A,10+ years,RENT,29100,Not Verified,credit_card,34.8,0,732,67.1,Fully Paid
22900,60 months,10.61,493.46,B,1 year,MORTGAGE,64000,Not Verified,debt_consolidation,33.0,0,722,34.6,Fully Paid
5200,36 months,11.3,170.98,B,,MORTGAGE,118000,Not Verified,debt_consolidation,23.42,0,717,39.6,Fully Paid
11400,36 months,17.26,407.92,D,10+ years,MORTGAGE,89800,Verified,debt_consolidation,16.37,0,690,50.1,Charged Off
11900,60 months,6.86,234.85,A,,MORTGAGE,77400,Source Verified,debt_consolidation,9.52,1,723,66.3,Fully Paid
10300,60 months,17.1,256.54,D,,RENT,75900,Source Verified,credit_card,26.34,0,680,84.4,Fully Paid
8900,60 months,13.12,203.05,C,10+ years,MORTGAGE,40400,Verified,other,15.91,0,686,57.8,Fully Paid
28000,36 months,15.98,984.12,D,6 years,RENT,36500,Source Verified,credit_card,26.65,0,677,35.8,Fully Paid
25500,36 months,11.81,844.65,B,,OWN,132600,Verified,debt_consolidation,13.2,1,702,58.2,Fully Paid
17400,60 months,12.9,395.01,C,10+ years,RENT,85500,Not Verified,debt_consolidation,15.77,1,706,53.8,Fully Paid
16700,36 months,14.92,578.26,D,3 years,OTHER,85800,Not Verified,debt_consolidation,23.75,0,664,95.6,Charged Off
6500,60 months,16.42,159.52,D,1 year,MORTGAGE,147000,Not Verified,debt_consolidation,5.33,0,694,57.2,Charged Off
6800,60 months,9.11,141.52,B,5 years,MORTGAGE,114300,Source Verified,car,21.62,1,716,30.1,Fully Paid
14800,36 months,15.62,517.55,C,10+ years,MORTGAGE,60300,Verified,debt_consolidation,50.0,0,708,24.4,Fully Paid
15400,36 months,13.15,520.0,C,10+ years,MORTGAGE,24600,Not Verified,credit_card,9.15,0,726,34.4,Fully Paid
8700,36 months,25.61,348.72,F,2 years,MORTGAGE,36900,Not Verified,debt_consolidation,21.23,0,643,46.2,Fully Paid
7400,36 months,5.76,224.32,A,1 year,RENT,36600,Source Verified,debt_consolidation,31.18,0,758,69.5,Fully Paid
8400,36 months,15.59,293.62,D,10+ years,MORTGAGE,183700,Not Verified,debt_consolidation,13.33,0,684,11.0,Charged Off
6400,36 months,16.3,225.95,D,10+ years,MORTGAGE,70600,Not Verified,debt_consolidation,5.2,0,671,19.1,Fully Paid
8100,36 months,14.92,280.47,C,3 years,MORTGAGE,87700,Source Verified,credit_card,33.11,0,706,76.0,Fully Paid
7100,60 months,8.45,145.5,A,4 years,OWN,38300,Source Verified,debt_consolidation,12.84,0,732,32.8,Fully Paid
8200,36 months,12.3,273.53,B,3 years,RENT,91100,Not Verified,credit_card,26.76,0,699,,Fully Paid
17800,36 months,9.59,570.94,B,10+ years,MORTGAGE,31400,Source Verified,debt_consolidation,14.39,0,700,64.7,Fully Paid
28300,36 months,8.95,899.27,B,2 years,RENT,42100,Source Verified,debt_consolidation,18.33,0,691,32.3,Fully Paid
5900,60 months,10.76,127.58,B,9 years,MORTGAGE,68400,Not Verified,credit_card,13.02,2,733,61.6,Fully Paid
9000,36 months,11.5,296.78,B,1 year,RENT,131000,Verified,debt_consolidation,23.48,0,720,24.5,Fully Paid
11400,36 months,14.79,394.01,C,2 years,MORTGAGE,108700,Not Verified,debt_consolidation,9.71,0,701,40.3,Fully Paid
14500,36 months,13.38,491.22,C,9 years,MORTGAGE,69300,Not Verified,credit_card,25.61,0,697,15.0,Fully Paid
25400,36 months,12.66,851.67,D,4 years,MORTGAGE,63800,Not Verified,credit_card,3.91,0,684,67.4,Fully Paid
12300,36 months,16.86,437.67,D,2 years,MORTGAGE,43400,Verified,small_business,18.16,0,702,23.7,Fully Paid
22200,36 months,13.61,754.55,C,3 years,MORTGAGE,68500,Source Verified,credit_card,18.07,0,723,31.9,Fully Paid
8900,36 months,18.89,325.74,E,5 years,OWN,34700,Source Verified,credit_card,33.43,0,669,30.7,Fully Paid
5500,60 months,12.85,124.72,C,10+ years,OWN,141800,Not Verified,credit_card,15.83,0,717,56.8,Fully Paid
6500,36 months,14.35,223.26,D,10+ years,MORTGAGE,33400,Not Verified,debt_consolidation,9.6,0,682,59.3,Fully Paid
8500,36 months,12.54,284.52,C,9 years,MORTGAGE,111100,Verified,debt_consolidation,11.1,0,697,10.6,Fully Paid
26500,36 months,20.09,986.05,E,< 1 year,RENT,48000,Source Verified,credit_card,23.22,1,690,9.3,Fully Paid
5100,36 months,10.79,166.46,B,< 1 year,MORTGAGE,49700,Verified,debt_consolidation,16.66,0,698,69.8,Fully Paid
18500,60 months,10.55,398.1,B,10+ years,RENT,67400,Verified,debt_consolidation,9.47,0,700,58.7,Charged Off
9400,36 months,7.25,291.32,A,10+ years,MORTGAGE,109500,Not Verified,home_improvement,12.59,1,745,44.2,Fully Paid
13000,60 months,19.45,340.45,D,5 years,RENT,65300,Not Verified,home_improvement,8.22,0,676,48.6,Fully Paid
14700,36 months,13.9,501.7,C,10+ years,MORTGAGE,82500,Verified,debt_consolidation,25.4,0,719,12.0,Fully Paid
6000,36 months,11.17,196.92,B,7 years,MORTGAGE,60600,Not Verified,debt_consolidation,25.47,1,707,40.4,Fully Paid
6000,36 months,13.97,204.98,C,8 years,MORTGAGE,18400,Not Verified,debt_consolidation,28.54,0,682,41.6,Charged Off
6400,36 months,15.26,222.67,C,3 years,MORTGAGE,41600,Not Verified,small_business,18.88,0,721,35.3,Fully Paid
10200,60 months,10.61,219.79,B,< 1 year,MORTGAGE,166700,Verified,car,12.19,1,745,45.1,Fully Paid
10100,36 months,11.29,332.05,B,10+ years,RENT,30200,Not Verified,credit_card,30.57,0,719,51.8,Fully Paid
17500,36 months,16.58,620.27,D,8 years,RENT,33800,Not Verified,credit_card,8.35,2,675,52.6,Fully Paid
18100,60 months,10.77,391.46,B,3 years,MORTGAGE,58300,Not Verified,debt_consolidation,12.06,1,713,52.4,Fully Paid
11400,36 months,14.86,394.4,D,1 year,RENT,65000,Source Verified,debt_consolidation,14.83,0,682,17.2,Fully Paid
10000,36 months,13.15,337.66,C,8 years,MORTGAGE,56500,Source Verified,debt_consolidation,16.19,0,717,77.6,Charged Off
28900,60 months,15.97,702.33,D,10+ years,RENT,86600,Not Verified,debt_consolidation,11.1,0,675,48.2,Fully Paid
4900,36 months,12.01,162.77,B,6 years,MORTGAGE,68500,Source Verified,home_improvement,29.15,0,727,45.9,Fully Paid
14100,36 months,14.14,482.86,C,2 years,RENT,53900,Not Verified,debt_consolidation,12.28,0,697,45.3,Fully Paid
28400,36 months,13.69,966.37,C,10+ years,OWN,22700,Verified,debt_consolidation,22.31,0,708,16.6,Fully Paid
16400,36 months,10.81,535.44,B,4 years,MORTGAGE,84300,Source Verified,debt_consolidation,22.4,0,708,34.3,Fully Paid
6800,36 months,11.35,223.75,B,10+ years,RENT,56400,Verified,debt_consolidation,27.78,1,703,50.4,Fully Paid
13800,60 months,10.52,296.75,B,10+ years,MORTGAGE,25000,Verified,debt_consolidation,11.35,0,728,27.9,Fully Paid
4200,36 months,10.23,135.98,B,2 years,MORTGAGE,141400,Not Verified,other,25.78,1,690,64.3,Fully Paid
7400,36 months,12.87,248.87,C,10+ years,MORTGAGE,53100,Verified,other,10.1,0,704,21.5,Fully Paid
4600,36 months,6.59,141.17,A,7 years,RENT,59200,Verified,debt_consolidation,12.03,0,743,80.3,Fully Paid
13800,60 months,6.84,272.22,A,10+ years,RENT,37600,Not Verified,debt_consolidation,16.4,0,768,87.0,Fully Paid
10300,36 months,15.91,361.66,C,4 years,MORTGAGE,58800,Source Verified,debt_consolidation,10.45,0,695,61.5,Fully Paid
16300,36 months,10.55,530.17,B,9 years,MORTGAGE,56100,Source Verified,debt_consolidation,27.52,0,718,65.3,Fully Paid
11800,36 months,10.15,381.58,B,,MORTGAGE,18700,Verified,debt_consolidation,7.91,0,704,83.9,Charged Off
19200,60 months,13.88,445.56,C,,RENT,241800,Verified,credit_card,11.0,0,720,79.4,Fully Paid
4600,36 months,25.59,184.33,F,2 years,OWN,44200,Source Verified,debt_consolidation,24.75,0,658,46.9,Fully Paid
34400,36 months,13.76,1171.7,C,2 years,RENT,34300,Source Verified,debt_consolidation,21.29,0,690,58.2,Fully Paid
3900,36 months,12.83,131.09,C,10+ years,MORTGAGE,40200,Source Verified,debt_consolidation,17.66,0,690,41.0,Fully Paid
29400,36 months,14.24,1008.25,C,10+ years,MORTGAGE,91500,Not Verified,debt_consolidation,10.0,0,690,42.5,Fully Paid
15800,60 months,10.38,338.67,B,9 years,MORTGAGE,179300,Verified,debt_consolidation,17.94,1,729,66.0,Charged Off
5500,36 months,8.37,173.29,A,9 years,MORTGAGE,84300,Source Verified,debt_consolidation,18.73,1,723,68.8,Fully Paid
17600,36 months,7.22,545.21,A,8 years,MORTGAGE,83400,Not Verified,car,25.15,0,755,8.6,Fully Paid
15500,36 months,12.97,522.03,C,8 years,RENT,31500,Not Verified,small_business,29.2,0,687,74.9,Fully Paid
12500,36 months,9.33,399.42,B,10+ years,MORTGAGE,38200,Not Verified,debt_consolidation,22.85,1,713,92.9,Fully Paid
6600,60 months,13.09,150.47,C,10+ years,RENT,30100,Verified,small_business,26.18,0,693,51.2,Charged Off
38600,36 months,10.14,1248.05,B,10+ years,RENT,302000,Not Verified,debt_consolidation,11.84,0,704,56.3,Fully Paid
9300,36 months,18.26,337.43,E,10+ years,RENT,31700,Not Verified,debt_consolidation,12.76,0,681,42.9,Fully Paid
13800,60 months,10.77,298.46,B,< 1 year,RENT,169900,Verified,debt_consolidation,22.24,0,710,46.3,Fully Paid
26000,60 months,13.77,601.88,C,10+ years,RENT,97700,Not Verified,debt_consolidation,7.35,1,712,42.2,Fully Paid
12400,36 months,10.96,405.73,B,6 years,RENT,30400,Not Verified,small_business,18.31,0,713,68.5,Fully Paid
12300,36 months,16.05,432.74,D,10+ years,MORTGAGE,130800,Not Verified,debt_consolidation,11.25,0,663,7.2,Fully Paid
8500,36 months,6.9,262.07,A,8 years,RENT,38400,Not Verified,debt_consolidation,10.47,1,752,46.1,Fully Paid
22900,36 months,6.65,703.43,A,5 years,RENT,121900,Not Verified,debt_consolidation,15.42,0,731,37.2,Fully Paid
21000,60 months,11.61,463.01,B,10+ years,RENT,78400,Not Verified,debt_consolidation,22.15,0,703,30.9,Fully Paid
3800,36 months,7.9,118.9,A,6 years,MORTGAGE,82500,Verified,debt_consolidation,15.59,0,748,51.2,Fully Paid
17500,60 months,11.72,386.81,C,10+ years,RENT,33200,Not Verified,credit_card,11.46,1,709,62.7,Fully Paid
10700,60 months,28.97,339.44,G,8 years,MORTGAGE,48500,Verified,debt_consolidation,18.64,1,643,23.8,Fully Paid
14300,36 months,14.02,488.88,C,10+ years,MORTGAGE,38000,Not Verified,debt_consolidation,20.78,0,700,37.2,Fully Paid
39500,60 months,15.38,947.6,C,10+ years,MORTGAGE,41700,Not Verified,debt_consolidation,27.44,0,699,21.9,Fully Paid
10600,60 months,9.69,223.61,B,< 1 year,RENT,30800,Source Verified,credit_card,21.24,1,727,46.4,Fully Paid
8100,36 months,13.06,273.16,C,4 years,MORTGAGE,113900,Not Verified,debt_consolidation,18.14,1,691,56.7,Charged Off
7800,36 months,6.73,239.88,A,7 years,RENT,91400,Not Verified,debt_consolidation,9.6,0,767,39.5,Fully Paid
10700,36 months,18.09,387.31,D,10+ years,RENT,35500,Verified,credit_card,13.06,1,671,59.2,Fully Paid
17100,60 months,16.5,420.4,D,4 years,MORTGAGE,112300,Not Verified,medical,12.59,1,692,29.1,Charged Off
13600,36 months,10.68,443.19,B,10+ years,MORTGAGE,144000,Verified,debt_consolidation,16.51,2,737,32.6,Fully Paid
13300,36 months,11.04,435.68,B,6 years,RENT,29600,Not Verified,debt_consolidation,24.72,0,723,40.0,Fully Paid
10700,60 months,12.2,239.1,B,5 years,MORTGAGE,55600,Verified,credit_card,24.52,0,694,17.7,Fully Paid
15300,36 months,19.34,563.47,D,,RENT,117900,Not Verified,debt_consolidation,11.37,0,688,91.8,Fully Paid
8000,36 months,7.12,247.46,A,< 1 year,RENT,49600,Not Verified,home_improvement,14.68,0,751,47.4,Fully Paid
6700,60 months,18.22,170.94,D,,MORTGAGE,59700,Source Verified,debt_consolidation,17.51,1,700,49.8,Fully Paid
6100,36 months,14.64,210.38,D,,MORTGAGE,28900,Verified,major_purchase,6.58,1,682,27.5,Fully Paid
16300,36 months,9.9,525.19,B,3 years,RENT,82200,Not Verified,debt_consolidation,20.16,0,730,15.6,Fully Paid
6800,36 months,18.5,247.55,E,6 years,MORTGAGE,112300,Verified,credit_card,17.79,0,673,32.4,Fully Paid
13800,60 months,12.78,312.44,C,7 years,RENT,53900,Not Verified,small_business,15.54,0,717,65.9,Fully Paid
4400,60 months,15.33,105.44,D,2 years,RENT,60200,Verified,debt_consolidation,18.67,2,689,68.8,Fully Paid
12700,36 months,9.21,405.1,B,1 year,RENT,48800,Source Verified,debt_consolidation,26.69,0,733,62.9,Fully Paid
17200,36 months,11.55,567.6,B,7 years,MORTGAGE,18200,Verified,major_purchase,21.47,0,710,73.3,Fully Paid
9000,36 months,11.9,298.5,B,6 years,RENT,124000,Source Verified,credit_card,11.57,0,689,67.3,Fully Paid
6400,36 months,15.93,224.78,C,2 years,RENT,59400,Verified,credit_card,17.67,0,685,57.7,Fully Paid
15400,36 months,10.73,502.21,B,1 year,MORTGAGE,77900,Source Verified,credit_card,22.29,2,724,88.3,Charged Off
13400,60 months,8.37,274.08,A,8 years,RENT,92600,Source Verified,debt_consolidation,39.05,0,750,16.1,Fully Paid
17200,36 months,7.57,535.58,A,5 years,RENT,63600,Source Verified,debt_consolidation,16.54,0,734,46.3,Fully Paid
30000,36 months,17.45,1076.31,D,7 years,MORTGAGE,41400,Verified,credit_card,22.04,1,687,50.0,Fully Paid
9500,60 months,7.85,191.94,A,4 years,RENT,147800,Verified,credit_card,38.72,0,737,74.5,Charged Off
14400,36 months,19.69,532.88,E,8 years,RENT,43800,Not Verified,debt_consolidation,11.2,2,688,69.5,Charged Off
28900,36 months,14.06,988.58,C,8 years,MORTGAGE,103400,Verified,debt_consolidation,26.1,0,703,74.1,Fully Paid
10400,36 months,11.17,341.32,B,2 years,MORTGAGE,84600,Verified,debt_consolidation,14.95,1,725,51.1,Fully Paid
5400,36 months,7.78,168.67,A,5 years,RENT,60000,Not Verified,debt_consolidation,10.59,0,756,87.6,Fully Paid
24200,36 months,11.06,792.96,B,3 years,RENT,91400,Not Verified,debt_consolidation,12.0,0,715,43.0,Fully Paid
29000,36 months,6.98,895.17,A,10+ years,MORTGAGE,34900,Source Verified,debt_consolidation,24.67,0,747,73.2,Fully Paid
3400,36 months,12.96,114.49,C,7 years,RENT,48000,Verified,debt_consolidation,27.39,2,709,42.4,Fully Paid
12800,36 months,16.83,455.27,E,7 years,RENT,105400,Not Verified,credit_card,19.51,0,651,50.9,Charged Off
6400,36 months,10.36,207.59,B,< 1 year,MORTGAGE,74100,Not Verified,other,16.25,0,692,57.8,Charged Off
14000,36 months,13.01,471.78,C,9 years,OWN,43000,Verified,credit_card,13.29,1,689,22.8,Fully Paid
6700,36 months,15.14,232.72,D,,MORTGAGE,150100,Verified,credit_card,21.51,0,664,57.7,Fully Paid
12200,36 months,16.6,432.54,D,8 years,RENT,34900,Source Verified,debt_consolidation,36.56,0,688,43.9,Charged Off
9700,60 months,6.96,191.89,A,4 years,RENT,94500,Not Verified,home_improvement,20.81,0,731,49.7,Fully Paid
5800,36 months,14.86,200.66,C,10+ years,RENT,58400,Verified,credit_card,21.76,1,700,85.1,Fully Paid
12900,36 months,11.96,428.22,C,1 year,MORTGAGE,76600,Verified,credit_card,2.13,0,696,91.5,Fully Paid
7700,36 months,19.02,282.33,E,2 years,MORTGAGE,117400,Source Verified,debt_consolidation,14.24,1,681,9.8,Charged Off
14000,36 months,11.5,461.66,C,10+ years,MORTGAGE,100200,Verified,home_improvement,4.81,0,681,55.3,Fully Paid
14100,36 months,9.41,451.07,B,3 years,RENT,64400,Not Verified,credit_card,20.5,0,723,72.5,Fully Paid
7300,36 months,16.1,257.01,D,5 years,MORTGAGE,80900,Verified,other,18.77,0,670,80.9,Fully Paid
16900,60 months,6.15,327.9,A,4 years,MORTGAGE,86800,Verified,home_improvement,15.45,1,756,80.8,Charged Off
17500,36 months,10.95,572.51,B,10+ years,MORTGAGE,35800,Source Verified,credit_card,22.99,0,703,40.0,Charged Off
10500,60 months,13.37,240.9,C,10+ years,MORTGAGE,73600,Source Verified,debt_consolidation,9.18,0,696,48.4,Fully Paid
16200,36 months,10.81,528.91,B,5 years,MORTGAGE,34600,Not Verified,credit_card,18.71,1,711,41.7,Fully Paid
8800,36 months,18.08,318.49,E,3 years,MORTGAGE,71600,Not Verified,small_business,17.95,0,695,86.0,Charged Off
14000,36 months,15.69,490.06,D,2 years,MORTGAGE,46700,Source Verified,credit_card,21.84,0,684,46.9,Fully Paid
14900,60 months,15.88,361.39,C,10+ years,RENT,50200,Verified,debt_consolidation,11.9,0,715,68.6,Charged Off
8100,36 months,13.22,273.78,C,2 years,RENT,97200,Not Verified,debt_consolidation,21.09,0,695,32.6,Charged Off
28100,60 months,12.33,629.77,B,8 years,MORTGAGE,144400,Source Verified,debt_consolidation,18.43,0,714,70.2,Fully Paid
8700,36 months,6.32,265.93,A,7 years,MORTGAGE,122600,Not Verified,credit_card,15.85,1,762,59.3,Fully Paid
9000,36 months,6.58,276.17,A,1 year,RENT,52700,Not Verified,debt_consolidation,37.81,0,739,65.3,Fully Paid
15900,36 months,6.72,488.91,A,< 1 year,RENT,70500,Source Verified,debt_consolidation,21.13,0,738,39.4,Fully Paid
5300,36 months,6.63,162.75,A,2 years,MORTGAGE,52800,Verified,credit_card,24.57,0,735,16.1,Fully Paid
10100,36 months,25.47,404.09,F,10+ years,MORTGAGE,85900,Not Verified,debt_consolidation,28.21,0,672,56.5,Charged Off
8100,36 months,11.55,267.3,B,< 1 year,MORTGAGE,102000,Verified,debt_consolidation,8.99,1,697,94.5,Fully Paid
17200,36 months,10.67,560.42,B,7 years,RENT,35500,Verified,debt_consolidation,24.6,0,721,57.7,Fully Paid
13600,36 months,10.4,441.39,B,4 years,MORTGAGE,55400,Verified,home_improvement,11.94,0,718,,Fully Paid
21500,36 months,13.35,728.05,C,8 years,OWN,122400,Verified,home_improvement,19.54,0,701,67.4,Fully Paid
19000,60 months,17.42,476.5,D,1 year,RENT,81500,Source Verified,credit_card,9.89,0,703,79.4,Fully Paid
5500,36 months,9.35,175.8,B,7 years,MORTGAGE,81000,Not Verified,debt_consolidation,14.72,0,711,39.2,Fully Paid
3800,36 months,19.81,140.85,E,10+ years,RENT,144600,Verified,medical,24.28,0,677,34.1,Fully Paid
7400,36 months,6.63,227.24,A,< 1 year,RENT,44000,Verified,home_improvement,27.0,1,754,65.0,Charged Off
10200,36 months,16.79,362.59,D,9 years,RENT,133600,Not Verified,debt_consolidation,36.43,0,677,15.5,Charged Off
12200,36 months,18.8,445.97,D,< 1 year,RENT,57300,Verified,debt_consolidation,11.68,0,691,42.1,Fully Paid
13500,60 months,15.22,322.73,C,2 years,MORTGAGE,47300,Source Verified,credit_card,28.26,0,711,81.1,Charged Off
18500,60 months,15.59,445.86,D,5 years,MORTGAGE,80900,Not Verified,car,6.05,1,673,69.5,Fully Paid
8000,36 months,13.41,271.13,C,10+ years,MORTGAGE,65300,Not Verified,medical,25.02,0,685,72.6,Fully Paid
13600,36 months,18.22,493.17,E,3 years,RENT,25000,Not Verified,credit_card,24.36,0,656,20.5,Charged Off
18200,36 months,17.11,649.88,D,1 year,RENT,91200,Source Verified,small_business,10.77,0,669,74.0,Fully Paid
24000,36 months,7.08,741.93,A,10+ years,MORTGAGE,69600,Not Verified,debt_consolidation,14.61,0,726,38.9,Fully Paid
6400,36 months,11.4,210.74,C,10+ years,MORTGAGE,141200,Verified,debt_consolidation,22.24,0,688,6.4,Charged Off
18500,36 months,5.91,562.05,A,< 1 year,MORTGAGE,230800,Verified,debt_consolidation,13.09,0,737,88.6,Fully Paid
8500,36 months,7.68,265.11,A,10+ years,RENT,60300,Not Verified,credit_card,11.73,0,723,37.9,Fully Paid
11300,36 months,17.19,403.95,D,1 year,MORTGAGE,61400,Not Verified,debt_consolidation,9.65,0,701,44.1,Fully Paid
8400,36 months,7.15,259.94,A,2 years,RENT,47500,Not Verified,credit_card,21.27,0,774,79.4,Charged Off
18400,60 months,10.49,395.4,B,4 years,MORTGAGE,63600,Not Verified,home_improvement,12.68,0,736,60.4,Fully Paid
16700,36 months,10.43,542.24,B,,OWN,25100,Source Verified,debt_consolidation,32.2,0,724,47.6,Fully Paid
4800,60 months,10.86,104.03,B,10+ years,MORTGAGE,32500,Not Verified,debt_consolidation,24.61,1,716,61.8,Fully Paid
31100,36 months,9.01,989.12,B,,MORTGAGE,82300,Verified,debt_consolidation,19.68,0,726,63.6,Fully Paid
4900,36 months,11.35,161.23,B,1 year,MORTGAGE,98000,Source Verified,small_business,34.28,0,731,41.9,Charged Off
11700,36 months,11.62,386.49,B,< 1 year,MORTGAGE,48900,Not Verified,credit_card,6.51,0,717,31.6,Fully Paid
28200,36 months,7.59,878.36,A,< 1 year,OWN,94500,Not Verified,debt_consolidation,45.96,0,732,10.9,Fully Paid
27700,36 months,12.8,930.66,C,< 1 year,MORTGAGE,70900,Not Verified,debt_consolidation,20.26,0,705,62.3,Fully Paid
4000,36 months,12.02,132.9,C,,MORTGAGE,30700,Not Verified,home_improvement,16.41,0,665,30.1,Fully Paid
10400,36 months,12.48,347.82,B,4 years,RENT,49700,Not Verified,credit_card,25.82,0,727,18.6,Fully Paid
29000,36 months,10.38,940.93,B,6 years,RENT,77800,Not Verified,debt_consolidation,6.16,1,736,82.3,Fully Paid
9900,36 months,11.0,324.11,B,< 1 year,MORTGAGE,80300,Source Verified,major_purchase,40.73,0,709,27.8,Fully Paid
12800,36 months,8.02,401.22,A,10+ years,RENT,134200,Not Verified,credit_card,22.28,0,747,57.4,Fully Paid
13600,36 months,13.36,460.6,C,10+ years,MORTGAGE,43100,Source Verified,debt_consolidation,33.15,1,708,55.8,Charged Off
8800,36 months,14.34,302.22,C,10+ years,RENT,45900,Verified,home_improvement,19.61,0,691,81.5,Fully Paid
18000,36 months,11.41,592.8,B,10+ years,OWN,21000,Verified,small_business,5.37,0,724,73.9,Fully Paid
24500,36 months,8.41,772.38,B,7 years,MORTGAGE,57700,Source Verified,debt_consolidation,13.25,0,706,75.9,Fully Paid
28800,36 months,16.9,1025.37,D,10+ years,MORTGAGE,40800,Not Verified,debt_consolidation,15.78,0,671,64.1,Fully Paid
10100,36 months,6.82,311.03,A,7 years,RENT,157500,Verified,credit_card,8.49,0,722,33.9,Fully Paid
7000,36 months,14.24,240.06,C,2 years,RENT,101700,Not Verified,debt_consolidation,20.65,0,716,63.9,Fully Paid
10600,36 months,20.48,396.53,E,10+ years,MORTGAGE,103500,Source Verified,debt_consolidation,22.76,0,699,63.9,Fully Paid
7300,36 months,24.8,289.48,F,10+ years,RENT,86100,Verified,debt_consolidation,13.87,1,668,41.3,Charged Off
20200,36 months,18.19,732.21,E,9 years,OWN,170800,Verified,small_business,11.81,0,666,32.9,Fully Paid
30100,36 months,18.8,1100.3,E,< 1 year,MORTGAGE,20100,Not Verified,debt_consolidation,25.68,0,660,25.2,Fully Paid
6900,36 months,9.24,220.19,B,10+ years,MORTGAGE,106800,Verified,debt_consolidation,21.69,0,709,53.0,Fully Paid
14100,36 months,24.72,558.53,G,7 years,MORTGAGE,104800,Source Verified,small_business,7.7,1,648,63.9,Charged Off
13400,36 months,11.57,442.32,B,5 years,MORTGAGE,64300,Verified,debt_consolidation,11.18,0,707,11.8,Fully Paid
4400,36 months,7.21,136.28,A,10+ years,MORTGAGE,102100,Verified,debt_consolidation,17.78,1,751,82.1,Fully Paid
12300,36 months,20.68,461.38,E,5 years,MORTGAGE,62100,Not Verified,credit_card,27.22,1,665,41.8,Fully Paid
6600,36 months,10.18,213.52,B,9 years,OWN,62000,Not Verified,debt_consolidation,14.49,1,733,44.9,Fully Paid
4600,60 months,8.38,94.11,A,6 years,MORTGAGE,66000,Not Verified,debt_consolidation,17.1,0,731,57.1,Fully Paid
15200,36 months,13.1,512.88,C,4 years,MORTGAGE,130100,Not Verified,debt_consolidation,12.32,0,705,64.5,Fully Paid
4500,36 months,17.89,162.44,E,3 years,OWN,71400,Source Verified,debt_consolidation,13.59,0,647,20.4,Fully Paid
9800,60 months,15.11,233.71,C,10+ years,RENT,29700,Not Verified,debt_consolidation,14.4,0,687,78.2,Fully Paid
18900,36 months,20.57,707.89,E,10+ years,MORTGAGE,73100,Verified,debt_consolidation,18.85,0,673,46.5,Charged Off
18700,36 months,10.11,604.36,B,2 years,MORTGAGE,149100,Verified,small_business,13.4,0,714,40.3,Fully Paid
23200,36 months,9.73,745.66,B,10+ years,OTHER,143300,Not Verified,credit_card,33.39,0,718,67.7,Fully Paid
15000,36 months,12.12,499.07,C,10+ years,RENT,32000,Not Verified,debt_consolidation,21.51,0,718,38.7,Fully Paid
10600,60 months,16.97,263.27,D,< 1 year,RENT,72300,Not Verified,debt_consolidation,37.07,0,694,52.7,Fully Paid
13100,36 months,6.28,400.19,A,5 years,OWN,41100,Source Verified,debt_consolidation,7.66,1,754,40.3,Fully Paid
12000,60 months,11.2,262.11,B,4 years,OWN,74100,Not Verified,credit_card,22.75,0,693,12.4,Fully Paid
9600,36 months,8.73,304.07,B,10+ years,MORTGAGE,50000,Source Verified,home_improvement,15.79,0,708,78.0,Charged Off
15300,36 months,15.98,537.75,C,7 years,OWN,35200,Not Verified,debt_consolidation,8.58,0,694,72.7,Fully Paid
26200,60 months,6.93,517.93,A,10+ years,MORTGAGE,67100,Not Verified,debt_consolidation,14.6,1,753,81.4,Fully Paid
10100,36 months,6.46,309.37,A,9 years,MORTGAGE,128600,Source Verified,debt_consolidation,22.43,1,749,40.6,Fully Paid
6700,36 months,9.92,215.94,B,,MORTGAGE,134800,Not Verified,car,9.09,0,723,87.1,Fully Paid
15500,36 months,11.2,508.92,B,10+ years,MORTGAGE,37900,Verified,debt_consolidation,17.91,1,707,51.3,Fully Paid
22000,36 months,5.82,667.49,A,9 years,RENT,54800,Verified,home_improvement,18.4,0,767,38.8,Fully Paid
10300,36 months,13.15,347.79,C,3 years,RENT,53100,Source Verified,credit_card,20.87,0,709,44.0,Fully Paid
5800,36 months,14.66,200.09,C,< 1 year,RENT,150900,Source Verified,debt_consolidation,8.95,1,690,38.1,Fully Paid
16500,36 months,6.26,503.91,A,10+ years,RENT,114500,Not Verified,medical,17.51,0,751,60.4,Fully Paid
15800,60 months,18.21,403.02,E,3 years,MORTGAGE,61000,Not Verified,debt_consolidation,8.75,1,660,86.2,Fully Paid
6600,60 months,14.13,154.02,C,2 years,OWN,28400,Not Verified,credit_card,24.91,0,688,37.2,Fully Paid
8700,60 months,7.06,172.52,A,10+ years,MORTGAGE,29700,Verified,debt_consolidation,12.97,0,740,47.9,Fully Paid
14600,36 months,13.96,498.71,C,9 years,MORTGAGE,165500,Not Verified,debt_consolidation,25.61,0,670,47.6,Charged Off
14900,36 months,6.23,454.84,A,10+ years,MORTGAGE,24900,Verified,credit_card,10.17,0,752,72.7,Fully Paid
4300,36 months,11.7,142.21,B,10+ years,MORTGAGE,259600,Verified,major_purchase,16.49,0,722,79.5,Fully Paid
13500,36 months,14.32,463.5,D,10+ years,OWN,108100,Verified,credit_card,11.11,0,679,44.4,Fully Paid
7100,36 months,11.66,234.67,B,< 1 year,RENT,39700,Verified,debt_consolidation,9.27,2,703,32.3,Charged Off
18500,36 months,9.79,595.12,B,10+ years,MORTGAGE,42400,Not Verified,debt_consolidation,15.92,0,706,45.0,Fully Paid
5700,36 months,11.26,187.31,B,< 1 year,RENT,59900,Source Verified,debt_consolidation,22.53,0,724,22.1,Fully Paid
20700,36 months,13.0,697.46,C,3 years,MORTGAGE,257700,Not Verified,debt_consolidation,15.63,0,705,28.8,Fully Paid
18700,60 months,12.53,421.0,C,5 years,RENT,81000,Source Verified,debt_consolidation,5.59,0,709,57.7,Fully Paid
7100,36 months,7.38,220.46,A,5 years,MORTGAGE,38700,Verified,debt_consolidation,9.9,0,771,47.6,Fully Paid
10400,60 months,17.26,259.92,D,9 years,RENT,29900,Source Verified,credit_card,23.46,1,697,42.2,Fully Paid
14900,36 months,17.12,532.12,D,8 years,MORTGAGE,66600,Source Verified,home_improvement,26.18,0,680,38.0,Charged Off
19000,36 months,12.15,632.43,C,1 year,MORTGAGE,39600,Not Verified,credit_card,18.12,0,714,47.8,Fully Paid
29600,36 months,10.63,963.89,B,2 years,RENT,67700,Source Verified,debt_consolidation,26.26,0,707,33.0,Fully Paid
9800,36 months,12.49,327.8,C,10+ years,MORTGAGE,97600,Not Verified,home_improvement,33.28,2,703,71.1,Fully Paid
13100,36 months,10.17,423.75,B,3 years,MORTGAGE,184600,Source Verified,credit_card,16.92,1,727,49.7,Fully Paid
15800,36 months,19.02,579.32,D,10+ years,MORTGAGE,204400,Verified,debt_consolidation,15.43,0,676,70.5,Charged Off
13100,36 months,15.03,454.31,C,< 1 year,OWN,29500,Verified,credit_card,14.31,0,710,56.9,Fully Paid
16700,36 months,12.98,562.53,C,4 years,MORTGAGE,93900,Verified,debt_consolidation,22.29,1,714,12.7,Fully Paid
3800,36 months,10.91,124.25,B,3 years,RENT,15200,Verified,debt_consolidation,15.42,0,705,47.5,Fully Paid
6300,36 months,12.66,211.24,B,2 years,MORTGAGE,143000,Not Verified,major_purchase,32.04,0,713,73.4,Charged Off
7800,36 months,12.53,261.05,B,4 years,MORTGAGE,76200,Verified,debt_consolidation,30.01,0,726,69.4,Fully Paid
24600,36 months,11.98,816.84,B,10+ years,RENT,102800,Verified,credit_card,23.72,1,709,,Fully Paid
8000,60 months,17.67,201.71,D,,MORTGAGE,73200,Verified,debt_consolidation,15.11,0,700,52.1,Fully Paid
12700,36 months,16.34,448.63,D,8 years,RENT,50300,Source Verified,major_purchase,15.2,0,662,30.8,Charged Off
5200,36 months,9.24,165.94,B,7 years,RENT,94600,Not Verified,credit_card,19.38,0,719,73.0,Fully Paid
6400,36 months,18.3,232.34,D,5 years,RENT,94500,Source Verified,home_improvement,12.22,0,685,18.1,Fully Paid
8600,60 months,14.87,204.01,C,8 years,RENT,77000,Source Verified,major_purchase,21.16,0,711,28.4,Fully Paid
5300,36 months,6.43,162.27,A,6 years,RENT,22000,Not Verified,debt_consolidation,6.2,0,763,11.0,Fully Paid
18800,60 months,15.87,455.88,E,,OTHER,43900,Not Verified,debt_consolidation,15.63,0,672,87.9,Charged Off
8700,36 months,7.98,272.55,A,2 years,MORTGAGE,58500,Not Verified,debt_consolidation,10.2,1,741,59.9,Fully Paid
19500,36 months,7.12,603.17,A,8 years,RENT,56900,Verified,home_improvement,20.0,0,720,42.6,Fully Paid
4200,36 months,14.4,144.36,C,10+ years,MORTGAGE,97100,Not Verified,small_business,22.63,0,700,76.4,Fully Paid
9800,36 months,13.5,332.57,C,10+ years,MORTGAGE,64300,Source Verified,debt_consolidation,13.23,1,717,29.3,Fully Paid
12500,60 months,10.5,268.67,B,2 years,RENT,128500,Verified,debt_consolidation,10.58,0,715,23.7,Fully Paid
4400,36 months,11.22,144.51,B,2 years,RENT,71000,Source Verified,debt_consolidation,11.61,0,714,16.1,Fully Paid
3700,60 months,13.09,84.36,C,8 years,RENT,121100,Not Verified,debt_consolidation,17.33,0,707,67.9,Charged Off
25900,36 months,7.13,801.26,A,< 1 year,MORTGAGE,86300,Verified,debt_consolidation,26.23,0,741,53.6,Fully Paid
8400,60 months,13.39,192.81,C,4 years,OTHER,102500,Source Verified,debt_consolidation,30.93,0,686,16.9,Charged Off
8500,36 months,6.69,261.25,A,6 years,RENT,110800,Source Verified,debt_consolidation,18.58,0,759,66.1,Fully Paid
20100,36 months,9.47,643.58,B,10+ years,RENT,128900,Not Verified,home_improvement,12.36,1,703,26.8,Fully Paid
3800,36 months,12.74,127.56,C,10+ years,MORTGAGE,42600,Not Verified,debt_consolidation,25.69,1,693,24.1,Fully Paid
16800,36 months,23.0,650.32,F,3 years,RENT,69300,Not Verified,debt_consolidation,6.64,0,647,9.9,Fully Paid
8400,60 months,10.04,178.64,B,10+ years,MORTGAGE,51400,Not Verified,other,17.16,0,725,38.1,Fully Paid
7100,36 months,5.69,215.0,A,5 years,RENT,47700,Verified,credit_card,6.33,0,737,84.1,Fully Paid
20700,36 months,16.7,734.92,D,8 years,MORTGAGE,81100,Not Verified,debt_consolidation,32.67,0,694,78.2,Charged Off
6000,60 months,8.03,121.74,A,5 years,MORTGAGE,94100,Not Verified,credit_card,18.29,1,769,26.6,Fully Paid
21300,36 months,10.8,695.32,B,2 years,MORTGAGE,158100,Verified,other,37.61,1,704,58.0,Fully Paid
16500,36 months,14.22,565.7,C,10+ years,RENT,68600,Not Verified,debt_consolidation,18.72,0,690,32.4,Fully Paid
4500,36 months,9.86,144.91,B,8 years,RENT,53200,Not Verified,home_improvement,9.43,0,709,68.3,Fully Paid
9500,36 months,20.56,355.77,E,10+ years,MORTGAGE,84700,Source Verified,credit_card,16.11,0,676,67.2,Charged Off
12100,60 months,13.08,275.81,C,10+ years,RENT,63900,Not Verified,debt_consolidation,18.31,0,690,47.3,Fully Paid
40000,36 months,8.74,1267.15,B,5 years,MORTGAGE,63200,Verified,debt_consolidation,7.66,0,710,63.0,Fully Paid
27600,36 months,12.76,926.77,C,9 years,RENT,82500,Not Verified,credit_card,17.63,0,732,21.4,Fully Paid
10700,36 months,19.05,392.49,E,3 years,MORTGAGE,122100,Not Verified,credit_card,31.94,0,659,60.4,Fully Paid
8500,36 months,14.01,290.55,C,10+ years,MORTGAGE,159100,Source Verified,credit_card,20.82,0,675,24.3,Fully Paid
15900,36 months,13.94,542.96,C,10+ years,MORTGAGE,134300,Verified,debt_consolidation,14.08,1,695,25.5,Fully Paid
5900,36 months,6.72,181.42,A,< 1 year,RENT,98000,Source Verified,debt_consolidation,27.08,1,729,84.5,Fully Paid
15500,36 months,14.03,529.98,C,2 years,MORTGAGE,113500,Source Verified,debt_consolidation,6.27,0,705,41.9,Fully Paid
26500,36 months,20.76,995.13,E,10+ years,MORTGAGE,197600,Not Verified,major_purchase,16.51,0,672,54.2,Charged Off
10600,36 months,13.41,359.25,C,5 years,RENT,68800,Source Verified,other,28.83,0,693,46.4,Fully Paid
12600,36 months,6.58,386.64,A,6 years,MORTGAGE,58100,Verified,credit_card,7.8,0,741,61.4,Fully Paid
10600,36 months,21.69,403.12,E,4 years,RENT,42500,Not Verified,credit_card,13.95,0,665,71.2,Fully Paid
16600,60 months,11.01,361.01,C,5 years,OWN,63500,Not Verified,debt_consolidation,12.09,0,701,41.2,Fully Paid
7500,36 months,7.22,232.33,A,1 year,RENT,27000,Not Verified,debt_consolidation,29.33,0,749,,Fully Paid
8900,36 months,10.2,288.01,B,10+ years,RENT,182000,Not Verified,debt_consolidation,15.09,1,707,33.6,Fully Paid
6000,36 months,18.94,219.75,D,3 years,RENT,45700,Verified,medical,15.18,0,690,58.1,Fully Paid
10400,60 months,6.36,202.81,A,6 years,RENT,54300,Source Verified,credit_card,6.36,0,728,62.4,Fully Paid
6000,36 months,13.79,204.45,C,6 years,MORTGAGE,97500,Not Verified,car,8.32,0,688,77.0,Fully Paid
10300,36 months,11.8,341.12,B,,RENT,81700,Not Verified,debt_consolidation,26.82,0,715,36.9,Fully Paid
25100,36 months,9.87,808.38,B,10+ years,MORTGAGE,65600,Not Verified,debt_consolidation,7.24,0,727,12.1,Fully Paid
14000,36 months,14.5,481.89,D,,MORTGAGE,24600,Source Verified,home_improvement,14.74,0,677,82.7,Charged Off
7500,60 months,6.89,148.12,A,5 years,RENT,38400,Source Verified,debt_consolidation,8.06,0,731,67.2,Fully Paid
6700,36 months,8.83,212.53,B,< 1 year,RENT,46100,Verified,debt_consolidation,6.2,0,725,86.9,Fully Paid
14300,36 months,16.98,509.69,D,,OWN,54900,Verified,major_purchase,18.64,0,687,82.6,Fully Paid
13700,36 months,7.75,427.73,A,10+ years,MORTGAGE,94800,Not Verified,home_improvement,31.59,0,732,48.4,Fully Paid
3700,36 months,9.76,118.97,B,10+ years,MORTGAGE,45900,Source Verified,major_purchase,18.33,0,732,54.0,Charged Off
9500,60 months,14.02,221.15,D,10+ years,RENT,58400,Source Verified,debt_consolidation,13.39,1,689,72.0,Fully Paid
18300,36 months,18.87,669.6,D,3 years,MORTGAGE,70700,Verified,debt_consolidation,19.66,0,700,65.1,Fully Paid
2800,60 months,9.91,59.37,B,6 years,MORTGAGE,118700,Source Verified,major_purchase,18.94,1,700,70.5,Fully Paid
15500,36 months,14.86,536.25,D,1 year,RENT,45000,Not Verified,debt_consolidation,15.66,1,685,67.0,Fully Paid
9300,36 months,10.6,302.71,B,2 years,RENT,108400,Not Verified,debt_consolidation,10.53,0,739,50.3,Fully Paid
7200,36 months,10.32,233.41,B,10+ years,RENT,59900,Not Verified,major_purchase,14.9,0,707,70.7,Fully Paid
11800,36 months,5.68,357.27,A,5 years,MORTGAGE,61000,Not Verified,car,28.12,0,747,38.9,Fully Paid
13100,36 months,11.96,434.86,B,1 year,MORTGAGE,171800,Source Verified,credit_card,15.69,1,703,74.7,Fully Paid
23500,36 months,7.2,727.76,A,1 year,MORTGAGE,133000,Verified,debt_consolidation,26.14,1,744,49.3,Charged Off
23200,36 months,18.11,840.02,D,10+ years,MORTGAGE,74500,Source Verified,credit_card,10.35,0,670,92.6,Fully Paid
13600,36 months,12.17,452.82,B,10+ years,MORTGAGE,41500,Verified,major_purchase,9.71,0,723,45.7,Fully Paid
23600,36 months,11.64,779.81,B,8 years,MORTGAGE,51400,Source Verified,major_purchase,12.33,1,692,55.7,Fully Paid
18200,36 months,14.26,624.33,C,8 years,MORTGAGE,102200,Verified,debt_consolidation,15.63,0,691,13.7,Fully Paid
11900,60 months,10.72,257.08,B,< 1 year,OTHER,44000,Verified,debt_consolidation,14.17,0,733,39.1,Fully Paid
32500,36 months,10.54,1056.94,B,10+ years,RENT,34700,Verified,debt_consolidation,15.53,0,729,69.6,Fully Paid
8200,36 months,13.49,278.23,C,10+ years,MORTGAGE,123800,Source Verified,debt_consolidation,24.71,0,694,52.4,Charged Off
3700,36 months,12.99,124.65,C,5 years,MORTGAGE,101800,Source Verified,credit_card,7.76,0,686,30.0,Fully Paid
15500,60 months,10.72,334.85,B,9 years,RENT,55400,Verified,debt_consolidation,27.29,1,718,66.7,Fully Paid
8800,36 months,7.64,274.3,A,10+ years,RENT,84800,Source Verified,credit_card,14.52,0,744,61.3,Fully Paid
30100,36 months,10.41,977.05,B,10+ years,MORTGAGE,53800,Source Verified,debt_consolidation,36.41,0,710,45.0,Fully Paid
5900,60 months,11.45,129.61,B,10+ years,RENT,92000,Not Verified,debt_consolidation,13.78,0,713,43.2,Fully Paid
16200,60 months,24.89,474.45,F,10+ years,MORTGAGE,72900,Source Verified,home_improvement,23.88,1,653,74.1,Fully Paid
15700,36 months,9.24,501.01,B,10+ years,RENT,40700,Not Verified,debt_consolidation,9.76,0,718,63.3,Fully Paid
18800,36 months,13.32,636.35,C,9 years,MORTGAGE,37300,Verified,debt_consolidation,25.42,1,682,51.5,Fully Paid
8900,36 months,7.02,274.89,A,9 years,MORTGAGE,58200,Source Verified,debt_consolidation,21.17,0,756,70.0,Fully Paid
13000,36 months,10.96,425.36,C,10+ years,MORTGAGE,48100,Not Verified,debt_consolidation,11.81,0,720,65.2,Fully Paid
6400,60 months,11.43,140.53,B,1 year,RENT,43800,Source Verified,debt_consolidation,28.54,1,719,35.9,Fully Paid
12200,36 months,12.52,408.25,C,10+ years,MORTGAGE,29000,Source Verified,debt_consolidation,29.2,0,691,42.7,Fully Paid
13000,36 months,18.55,473.58,D,2 years,MORTGAGE,40200,Source Verified,car,36.62,0,710,78.3,Fully Paid
8700,60 months,20.08,230.88,D,2 years,RENT,64600,Not Verified,credit_card,4.78,1,688,65.4,Fully Paid
40000,60 months,13.01,910.33,C,1 year,RENT,28600,Verified,debt_consolidation,12.94,0,682,44.8,Fully Paid
16800,36 months,6.0,511.09,A,8 years,MORTGAGE,119300,Verified,credit_card,21.11,0,728,26.0,Fully Paid
7800,36 months,17.6,280.43,D,10+ years,RENT,222200,Source Verified,debt_consolidation,23.04,1,669,57.1,Charged Off
19200,36 months,10.83,627.04,B,2 years,OWN,41400,Not Verified,medical,13.97,0,726,40.9,Fully Paid
5400,36 months,9.46,172.88,B,2 years,OWN,56000,Not Verified,credit_card,8.55,0,703,63.1,Fully Paid
12700,36 months,6.59,389.76,A,4 years,MORTGAGE,19200,Verified,credit_card,29.0,0,745,45.5,Fully Paid
25900,60 months,14.79,613.31,D,5 years,RENT,64000,Source Verified,credit_card,29.23,0,681,53.2,Charged Off
8500,60 months,6.65,166.91,A,5 years,RENT,73200,Not Verified,credit_card,2.1,0,756,23.5,Fully Paid
19200,36 months,7.14,594.07,A,8 years,RENT,88400,Not Verified,credit_card,29.88,0,748,54.5,Fully Paid
25500,60 months,13.25,583.47,C,10+ years,MORTGAGE,116000,Verified,credit_card,22.28,1,722,51.5,Fully Paid
13600,36 months,11.61,449.19,B,< 1 year,MORTGAGE,151200,Not Verified,debt_consolidation,18.63,0,703,24.8,Fully Paid
29000,60 months,9.23,605.23,B,7 years,MORTGAGE,43300,Verified,credit_card,16.17,0,717,36.1,Fully Paid
12800,36 months,14.34,439.59,C,10+ years,RENT,25600,Source Verified,credit_card,7.0,0,671,79.8,Fully Paid
4300,60 months,7.14,85.43,A,2 years,MORTGAGE,117600,Verified,debt_consolidation,31.26,0,750,73.9,Fully Paid
19800,36 months,14.42,680.76,D,2 years,MORTGAGE,61200,Verified,debt_consolidation,22.87,0,692,67.3,Fully Paid
7400,60 months,16.47,181.81,D,10+ years,MORTGAGE,75200,Verified,credit_card,13.54,0,682,19.3,Charged Off
26500,36 months,12.65,888.43,C,2 years,OWN,70600,Not Verified,debt_consolidation,11.3,0,702,62.4,Fully Paid
35200,60 months,10.61,758.5,B,5 years,RENT,76200,Not Verified,home_improvement,9.53,0,697,14.1,Fully Paid
14400,36 months,9.56,461.68,B,2 years,RENT,54600,Verified,debt_consolidation,9.87,0,701,24.6,Fully Paid
12300,60 months,6.24,239.17,A,10+ years,MORTGAGE,74200,Verified,major_purchase,27.84,0,745,60.7,Fully Paid
7100,36 months,14.0,242.66,C,< 1 year,MORTGAGE,86100,Verified,debt_consolidation,17.06,0,703,76.8,Charged Off
6400,36 months,14.31,219.7,C,3 years,RENT,50500,Not Verified,debt_consolidation,25.46,1,722,,Fully Paid
5000,36 months,10.07,161.5,B,7 years,MORTGAGE,52400,Source Verified,small_business,9.93,0,732,9.8,Fully Paid
17600,60 months,12.47,395.7,C,3 years,MORTGAGE,171400,Verified,debt_consolidation,25.18,0,705,26.1,Fully Paid
13900,36 months,15.39,484.51,D,9 years,MORTGAGE,48900,Source Verified,debt_consolidation,13.36,2,679,60.8,Fully Paid
12100,36 months,5.79,366.96,A,10+ years,RENT,67000,Source Verified,credit_card,11.31,0,720,29.0,Fully Paid
13900,60 months,9.02,288.68,A,7 years,MORTGAGE,93200,Source Verified,debt_consolidation,11.7,0,759,60.1,Fully Paid
8000,60 months,6.79,157.62,A,2 years,OWN,106700,Verified,debt_consolidation,20.38,1,739,54.4,Charged Off
11900,60 months,10.06,253.19,B,10+ years,MORTGAGE,66700,Not Verified,debt_consolidation,14.89,0,727,21.4,Fully Paid
16100,60 months,7.49,322.53,A,10+ years,RENT,30000,Not Verified,debt_consolidation,16.87,0,735,71.3,Charged Off
13000,36 months,13.35,440.22,C,10+ years,MORTGAGE,103700,Source Verified,credit_card,24.4,0,714,80.0,Charged Off
38700,60 months,14.8,916.61,C,7 years,RENT,170300,Verified,credit_card,10.09,1,689,89.7,Fully Paid
10700,36 months,15.58,373.97,D,,OWN,47100,Source Verified,debt_consolidation,8.66,0,682,35.4,Fully Paid
37900,36 months,10.32,1228.63,B,3 years,MORTGAGE,164300,Source Verified,credit_card,8.76,0,711,25.7,Fully Paid
9800,60 months,21.18,266.12,E,2 years,RENT,41300,Not Verified,debt_consolidation,6.51,0,682,70.3,Charged Off
6700,60 months,13.68,154.79,C,7 years,RENT,115500,Source Verified,medical,20.57,1,701,48.8,Fully Paid
24500,36 months,9.42,783.89,B,9 years,MORTGAGE,78600,Source Verified,debt_consolidation,9.12,1,725,61.4,Fully Paid
15200,60 months,10.39,325.88,B,2 years,MORTGAGE,38800,Source Verified,debt_consolidation,17.71,1,719,82.6,Charged Off
27900,36 months,22.03,1065.95,E,10+ years,MORTGAGE,56500,Not Verified,debt_consolidation,12.0,0,675,36.8,Fully Paid
10100,36 months,9.95,325.66,B,10+ years,MORTGAGE,40700,Not Verified,debt_consolidation,24.45,0,727,28.5,Fully Paid
10700,36 months,16.75,380.15,D,10+ years,RENT,54200,Not Verified,debt_consolidation,26.77,0,695,5.4,Fully Paid
15300,36 months,11.47,504.31,B,5 years,MORTGAGE,29900,Not Verified,debt_consolidation,25.48,1,715,42.2,Fully Paid
19400,60 months,9.78,410.1,B,2 years,RENT,68000,Source Verified,credit_card,16.64,0,716,70.9,Fully Paid
27000,36 months,13.16,911.82,C,4 years,RENT,123900,Not Verified,other,19.94,0,679,12.3,Fully Paid
7500,36 months,9.39,239.86,B,10+ years,RENT,56100,Source Verified,credit_card,14.6,0,715,5.9,Fully Paid
9600,36 months,18.05,347.3,D,6 years,MORTGAGE,75200,Verified,debt_consolidation,13.25,0,691,48.7,Fully Paid
15700,36 months,15.35,546.94,D,10+ years,RENT,54200,Not Verified,debt_consolidation,22.77,2,693,35.4,Charged Off
24100,36 months,24.05,946.14,G,9 years,RENT,133300,Not Verified,debt_consolidation,12.71,0,649,64.3,Charged Off
10800,36 months,11.75,357.43,B,10+ years,OWN,95100,Source Verified,major_purchase,11.51,1,725,67.6,Fully Paid
9300,36 months,15.35,323.98,C,10+ years,RENT,66500,Not Verified,credit_card,18.53,0,695,41.3,Fully Paid
8900,60 months,20.4,237.78,E,9 years,MORTGAGE,85000,Not Verified,debt_consolidation,18.8,1,660,15.8,Fully Paid
9700,36 months,13.61,329.69,D,3 years,RENT,106800,Verified,debt_consolidation,16.14,0,677,58.9,Fully Paid
9600,36 months,14.39,329.93,C,6 years,RENT,29400,Not Verified,debt_consolidation,13.37,0,680,79.3,Fully Paid
16800,36 months,12.86,564.93,C,< 1 year,RENT,100100,Not Verified,medical,12.66,0,702,76.9,Fully Paid
11700,36 months,14.7,403.87,C,5 years,MORTGAGE,25900,Source Verified,debt_consolidation,20.79,0,709,53.5,Fully Paid
9400,36 months,10.38,304.99,B,5 years,MORTGAGE,26900,Not Verified,debt_consolidation,17.19,2,717,79.1,Fully Paid
14400,60 months,10.54,309.8,B,10+ years,OTHER,48700,Not Verified,debt_consolidation,21.59,0,715,4.0,Fully Paid
22800,36 months,18.2,826.56,D,2 years,RENT,116600,Source Verified,car,19.45,1,673,45.1,Fully Paid
40000,36 months,18.19,1449.91,D,8 years,MORTGAGE,28800,Not Verified,debt_consolidation,19.38,0,679,61.8,Fully Paid
35500,60 months,17.19,885.9,D,1 year,RENT,42400,Not Verified,credit_card,11.72,0,683,48.0,Fully Paid
20300,60 months,11.92,450.74,B,10+ years,RENT,52300,Not Verified,debt_consolidation,23.7,0,719,73.7,Fully Paid
13300,36 months,13.22,449.54,C,1 year,RENT,76700,Source Verified,debt_consolidation,0.82,1,693,37.2,Fully Paid
35100,36 months,10.98,1148.8,B,3 years,MORTGAGE,92900,Source Verified,debt_consolidation,17.89,0,716,73.2,Fully Paid
13700,36 months,17.49,491.79,D,10+ years,RENT,38200,Verified,credit_card,18.16,0,706,31.1,Fully Paid
10700,60 months,11.42,234.89,C,2 years,RENT,105900,Source Verified,credit_card,30.41,1,696,23.9,Fully Paid
10000,36 months,16.92,356.13,D,7 years,RENT,41200,Not Verified,debt_consolidation,21.17,0,705,37.0,Charged Off
18900,36 months,6.33,577.8,A,2 years,RENT,31100,Source Verified,credit_card,28.05,0,759,18.3,Fully Paid
6100,36 months,15.72,213.62,D,2 years,OWN,40400,Not Verified,credit_card,24.79,1,693,26.7,Fully Paid
11000,60 months,13.36,252.32,D,3 years,OWN,44300,Not Verified,credit_card,24.49,0,699,51.5,Fully Paid
14900,36 months,11.52,491.48,B,,MORTGAGE,111700,Not Verified,credit_card,8.95,0,720,69.2,Fully Paid
32400,36 months,12.87,1089.66,C,3 years,MORTGAGE,154300,Not Verified,credit_card,4.68,0,696,57.8,Fully Paid
14400,36 months,12.74,483.39,C,1 year,MORTGAGE,62500,Verified,debt_consolidation,33.7,0,721,28.9,Fully Paid
13800,36 months,17.18,493.24,D,10+ years,MORTGAGE,24500,Source Verified,home_improvement,16.36,0,679,21.9,Fully Paid
21600,36 months,11.72,714.54,B,4 years,OWN,57800,Not Verified,debt_consolidation,14.53,1,723,45.7,Fully Paid
16800,60 months,11.07,365.86,B,10+ years,MORTGAGE,32000,Source Verified,debt_consolidation,20.52,0,719,59.4,Fully Paid
17400,36 months,16.0,611.73,D,2 years,RENT,140600,Verified,home_improvement,35.02,0,694,95.4,Charged Off
11500,36 months,8.85,364.89,A,6 years,RENT,68700,Not Verified,debt_consolidation,17.69,1,757,59.2,Fully Paid
22200,36 months,19.17,815.67,D,10+ years,MORTGAGE,63500,Not Verified,debt_consolidation,22.2,0,705,23.6,Fully Paid
12000,36 months,20.95,451.79,E,4 years,RENT,31900,Source Verified,car,16.58,2,661,32.4,Fully Paid
14500,36 months,7.01,447.78,A,6 years,RENT,110800,Verified,debt_consolidation,8.25,0,727,61.8,Fully Paid
3900,36 months,15.09,135.37,D,7 years,RENT,106500,Not Verified,debt_consolidation,10.09,0,670,25.1,Fully Paid
9200,60 months,12.89,208.81,B,1 year,RENT,56700,Source Verified,debt_consolidation,15.71,0,723,29.0,Fully Paid
8300,36 months,12.0,275.68,C,7 years,RENT,45800,Source Verified,home_improvement,10.2,0,702,74.7,Fully Paid
12300,36 months,5.55,371.69,A,9 years,MORTGAGE,40500,Not Verified,credit_card,21.09,1,749,33.6,Fully Paid
13200,36 months,12.19,439.63,B,10+ years,RENT,189200,Not Verified,debt_consolidation,7.83,0,723,36.9,Fully Paid
22100,36 months,16.38,781.12,D,2 years,MORTGAGE,108200,Source Verified,debt_consolidation,14.39,1,697,57.3,Fully Paid
24300,36 months,6.45,744.22,A,3 years,RENT,173800,Not Verified,small_business,7.87,0,748,56.1,Fully Paid
5900,60 months,14.25,138.05,D,2 years,RENT,68400,Verified,debt_consolidation,29.66,1,699,,Charged Off
4700,60 months,14.52,110.63,D,2 years,OWN,36900,Verified,debt_consolidation,9.7,0,671,11.8,Fully Paid
13300,36 months,14.56,458.19,D,10+ years,RENT,19400,Not Verified,debt_consolidation,32.32,0,675,42.6,Fully Paid
12000,36 months,19.6,443.52,E,10+ years,OWN,30500,Verified,debt_consolidation,14.63,0,678,74.3,Charged Off
14000,36 months,17.63,503.54,D,10+ years,MORTGAGE,67000,Verified,debt_consolidation,22.16,0,676,46.0,Charged Off
9700,36 months,25.05,385.93,G,2 years,RENT,86800,Source Verified,debt_consolidation,15.54,1,638,45.3,Fully Paid
15600,36 months,12.75,523.75,C,10+ years,RENT,129600,Verified,debt_consolidation,29.07,0,701,76.6,Fully Paid
6700,60 months,7.94,135.66,A,10+ years,MORTGAGE,28800,Verified,debt_consolidation,18.74,1,750,9.6,Fully Paid
29100,60 months,9.31,608.46,B,10+ years,RENT,55800,Not Verified,debt_consolidation,11.23,0,727,50.1,Fully Paid
29000,36 months,10.8,946.68,B,8 years,MORTGAGE,72300,Source Verified,debt_consolidation,6.83,0,714,24.7,Fully Paid
10600,60 months,11.24,231.74,C,10+ years,RENT,77000,Verified,debt_consolidation,9.33,0,681,55.2,Fully Paid
13800,60 months,12.13,307.88,B,< 1 year,RENT,79800,Not Verified,debt_consolidation,20.48,0,727,96.9,Fully Paid
17900,36 months,13.24,605.19,C,< 1 year,RENT,69700,Verified,medical,3.08,0,674,53.2,Fully Paid
14000,36 months,25.58,560.94,F,4 years,MORTGAGE,46300,Not Verified,credit_card,20.15,2,635,76.2,Fully Paid
9100,36 months,11.55,300.3,B,10+ years,RENT,128100,Not Verified,debt_consolidation,6.52,0,728,48.1,Fully Paid
20100,36 months,8.11,630.88,A,10+ years,OTHER,46900,Verified,debt_consolidation,10.38,0,714,55.7,Fully Paid
8500,36 months,9.6,272.68,B,4 years,MORTGAGE,47500,Source Verified,debt_consolidation,19.26,1,720,46.2,Charged Off
8000,36 months,6.51,245.23,A,8 years,RENT,113300,Verified,major_purchase,27.26,0,732,50.8,Fully Paid
14000,36 months,7.11,432.98,A,3 years,MORTGAGE,64900,Not Verified,debt_consolidation,15.22,2,757,18.6,Fully Paid
11300,60 months,7.21,224.87,A,5 years,MORTGAGE,124500,Verified,credit_card,11.8,1,750,66.7,Fully Paid
10900,36 months,14.06,372.85,C,2 years,MORTGAGE,61600,Verified,debt_consolidation,8.53,0,725,39.6,Fully Paid
11000,36 months,14.85,380.51,D,8 years,RENT,45200,Verified,debt_consolidation,34.15,0,687,74.7,Fully Paid
7900,60 months,10.29,168.98,B,4 years,MORTGAGE,82600,Source Verified,home_improvement,13.48,0,689,73.5,Fully Paid
13300,36 months,11.88,440.99,C,5 years,MORTGAGE,36300,Source Verified,debt_consolidation,14.01,0,691,33.5,Fully Paid
15700,60 months,9.43,329.19,B,10+ years,RENT,96700,Verified,debt_consolidation,50.0,0,693,59.0,Fully Paid
8900,36 months,19.92,330.39,E,10+ years,MORTGAGE,57600,Source Verified,debt_consolidation,16.71,1,674,55.7,Fully Paid
6400,60 months,10.5,137.56,B,,MORTGAGE,83400,Verified,debt_consolidation,21.3,0,725,23.2,Fully Paid
22500,36 months,13.88,767.69,C,10+ years,RENT,33800,Source Verified,home_improvement,25.79,0,701,58.0,Fully Paid
16000,36 months,10.06,516.73,B,3 years,RENT,74900,Source Verified,debt_consolidation,24.95,0,704,28.1,Fully Paid
13400,60 months,11.16,292.42,B,4 years,RENT,56600,Not Verified,debt_consolidation,13.29,0,728,36.8,Fully Paid
8000,36 months,10.23,259.0,B,9 years,RENT,58900,Source Verified,debt_consolidation,29.52,0,704,89.9,Fully Paid
5700,60 months,9.99,121.08,B,4 years,MORTGAGE,24300,Verified,debt_consolidation,4.86,0,729,85.0,Fully Paid
7300,36 months,11.64,241.21,B,10+ years,MORTGAGE,56000,Verified,debt_consolidation,23.65,0,696,41.5,Fully Paid
8700,36 months,11.03,284.95,B,10+ years,MORTGAGE,66400,Verified,debt_consolidation,9.92,0,720,29.9,Fully Paid
11600,36 months,13.5,393.65,C,10+ years,RENT,72700,Source Verified,debt_consolidation,21.6,0,697,58.7,Charged Off
14600,36 months,10.22,472.61,B,,MORTGAGE,73300,Verified,medical,13.93,0,734,25.8,Fully Paid
12100,36 months,7.7,377.5,A,5 years,RENT,75300,Not Verified,debt_consolidation,11.7,0,731,52.8,Fully Paid
9200,36 months,18.46,334.73,D,4 years,RENT,155100,Verified,debt_consolidation,14.13,0,706,66.5,Fully Paid
18800,60 months,9.57,395.48,B,10+ years,OWN,163400,Verified,debt_consolidation,16.47,0,724,81.7,Fully Paid
12800,60 months,16.3,313.32,D,7 years,MORTGAGE,82400,Source Verified,debt_consolidation,38.97,1,687,50.5,Fully Paid
20000,36 months,14.36,687.05,C,1 year,RENT,37200,Source Verified,debt_consolidation,10.4,0,691,23.6,Fully Paid
17200,36 months,12.39,574.5,B,10+ years,MORTGAGE,50000,Not Verified,credit_card,34.46,1,734,41.7,Fully Paid
7000,60 months,9.99,148.69,B,9 years,OWN,189700,Source Verified,debt_consolidation,22.75,1,711,65.0,Fully Paid
5900,36 months,6.11,179.78,A,2 years,MORTGAGE,44500,Not Verified,credit_card,20.05,0,745,73.1,Fully Paid
9700,36 months,9.46,310.54,B,< 1 year,MORTGAGE,125500,Source Verified,debt_consolidation,20.98,1,694,37.0,Fully Paid
21700,36 months,9.28,692.89,B,1 year,RENT,106800,Source Verified,home_improvement,11.82,0,709,66.6,Fully Paid
13000,36 months,7.7,405.58,A,10+ years,MORTGAGE,45800,Verified,credit_card,11.53,0,732,25.8,Fully Paid
35800,36 months,10.67,1166.46,B,1 year,RENT,44100,Verified,credit_card,13.39,2,715,74.9,Fully Paid
7600,60 months,15.04,180.96,D,10+ years,MORTGAGE,66600,Not Verified,debt_consolidation,19.24,1,679,41.8,Charged Off
27000,36 months,10.0,871.21,B,10+ years,RENT,116500,Not Verified,debt_consolidation,11.6,1,708,31.1,Fully Paid
13600,36 months,7.03,420.12,A,5 years,MORTGAGE,111300,Source Verified,debt_consolidation,10.89,0,741,6.2,Fully Paid
10000,36 months,6.61,306.99,A,3 years,RENT,37900,Not Verified,credit_card,21.0,0,768,39.2,Fully Paid
6700,36 months,13.35,226.88,C,7 years,RENT,90500,Source Verified,credit_card,12.14,1,685,77.3,Fully Paid
7000,36 months,10.99,229.14,B,1 year,MORTGAGE,57000,Verified,debt_consolidation,25.13,1,736,89.4,Charged Off
5600,36 months,18.63,204.23,D,5 years,RENT,78000,Verified,credit_card,6.57,0,674,42.4,Fully Paid
14600,60 months,12.18,326.1,B,,MORTGAGE,72600,Source Verified,debt_consolidation,13.4,0,709,43.5,Fully Paid
9400,60 months,10.64,202.7,B,1 year,MORTGAGE,68500,Verified,debt_consolidation,17.32,0,697,50.4,Fully Paid
7300,60 months,11.93,162.13,B,2 years,RENT,44800,Source Verified,debt_consolidation,18.19,0,730,15.1,Charged Off
16500,36 months,7.9,516.29,A,6 years,RENT,16800,Not Verified,major_purchase,8.03,1,755,57.4,Fully Paid
35500,60 months,12.54,799.4,B,10+ years,MORTGAGE,56100,Source Verified,credit_card,13.27,0,706,19.6,Fully Paid
16900,36 months,14.04,577.93,C,3 years,MORTGAGE,112200,Not Verified,debt_consolidation,30.36,0,699,36.9,Fully Paid
11500,36 months,13.41,389.76,C,10+ years,RENT,63100,Verified,debt_consolidation,13.15,1,691,69.9,Fully Paid
10400,36 months,13.82,354.54,C,6 years,OWN,57300,Verified,debt_consolidation,40.02,2,704,51.2,Charged Off
9600,60 months,27.55,296.3,F,< 1 year,MORTGAGE,132700,Verified,credit_card,22.14,0,657,39.2,Fully Paid
12800,36 months,15.22,445.1,C,,MORTGAGE,60100,Not Verified,credit_card,24.02,0,695,11.0,Fully Paid
12900,36 months,14.1,441.52,C,7 years,MORTGAGE,140800,Not Verified,debt_consolidation,16.09,0,701,86.7,Fully Paid
28300,60 months,10.61,609.82,B,10+ years,RENT,51900,Not Verified,credit_card,20.43,2,711,54.8,Fully Paid
2100,36 months,9.21,66.98,B,10+ years,MORTGAGE,221800,Verified,credit_card,26.82,0,698,31.1,Fully Paid
12300,60 months,12.21,274.91,C,2 years,OWN,124500,Not Verified,debt_consolidation,16.01,0,701,50.0,Fully Paid
10500,36 months,7.71,327.63,A,7 years,RENT,21100,Verified,major_purchase,18.23,0,748,73.2,Fully Paid
11000,36 months,15.06,381.64,C,2 years,MORTGAGE,40700,Verified,debt_consolidation,11.52,1,700,71.4,Fully Paid
12100,36 months,15.33,421.41,D,10+ years,MORTGAGE,29500,Verified,debt_consolidation,14.0,0,706,78.1,Fully Paid
15700,36 months,13.16,530.21,C,3 years,MORTGAGE,104100,Verified,debt_consolidation,20.28,0,709,48.7,Fully Paid
9500,36 months,10.64,309.4,B,,MORTGAGE,51900,Not Verified,debt_consolidation,22.19,0,714,32.5,Fully Paid
9500,60 months,14.22,222.13,D,5 years,OWN,160600,Not Verified,debt_consolidation,27.55,0,678,66.1,Fully Paid
13000,36 months,13.35,440.22,C,4 years,MORTGAGE,49900,Verified,medical,14.63,0,695,34.6,Fully Paid
31400,60 months,23.8,899.67,F,10+ years,MORTGAGE,61800,Not Verified,home_improvement,25.01,0,657,35.9,Fully Paid
6500,36 months,18.35,236.13,D,10+ years,RENT,33000,Verified,home_improvement,15.69,1,682,60.2,Charged Off
24600,36 months,9.75,790.89,B,1 year,RENT,109500,Verified,debt_consolidation,15.01,1,714,62.9,Fully Paid
11200,36 months,5.82,339.81,A,10+ years,MORTGAGE,35100,Not Verified,credit_card,17.73,0,751,82.4,Charged Off
13700,36 months,8.22,430.7,A,,MORTGAGE,73200,Source Verified,debt_consolidation,12.25,0,742,58.4,Fully Paid
17800,36 months,13.67,605.51,D,10+ years,RENT,54000,Not Verified,credit_card,13.66,2,700,85.3,Fully Paid
18200,36 months,6.85,560.72,A,2 years,RENT,76300,Not Verified,credit_card,18.11,0,745,71.6,Fully Paid
20800,36 months,9.36,664.92,B,1 year,MORTGAGE,195800,Not Verified,debt_consolidation,18.89,1,718,17.1,Fully Paid
21100,36 months,12.9,709.93,B,2 years,RENT,127600,Not Verified,credit_card,16.36,0,731,48.8,Fully Paid
10600,36 months,9.41,339.1,B,3 years,MORTGAGE,17300,Source Verified,car,17.04,0,735,81.6,Fully Paid
7700,60 months,10.48,165.43,B,3 years,RENT,200800,Verified,debt_consolidation,18.36,0,706,73.9,Charged Off
13100,36 months,17.74,471.89,D,5 years,MORTGAGE,31400,Source Verified,debt_consolidation,11.83,0,679,77.1,Fully Paid
11200,36 months,12.08,372.43,B,1 year,MORTGAGE,101300,Not Verified,credit_card,19.05,0,725,53.6,Fully Paid
4000,36 months,12.04,132.93,C,6 years,RENT,29900,Source Verified,debt_consolidation,17.5,0,712,31.4,Charged Off
2500,36 months,5.21,75.16,A,10+ years,RENT,82800,Source Verified,debt_consolidation,11.29,0,761,6.2,Fully Paid
9300,36 months,11.07,304.78,B,4 years,RENT,83000,Not Verified,debt_consolidation,12.87,1,706,48.5,Fully Paid
7800,60 months,7.77,157.3,A,8 years,RENT,103200,Verified,credit_card,9.21,1,737,21.6,Fully Paid
12500,36 months,22.67,481.72,F,10+ years,RENT,83700,Not Verified,debt_consolidation,11.1,0,673,40.1,Charged Off
14100,36 months,15.57,492.73,D,7 years,MORTGAGE,34000,Not Verified,credit_card,10.41,2,701,48.3,Charged Off
10700,60 months,8.47,219.37,B,4 years,RENT,82900,Verified,debt_consolidation,18.82,1,724,39.3,Fully Paid
5800,36 months,10.84,189.45,B,10+ years,RENT,159800,Source Verified,debt_consolidation,19.96,0,704,28.9,Fully Paid
24300,36 months,11.93,806.3,C,10+ years,MORTGAGE,74600,Source Verified,credit_card,14.68,1,687,26.0,Fully Paid
10600,36 months,8.53,334.76,B,10+ years,MORTGAGE,54200,Source Verified,debt_consolidation,8.33,0,706,64.8,Fully Paid
10400,60 months,15.79,251.75,D,10+ years,RENT,21200,Source Verified,credit_card,12.23,0,683,61.2,Fully Paid
12100,60 months,17.95,306.93,D,7 years,RENT,32500,Verified,debt_consolidation,21.65,1,665,67.9,Fully Paid
20700,60 months,9.22,431.91,B,3 years,MORTGAGE,58900,Not Verified,home_improvement,22.49,0,716,34.6,Fully Paid
15800,60 months,12.85,358.29,C,4 years,RENT,38600,Source Verified,home_improvement,11.15,0,693,68.8,Fully Paid
19400,60 months,14.97,461.22,C,10+ years,MORTGAGE,38200,Source Verified,major_purchase,7.76,0,699,38.8,Fully Paid
15000,36 months,10.07,484.5,B,1 year,MORTGAGE,107000,Source Verified,debt_consolidation,8.18,0,720,81.3,Fully Paid
12000,36 months,10.48,389.92,B,< 1 year,RENT,174200,Not Verified,debt_consolidation,15.83,0,704,37.5,Fully Paid
2600,36 months,12.74,87.28,B,4 years,MORTGAGE,77500,Verified,debt_consolidation,6.64,0,717,68.7,Charged Off
40000,60 months,15.92,971.02,D,2 years,MORTGAGE,65000,Not Verified,debt_consolidation,47.1,1,708,61.7,Fully Paid
4400,36 months,13.26,148.81,C,5 years,RENT,72200,Source Verified,other,22.54,0,730,38.3,Fully Paid
7900,36 months,15.61,276.22,C,10+ years,RENT,62300,Not Verified,debt_consolidation,16.41,0,710,2.9,Fully Paid
30700,36 months,10.88,1003.33,B,6 years,RENT,66800,Verified,other,22.55,1,718,18.7,Fully Paid
20500,60 months,6.97,405.63,A,3 years,MORTGAGE,196800,Not Verified,credit_card,20.93,0,753,23.0,Fully Paid
8200,36 months,17.26,293.41,D,10+ years,RENT,62500,Not Verified,debt_consolidation,21.57,0,678,55.9,Charged Off
10600,60 months,13.22,242.38,C,2 years,MORTGAGE,51100,Source Verified,home_improvement,38.12,0,692,12.9,Fully Paid
4400,60 months,20.46,117.7,F,10+ years,RENT,49300,Source Verified,debt_consolidation,14.03,0,644,17.7,Charged Off
25000,36 months,15.28,870.07,D,10+ years,RENT,89300,Source Verified,debt_consolidation,10.37,0,696,67.8,Fully Paid
11100,36 months,11.74,367.3,B,2 years,RENT,97000,Verified,debt_consolidation,14.84,0,708,6.7,Fully Paid
12800,36 months,17.15,457.31,E,9 years,MORTGAGE,56100,Not Verified,debt_consolidation,7.15,0,676,41.6,Fully Paid
12600,60 months,12.53,283.67,C,9 years,OWN,73400,Not Verified,other,22.27,1,714,15.7,Charged Off
19800,36 months,11.35,651.51,B,10+ years,OWN,79400,Not Verified,debt_consolidation,16.81,0,707,30.7,Fully Paid
30100,36 months,10.15,973.36,C,10+ years,RENT,49900,Source Verified,debt_consolidation,5.74,1,695,69.4,Fully Paid
9900,36 months,19.13,363.55,E,1 year,RENT,62000,Not Verified,credit_card,17.37,0,657,31.5,Charged Off
8200,60 months,15.13,195.64,C,1 year,RENT,49400,Not Verified,debt_consolidation,16.83,0,714,66.2,Fully Paid
25300,60 months,13.31,579.68,C,8 years,RENT,113700,Not Verified,debt_consolidation,40.14,0,729,77.3,Charged Off
10100,36 months,11.46,332.87,B,5 years,MORTGAGE,203300,Source Verified,credit_card,6.23,0,731,51.6,Fully Paid
5900,36 months,14.71,203.69,D,7 years,MORTGAGE,45300,Source Verified,debt_consolidation,24.38,2,672,82.0,Charged Off
12600,36 months,16.72,447.47,D,5 years,MORTGAGE,37800,Source Verified,debt_consolidation,19.46,0,664,87.7,Charged Off
19900,36 months,13.74,677.62,C,1 year,RENT,57200,Source Verified,debt_consolidation,12.79,0,702,33.9,Fully Paid
10800,36 months,22.9,417.5,E,2 years,MORTGAGE,100700,Not Verified,debt_consolidation,30.34,1,648,66.9,Charged Off
21700,36 months,14.14,743.13,D,,MORTGAGE,49700,Not Verified,debt_consolidation,12.36,0,711,27.4,Fully Paid
7400,36 months,13.85,252.38,C,10+ years,MORTGAGE,70700,Verified,other,32.26,0,697,69.2,Fully Paid
21800,36 months,13.78,742.75,D,4 years,RENT,52500,Verified,debt_consolidation,13.33,1,686,76.2,Charged Off
7000,60 months,9.82,148.11,B,2 years,MORTGAGE,111800,Not Verified,medical,21.09,0,735,67.2,Charged Off
13700,36 months,14.98,474.78,C,7 years,RENT,57300,Verified,credit_card,19.98,0,705,40.8,Fully Paid
26100,60 months,13.88,605.68,D,2 years,MORTGAGE,61900,Not Verified,debt_consolidation,26.13,0,701,47.3,Fully Paid
11100,36 months,6.31,339.24,A,6 years,OWN,93800,Source Verified,credit_card,19.57,0,734,33.9,Fully Paid
4700,36 months,13.95,160.52,C,10+ years,RENT,68600,Not Verified,debt_consolidation,10.58,0,716,52.8,Fully Paid
19500,36 months,18.23,707.22,E,,MORTGAGE,49200,Source Verified,debt_consolidation,17.48,0,677,37.3,Fully Paid
31100,36 months,12.83,1045.34,B,2 years,RENT,91000,Source Verified,debt_consolidation,10.14,0,724,22.7,Fully Paid
7100,36 months,26.09,286.4,G,10+ years,RENT,46500,Verified,debt_consolidation,17.43,0,666,44.3,Fully Paid
16100,36 months,9.54,516.03,B,4 years,OWN,19700,Source Verified,credit_card,21.85,0,726,46.8,Charged Off
15500,60 months,14.28,362.91,C,4 years,MORTGAGE,28600,Verified,credit_card,9.93,0,706,37.7,Fully Paid
12000,60 months,13.64,276.98,D,7 years,RENT,108800,Not Verified,debt_consolidation,11.0,0,675,56.5,Fully Paid
7300,36 months,19.15,268.14,E,10+ years,RENT,32100,Verified,debt_consolidation,7.38,1,676,54.4,Fully Paid
22200,36 months,7.55,691.07,A,3 years,RENT,158500,Not Verified,debt_consolidation,21.66,0,737,65.2,Fully Paid
5500,60 months,9.9,116.59,B,4 years,MORTGAGE,73000,Not Verified,debt_consolidation,9.18,0,723,18.6,Fully Paid
16600,36 months,7.7,517.89,B,5 years,RENT,52100,Not Verified,credit_card,14.46,0,696,34.7,Fully Paid
8300,36 months,15.55,289.96,D,7 years,MORTGAGE,84900,Not Verified,home_improvement,15.51,0,682,51.9,Charged Off
5800,36 months,11.49,191.23,C,10+ years,MORTGAGE,154300,Source Verified,debt_consolidation,22.36,1,702,48.0,Fully Paid
4200,36 months,12.52,140.55,C,10+ years,MORTGAGE,52700,Verified,debt_consolidation,9.05,0,725,81.9,Fully Paid
4300,36 months,18.62,156.8,D,4 years,MORTGAGE,30500,Verified,credit_card,9.61,0,695,47.1,Fully Paid
7800,60 months,11.12,170.06,C,10+ years,OWN,46200,Source Verified,debt_consolidation,11.51,1,680,25.6,Fully Paid
6300,60 months,16.5,154.88,D,10+ years,MORTGAGE,166000,Source Verified,credit_card,4.8,0,683,80.9,Fully Paid
8200,36 months,12.59,274.67,B,10+ years,OWN,107500,Not Verified,credit_card,14.65,1,720,28.6,Fully Paid
12600,60 months,6.32,245.47,A,7 years,MORTGAGE,103700,Not Verified,debt_consolidation,13.19,0,757,56.9,Fully Paid
13200,36 months,17.75,475.56,D,10+ years,OWN,61600,Verified,credit_card,16.59,0,686,70.2,Fully Paid
17700,36 months,6.96,546.2,A,10+ years,RENT,51300,Source Verified,home_improvement,22.51,0,744,31.9,Fully Paid
27900,36 months,11.68,922.42,C,3 years,MORTGAGE,73300,Verified,major_purchase,5.42,1,700,43.4,Fully Paid
8000,36 months,20.2,298.12,E,10+ years,RENT,109900,Not Verified,car,11.43,0,649,,Fully Paid
10900,36 months,15.8,382.14,C,< 1 year,OWN,58600,Verified,small_business,16.59,0,686,31.6,Fully Paid
14700,36 months,19.23,540.55,E,2 years,RENT,116600,Not Verified,debt_consolidation,12.5,0,672,33.2,Fully Paid
8800,60 months,9.96,186.8,B,2 years,MORTGAGE,103600,Verified,car,37.86,0,715,,Charged Off
11000,36 months,7.16,340.45,A,10+ years,MORTGAGE,79700,Verified,credit_card,20.91,2,761,44.1,Fully Paid
11300,36 months,30.0,479.7,G,6 years,RENT,36300,Not Verified,credit_card,12.66,0,664,16.6,Fully Paid
9300,36 months,15.62,325.22,D,2 years,MORTGAGE,37200,Not Verified,debt_consolidation,22.74,0,699,80.5,Fully Paid
7900,36 months,6.03,240.44,A,10+ years,RENT,36600,Source Verified,debt_consolidation,18.39,0,747,55.1,Fully Paid
20600,36 months,14.34,707.47,C,10+ years,MORTGAGE,77200,Not Verified,debt_consolidation,30.71,0,708,59.2,Fully Paid
15800,36 months,11.9,524.03,C,5 years,RENT,84700,Not Verified,debt_consolidation,11.6,0,705,,Fully Paid
2600,60 months,7.0,51.48,A,7 years,RENT,194600,Not Verified,debt_consolidation,13.55,0,723,45.7,Fully Paid
18600,36 months,13.24,628.86,C,7 years,MORTGAGE,45600,Source Verified,major_purchase,19.33,0,686,66.4,Fully Paid
21100,60 months,9.95,447.79,B,2 years,OWN,106500,Verified,debt_consolidation,19.65,0,714,36.1,Fully Paid
6900,60 months,14.85,163.61,D,2 years,RENT,43600,Verified,credit_card,12.82,0,673,50.1,Fully Paid
7900,60 months,10.78,170.9,B,7 years,MORTGAGE,51900,Source Verified,debt_consolidation,16.15,0,704,19.6,Fully Paid
4500,36 months,8.91,142.91,B,10+ years,RENT,111000,Not Verified,debt_consolidation,28.24,0,712,70.9,Fully Paid
7300,36 months,10.23,236.34,B,,RENT,29700,Source Verified,car,4.82,1,706,61.9,Fully Paid
10900,60 months,15.42,261.72,C,9 years,RENT,61200,Not Verified,debt_consolidation,23.03,0,708,66.6,Fully Paid
12700,36 months,25.24,506.56,F,10+ years,RENT,80200,Source Verified,home_improvement,17.32,0,663,36.9,Fully Paid
6000,36 months,11.92,199.06,C,10+ years,MORTGAGE,34300,Source Verified,debt_consolidation,6.89,0,705,31.7,Fully Paid
20100,36 months,14.81,694.9,C,10+ years,RENT,129300,Not Verified,debt_consolidation,20.15,1,716,71.1,Fully Paid
9300,36 months,21.25,351.57,E,10+ years,MORTGAGE,75400,Verified,credit_card,5.62,0,667,42.2,Charged Off
19400,36 months,7.0,599.02,A,2 years,MORTGAGE,72800,Source Verified,credit_card,30.99,0,743,,Fully Paid
12400,36 months,11.1,406.55,B,10+ years,MORTGAGE,60700,Verified,debt_consolidation,7.77,1,718,76.4,Fully Paid
12700,60 months,9.91,269.28,B,10+ years,RENT,53900,Verified,debt_consolidation,9.94,0,727,51.5,Fully Paid
25200,36 months,12.8,846.66,C,5 years,RENT,45700,Verified,debt_consolidation,12.6,0,678,29.0,Charged Off
9100,60 months,9.57,191.43,B,3 years,RENT,160200,Source Verified,debt_consolidation,13.92,1,708,62.7,Fully Paid
11400,36 months,11.3,374.84,C,7 years,OWN,105800,Not Verified,debt_consolidation,33.59,2,706,84.2,Fully Paid
5200,36 months,12.64,174.31,C,4 years,OWN,146600,Source Verified,credit_card,24.89,0,693,68.5,Charged Off
11700,36 months,7.78,365.45,A,9 years,RENT,57800,Source Verified,debt_consolidation,8.78,0,747,12.6,Fully Paid
9500,60 months,10.62,204.76,B,,MORTGAGE,83600,Source Verified,major_purchase,10.86,0,742,45.6,Fully Paid
10300,60 months,16.85,255.15,D,3 years,OWN,53900,Not Verified,credit_card,16.72,0,693,61.5,Fully Paid
13500,36 months,10.85,441.01,B,10+ years,MORTGAGE,62700,Verified,debt_consolidation,11.12,1,720,27.3,Fully Paid
12400,36 months,10.39,402.39,B,10+ years,MORTGAGE,179400,Not Verified,debt_consolidation,19.01,0,712,23.0,Charged Off
11700,36 months,10.87,382.32,B,2 years,OWN,84000,Verified,other,12.0,1,698,26.1,Fully Paid
4000,36 months,12.91,134.6,B,5 years,MORTGAGE,58800,Verified,credit_card,4.1,1,718,31.5,Fully Paid
6700,36 months,8.81,212.47,B,,OWN,28300,Verified,debt_consolidation,6.63,1,711,25.4,Fully Paid
27600,60 months,17.62,695.17,D,10+ years,RENT,40700,Not Verified,debt_consolidation,6.03,0,656,19.2,Fully Paid
17200,60 months,16.54,423.22,D,1 year,MORTGAGE,31900,Not Verified,debt_consolidation,13.48,0,682,20.8,Fully Paid
25700,36 months,12.74,862.72,C,1 year,RENT,51800,Verified,debt_consolidation,37.89,0,699,64.4,Fully Paid
7800,36 months,7.48,242.56,A,10+ years,MORTGAGE,146200,Not Verified,other,7.86,0,738,59.2,Fully Paid
5200,36 months,10.22,168.33,B,1 year,MORTGAGE,43800,Not Verified,debt_consolidation,22.52,0,718,35.7,Fully Paid
25500,36 months,9.61,818.15,B,3 years,OWN,31700,Source Verified,debt_consolidation,14.34,0,706,64.2,Fully Paid
9200,36 months,13.01,310.03,C,10+ years,MORTGAGE,32500,Not Verified,debt_consolidation,29.44,1,702,38.7,Fully Paid
5500,36 months,14.96,190.55,C,10+ years,RENT,34100,Verified,credit_card,20.91,1,679,78.0,Charged Off
8700,60 months,14.62,205.24,D,10+ years,OWN,76200,Source Verified,credit_card,18.76,2,702,76.7,Fully Paid
11400,36 months,7.61,355.19,A,2 years,MORTGAGE,85100,Source Verified,credit_card,11.35,0,739,55.7,Fully Paid
28000,36 months,8.08,878.45,B,,RENT,52200,Verified,other,18.62,1,716,38.2,Fully Paid
14400,36 months,14.63,496.58,D,,MORTGAGE,62700,Source Verified,credit_card,5.92,0,679,74.8,Fully Paid
14700,60 months,6.74,289.28,A,10+ years,RENT,165800,Source Verified,credit_card,36.7,1,754,60.9,Fully Paid
4900,60 months,12.21,109.52,C,10+ years,RENT,28500,Verified,credit_card,9.28,0,714,78.0,Fully Paid
18500,36 months,10.45,600.86,B,,MORTGAGE,63600,Not Verified,debt_consolidation,17.69,0,712,47.7,Fully Paid
15300,36 months,11.19,502.28,B,,RENT,67000,Not Verified,debt_consolidation,5.71,0,717,61.6,Fully Paid
13000,36 months,12.9,437.4,C,10+ years,MORTGAGE,124000,Not Verified,credit_card,19.88,0,684,82.3,Fully Paid
12400,60 months,14.07,288.98,C,9 years,RENT,97500,Not Verified,debt_consolidation,15.18,0,691,70.5,Charged Off
37200,60 months,22.18,1031.23,E,7 years,MORTGAGE,122800,Not Verified,credit_card,23.58,0,651,42.6,Charged Off
24400,36 months,20.15,908.66,E,10+ years,RENT,58700,Not Verified,debt_consolidation,12.21,0,685,41.3,Charged Off
10200,36 months,9.17,325.16,B,6 years,MORTGAGE,63000,Source Verified,credit_card,15.68,0,728,76.5,Fully Paid
30400,36 months,14.41,1045.06,D,9 years,OWN,67500,Verified,debt_consolidation,16.31,1,687,58.6,Fully Paid
6500,60 months,13.47,149.46,C,5 years,RENT,132300,Verified,debt_consolidation,17.41,0,708,43.7,Fully Paid
23100,36 months,17.88,833.73,D,10+ years,RENT,37700,Verified,credit_card,17.81,1,690,41.7,Fully Paid
6500,36 months,20.59,243.52,F,10+ years,RENT,33000,Not Verified,debt_consolidation,26.05,0,645,,Fully Paid
3900,36 months,6.82,120.1,A,,OWN,87200,Source Verified,debt_consolidation,19.84,1,745,51.1,Fully Paid
8700,36 months,15.94,305.61,D,9 years,RENT,93700,Verified,credit_card,15.87,0,689,47.3,Fully Paid
8900,36 months,17.79,320.82,D,4 years,RENT,50300,Source Verified,debt_consolidation,36.12,1,686,44.0,Fully Paid
10700,36 months,10.98,350.2,B,10+ years,MORTGAGE,43400,Not Verified,debt_consolidation,9.08,1,722,28.9,Fully Paid
20900,36 months,6.76,643.04,A,10+ years,MORTGAGE,51700,Verified,major_purchase,26.06,0,747,43.3,Fully Paid
10000,60 months,17.05,248.79,D,9 years,RENT,22500,Not Verified,debt_consolidation,23.56,0,692,55.4,Fully Paid
15700,36 months,10.5,510.29,B,10+ years,MORTGAGE,26700,Not Verified,major_purchase,20.48,0,717,31.7,Fully Paid
6300,60 months,13.17,143.89,C,6 years,OWN,105200,Verified,debt_consolidation,12.08,0,708,42.1,Fully Paid
8700,36 months,10.29,281.91,B,1 year,OWN,119500,Verified,debt_consolidation,7.18,0,724,20.2,Fully Paid
25200,36 months,7.44,783.18,A,1 year,RENT,80100,Not Verified,debt_consolidation,22.0,0,743,69.5,Fully Paid
20900,36 months,21.03,787.73,E,4 years,RENT,28600,Not Verified,credit_card,26.07,0,659,76.6,Charged Off
13600,36 months,6.47,416.64,A,10+ years,MORTGAGE,61900,Verified,credit_card,3.92,0,757,81.7,Fully Paid
6000,60 months,13.51,138.09,C,2 years,MORTGAGE,29200,Not Verified,credit_card,18.6,0,699,45.2,Fully Paid
12800,36 months,11.55,422.4,C,4 years,RENT,21700,Verified,debt_consolidation,8.06,0,706,78.4,Fully Paid
10300,36 months,12.06,342.4,C,7 years,RENT,43500,Verified,debt_consolidation,20.83,0,697,55.6,Fully Paid
8900,60 months,10.76,192.44,B,< 1 year,MORTGAGE,104000,Source Verified,credit_card,22.17,1,707,58.3,Charged Off
17500,36 months,9.72,562.38,B,10+ years,RENT,66100,Source Verified,debt_consolidation,30.0,1,718,25.6,Fully Paid
16400,60 months,14.98,389.98,C,5 years,RENT,91000,Not Verified,major_purchase,11.38,1,703,45.2,Fully Paid
32100,36 months,11.29,1055.33,B,10+ years,RENT,124200,Not Verified,debt_consolidation,9.9,0,731,22.2,Fully Paid
11600,60 months,9.16,241.7,B,10+ years,MORTGAGE,68500,Not Verified,car,23.87,0,720,56.7,Fully Paid
8400,60 months,7.42,168.0,A,1 year,MORTGAGE,57600,Source Verified,debt_consolidation,11.94,0,749,65.5,Charged Off
18800,36 months,14.86,650.42,D,8 years,RENT,126600,Verified,other,34.77,0,672,59.6,Charged Off
16000,60 months,14.72,378.29,C,< 1 year,MORTGAGE,47100,Not Verified,debt_consolidation,35.91,2,700,71.7,Fully Paid
13100,60 months,16.54,322.34,D,1 year,RENT,63600,Not Verified,other,12.72,2,701,43.4,Charged Off
15600,60 months,8.1,317.06,A,10+ years,RENT,110700,Not Verified,debt_consolidation,16.4,1,746,53.0,Fully Paid
12500,36 months,10.31,405.16,B,10+ years,RENT,25600,Source Verified,credit_card,17.32,0,724,3.9,Fully Paid
6200,36 months,10.33,201.02,B,10+ years,OWN,124600,Not Verified,other,33.29,0,717,54.8,Fully Paid
12800,36 months,15.61,447.55,D,10+ years,MORTGAGE,71600,Source Verified,car,7.43,0,683,52.9,Fully Paid
6700,36 months,11.05,219.51,B,5 years,OWN,38900,Source Verified,credit_card,8.55,0,716,36.4,Fully Paid
13600,60 months,8.86,281.39,B,10+ years,MORTGAGE,15500,Not Verified,debt_consolidation,39.95,0,706,30.9,Charged Off
8600,36 months,13.44,291.59,C,2 years,OTHER,83900,Source Verified,credit_card,7.36,1,688,61.4,Fully Paid
8800,36 months,10.73,286.98,B,10+ years,RENT,27500,Verified,debt_consolidation,26.57,0,725,34.5,Fully Paid
17100,60 months,10.17,364.76,B,10+ years,MORTGAGE,80500,Not Verified,debt_consolidation,10.05,0,711,22.3,Fully Paid
10900,36 months,12.26,363.39,C,2 years,MORTGAGE,77200,Source Verified,credit_card,13.26,0,718,59.4,Charged Off
7800,36 months,10.89,254.96,B,4 years,RENT,64100,Not Verified,debt_consolidation,16.81,1,705,45.1,Fully Paid
8700,60 months,10.05,185.06,B,4 years,OWN,103400,Verified,credit_card,19.01,0,711,10.6,Fully Paid
3500,36 months,11.55,115.5,B,5 years,RENT,63500,Source Verified,other,23.99,0,708,40.8,Fully Paid
40000,36 months,10.63,1302.55,B,2 years,OTHER,38100,Source Verified,debt_consolidation,13.74,0,717,32.6,Fully Paid
9500,60 months,8.96,197.02,B,3 years,RENT,74000,Source Verified,credit_card,22.96,0,709,53.5,Fully Paid
24900,36 months,6.75,766.0,A,7 years,OTHER,60200,Not Verified,credit_card,28.38,1,739,59.8,Fully Paid
10900,36 months,19.4,401.76,D,2 years,RENT,61500,Not Verified,car,16.43,0,674,85.9,Fully Paid
19500,36 months,6.17,594.73,A,10+ years,MORTGAGE,129000,Verified,credit_card,10.37,0,741,19.3,Fully Paid
12100,60 months,6.47,236.58,A,7 years,RENT,115400,Source Verified,small_business,37.86,0,739,43.2,Fully Paid
12700,36 months,21.74,483.31,E,10+ years,MORTGAGE,56700,Not Verified,credit_card,12.6,0,684,59.7,Fully Paid
6400,36 months,22.88,247.34,G,8 years,OWN,91400,Source Verified,debt_consolidation,21.88,1,647,48.2,Charged Off
7900,36 months,22.84,305.15,F,2 years,MORTGAGE,82700,Not Verified,debt_consolidation,12.06,0,652,45.4,Fully Paid
5200,36 months,15.86,182.46,D,10+ years,MORTGAGE,76100,Verified,home_improvement,19.7,1,684,29.9,Charged Off
15500,36 months,9.49,496.44,B,10+ years,MORTGAGE,148400,Not Verified,home_improvement,44.37,1,701,28.1,Charged Off
13100,36 months,14.63,451.75,D,10+ years,RENT,103900,Not Verified,credit_card,11.47,0,679,39.1,Charged Off
21100,36 months,20.31,787.49,E,10+ years,RENT,111200,Verified,debt_consolidation,37.03,0,656,51.0,Charged Off
27000,36 months,7.38,838.38,A,5 years,MORTGAGE,70400,Verified,debt_consolidation,4.24,0,758,95.7,Fully Paid
8200,36 months,8.31,258.13,B,5 years,MORTGAGE,15500,Not Verified,debt_consolidation,32.62,0,708,34.7,Fully Paid
8100,36 months,12.51,271.01,B,10+ years,RENT,37400,Not Verified,small_business,16.39,0,721,17.0,Fully Paid
10700,36 months,16.14,376.92,D,10+ years,MORTGAGE,49200,Source Verified,debt_consolidation,6.22,0,673,59.2,Fully Paid
11200,36 months,13.61,380.67,C,,RENT,107900,Not Verified,debt_consolidation,8.75,0,713,73.8,Fully Paid
24800,36 months,13.91,846.52,C,10+ years,RENT,107300,Verified,debt_consolidation,19.21,0,693,40.2,Fully Paid
18000,36 months,11.46,593.23,C,10+ years,RENT,292500,Not Verified,debt_consolidation,11.39,0,715,38.1,Fully Paid
14600,60 months,6.43,285.19,A,5 years,OWN,41000,Source Verified,small_business,23.99,0,747,48.6,Fully Paid
10300,36 months,11.18,338.09,C,6 years,OWN,43400,Not Verified,credit_card,12.65,0,713,36.9,Fully Paid
10000,36 months,12.55,334.78,C,10+ years,MORTGAGE,78100,Source Verified,debt_consolidation,28.56,0,705,80.8,Fully Paid
14100,36 months,26.97,575.41,F,3 years,MORTGAGE,144700,Not Verified,home_improvement,7.1,0,669,60.6,Fully Paid
9400,60 months,10.62,202.6,B,2 years,RENT,68700,Not Verified,debt_consolidation,8.0,0,741,68.2,Fully Paid
16500,36 months,21.87,629.03,E,10+ years,RENT,108000,Source Verified,small_business,15.46,0,679,92.5,Fully Paid
12300,36 months,13.22,415.74,C,9 years,MORTGAGE,90400,Not Verified,debt_consolidation,11.62,0,703,15.9,Fully Paid
19200,36 months,14.9,664.63,C,7 years,OWN,134100,Source Verified,credit_card,15.7,0,710,45.3,Fully Paid
7300,36 months,13.98,249.43,C,4 years,MORTGAGE,37400,Source Verified,debt_consolidation,33.72,0,698,39.7,Fully Paid
24000,36 months,9.41,767.78,B,< 1 year,RENT,67200,Not Verified,debt_consolidation,10.24,1,714,5.4,Fully Paid
9600,36 months,13.92,327.73,C,1 year,MORTGAGE,57800,Source Verified,debt_consolidation,25.51,0,704,55.1,Charged Off
13800,36 months,15.96,484.89,C,10+ years,OWN,118300,Source Verified,small_business,17.65,1,694,70.7,Charged Off
12200,36 months,13.65,414.9,C,7 years,OWN,27200,Not Verified,major_purchase,9.83,0,689,50.8,Fully Paid
12200,36 months,14.09,417.5,B,10+ years,RENT,74100,Not Verified,credit_card,33.81,2,706,78.2,Fully Paid
30100,36 months,6.3,919.8,A,10+ years,MORTGAGE,108700,Not Verified,credit_card,31.33,0,751,36.2,Fully Paid
29900,36 months,9.84,962.54,B,,RENT,52700,Verified,credit_card,32.6,0,713,57.3,Charged Off
17000,36 months,12.04,564.97,B,10+ years,RENT,46100,Verified,debt_consolidation,26.9,0,700,14.7,Fully Paid
2900,36 months,14.65,100.03,C,4 years,MORTGAGE,81900,Source Verified,debt_consolidation,18.03,1,711,34.8,Fully Paid
6400,60 months,11.71,141.43,C,5 years,RENT,36300,Source Verified,credit_card,20.35,1,698,49.8,Charged Off
5100,36 months,24.14,200.46,F,2 years,RENT,36700,Not Verified,debt_consolidation,22.94,1,672,41.2,Fully Paid
21500,36 months,11.47,708.68,B,10+ years,OWN,74000,Source Verified,debt_consolidation,4.87,0,709,52.5,Fully Paid
7700,36 months,11.28,253.11,B,2 years,OWN,163600,Verified,debt_consolidation,18.11,0,705,5.4,Fully Paid
6000,36 months,11.81,198.74,C,< 1 year,MORTGAGE,87200,Source Verified,debt_consolidation,14.32,0,697,36.2,Fully Paid
8600,36 months,10.7,280.33,B,6 years,RENT,75400,Source Verified,credit_card,30.72,2,710,56.5,Charged Off
6400,36 months,12.51,214.13,C,2 years,MORTGAGE,153800,Not Verified,debt_consolidation,28.44,1,704,74.4,Charged Off
21000,36 months,9.97,677.32,B,,MORTGAGE,45600,Source Verified,debt_consolidation,24.9,0,685,41.5,Fully Paid
8100,60 months,10.37,173.58,B,6 years,MORTGAGE,85200,Verified,medical,15.41,1,714,75.9,Fully Paid
13300,60 months,6.35,259.3,A,5 years,MORTGAGE,79800,Source Verified,home_improvement,12.58,1,755,19.9,Fully Paid
11500,60 months,17.84,291.02,D,8 years,RENT,76700,Source Verified,debt_consolidation,11.31,0,688,47.3,Charged Off
13300,36 months,10.57,432.72,B,5 years,RENT,260500,Not Verified,debt_consolidation,6.2,2,733,58.8,Fully Paid
40000,36 months,9.18,1275.34,B,5 years,MORTGAGE,109300,Verified,debt_consolidation,9.9,0,721,50.3,Fully Paid
11900,60 months,10.28,254.48,B,7 years,OWN,54200,Verified,debt_consolidation,6.27,1,731,50.6,Fully Paid
23000,36 months,10.95,752.45,C,2 years,RENT,137700,Source Verified,home_improvement,9.02,0,694,85.3,Fully Paid
7700,36 months,13.03,259.55,C,10+ years,RENT,45700,Source Verified,debt_consolidation,31.48,1,680,76.9,Charged Off
9500,60 months,8.12,193.17,A,10+ years,MORTGAGE,64700,Source Verified,credit_card,11.99,0,742,78.0,Fully Paid
9900,36 months,12.23,329.91,C,2 years,OWN,55000,Not Verified,credit_card,14.02,0,698,36.0,Fully Paid
27100,36 months,13.41,918.47,C,4 years,RENT,37300,Source Verified,credit_card,10.77,0,677,29.3,Fully Paid
8800,60 months,10.06,187.23,B,< 1 year,RENT,114400,Not Verified,major_purchase,31.91,1,700,77.6,Charged Off
26900,36 months,9.71,864.33,B,2 years,MORTGAGE,55100,Source Verified,debt_consolidation,25.45,0,722,74.7,Fully Paid
8100,36 months,6.8,249.36,A,1 year,RENT,39000,Not Verified,debt_consolidation,21.94,1,746,40.2,Fully Paid
26600,60 months,11.85,589.69,C,10+ years,OWN,35500,Verified,debt_consolidation,19.25,0,718,37.1,Fully Paid
14500,36 months,16.26,511.64,D,< 1 year,OWN,87000,Not Verified,debt_consolidation,19.31,0,684,27.6,Fully Paid
16400,36 months,13.13,553.61,C,2 years,MORTGAGE,76800,Verified,credit_card,5.5,0,712,38.9,Fully Paid
6300,36 months,10.48,204.71,B,1 year,MORTGAGE,102500,Verified,debt_consolidation,26.21,0,703,29.6,Fully Paid
17700,36 months,14.69,610.89,D,10+ years,MORTGAGE,39500,Source Verified,small_business,27.59,0,679,65.3,Charged Off
8600,60 months,14.17,200.87,C,10+ years,MORTGAGE,78400,Source Verified,credit_card,31.85,1,698,52.1,Fully Paid
7100,36 months,10.94,232.24,B,10+ years,RENT,83400,Source Verified,home_improvement,20.97,0,722,63.5,Fully Paid
8500,36 months,17.12,303.56,D,6 years,RENT,40600,Verified,small_business,10.43,1,684,53.0,Fully Paid
18100,36 months,6.97,558.63,A,8 years,MORTGAGE,32400,Source Verified,car,16.72,0,741,53.2,Fully Paid
15500,36 months,14.98,537.16,C,3 years,RENT,106800,Not Verified,small_business,17.96,0,690,62.0,Fully Paid
33100,60 months,6.88,653.55,A,10+ years,RENT,34200,Verified,debt_consolidation,17.29,0,746,88.2,Fully Paid
11500,60 months,12.59,259.25,C,10+ years,MORTGAGE,51100,Verified,debt_consolidation,17.58,0,669,60.9,Fully Paid
16400,36 months,11.75,542.76,C,4 years,MORTGAGE,27300,Not Verified,debt_consolidation,30.94,0,722,25.1,Fully Paid
8000,36 months,14.36,274.82,C,1 year,MORTGAGE,54300,Source Verified,medical,21.07,0,719,31.3,Fully Paid
11100,60 months,14.09,258.8,C,6 years,MORTGAGE,172700,Not Verified,credit_card,12.13,1,693,75.1,Fully Paid
27700,36 months,7.66,863.68,A,10+ years,MORTGAGE,65000,Not Verified,home_improvement,4.47,0,755,76.3,Fully Paid
4700,36 months,16.64,166.73,D,5 years,MORTGAGE,49500,Source Verified,credit_card,8.03,0,688,49.4,Fully Paid
18400,36 months,6.57,564.53,A,7 years,MORTGAGE,33600,Not Verified,credit_card,10.18,0,747,30.6,Fully Paid
2800,36 months,10.56,91.09,B,5 years,RENT,23600,Source Verified,debt_consolidation,5.13,0,716,29.9,Fully Paid
13900,36 months,9.31,444.02,B,,RENT,53300,Source Verified,debt_consolidation,7.16,0,725,49.9,Fully Paid
5800,60 months,14.28,135.8,D,10+ years,RENT,70400,Not Verified,other,33.68,0,702,63.5,Charged Off
19400,36 months,12.33,647.42,C,3 years,OWN,59700,Source Verified,debt_consolidation,15.51,0,717,33.9,Fully Paid
7500,36 months,16.89,266.99,D,3 years,MORTGAGE,54300,Not Verified,credit_card,19.54,0,675,33.8,Charged Off
16800,36 months,15.28,584.68,D,4 years,MORTGAGE,22100,Not Verified,home_improvement,19.98,0,687,30.3,Charged Off
21500,36 months,12.44,718.63,C,2 years,MORTGAGE,71400,Not Verified,credit_card,19.83,0,711,85.3,Fully Paid
4600,36 months,16.67,163.25,D,5 years,MORTGAGE,49900,Not Verified,debt_consolidation,20.92,0,695,62.6,Fully Paid
6800,60 months,15.97,165.25,D,10+ years,MORTGAGE,56500,Not Verified,debt_consolidation,16.27,0,681,26.4,Charged Off
17600,36 months,5.94,534.95,A,3 years,MORTGAGE,112800,Verified,debt_consolidation,12.76,0,746,64.8,Fully Paid
25500,36 months,15.19,886.34,C,10+ years,MORTGAGE,46500,Not Verified,home_improvement,23.31,1,681,59.4,Fully Paid
18200,36 months,6.9,561.13,A,4 years,MORTGAGE,21900,Source Verified,debt_consolidation,24.1,0,738,63.0,Fully Paid
22600,60 months,9.85,478.52,B,< 1 year,RENT,60600,Not Verified,debt_consolidation,21.84,0,701,55.1,Fully Paid
13500,36 months,8.21,424.35,A,< 1 year,MORTGAGE,53900,Verified,debt_consolidation,10.31,0,743,52.9,Fully Paid
8300,36 months,18.98,304.16,D,1 year,RENT,118200,Verified,debt_consolidation,8.39,0,691,42.1,Fully Paid
16000,36 months,15.4,557.78,D,5 years,MORTGAGE,52800,Source Verified,debt_consolidation,12.74,0,672,18.0,Fully Paid
14900,60 months,9.71,314.46,B,1 year,MORTGAGE,141000,Source Verified,debt_consolidation,21.73,2,723,49.5,Fully Paid
7300,36 months,11.04,239.13,B,2 years,MORTGAGE,103900,Verified,debt_consolidation,34.02,0,704,62.9,Charged Off
17800,36 months,6.72,547.34,A,10+ years,MORTGAGE,69400,Source Verified,debt_consolidation,13.09,0,737,52.5,Fully Paid
12000,60 months,16.65,295.98,D,9 years,RENT,55900,Not Verified,debt_consolidation,12.5,0,676,28.2,Charged Off
13800,36 months,13.32,467.11,C,8 years,MORTGAGE,57700,Verified,debt_consolidation,19.4,0,703,59.8,Fully Paid
13600,60 months,10.71,293.73,B,10+ years,OWN,84100,Not Verified,debt_consolidation,18.94,0,715,8.2,Fully Paid
20200,36 months,11.89,669.87,C,10+ years,RENT,51200,Not Verified,home_improvement,13.86,0,703,46.1,Fully Paid
6800,36 months,5.65,205.79,A,10+ years,RENT,324900,Source Verified,home_improvement,22.28,0,727,89.9,Fully Paid
6300,36 months,7.12,194.87,A,2 years,MORTGAGE,72700,Source Verified,car,11.39,0,746,67.6,Fully Paid
8600,36 months,15.49,300.19,D,4 years,MORTGAGE,76500,Verified,debt_consolidation,26.91,0,674,28.8,Charged Off
15500,60 months,16.34,379.74,E,5 years,RENT,29400,Not Verified,debt_consolidation,22.3,0,689,32.5,Fully Paid
7500,36 months,8.52,236.83,B,10+ years,RENT,71300,Verified,debt_consolidation,18.0,0,709,56.9,Fully Paid
19500,36 months,9.7,626.47,B,9 years,RENT,213700,Not Verified,debt_consolidation,23.79,0,730,71.2,Fully Paid
11800,36 months,12.3,393.62,B,2 years,MORTGAGE,108300,Source Verified,debt_consolidation,16.38,0,715,72.6,Fully Paid
13500,60 months,16.12,329.16,D,2 years,OWN,37500,Source Verified,credit_card,22.65,0,677,49.5,Fully Paid
21500,60 months,10.24,459.35,B,10+ years,MORTGAGE,69700,Verified,debt_consolidation,20.61,1,726,65.6,Fully Paid
11100,60 months,6.86,219.06,A,3 years,MORTGAGE,17000,Not Verified,credit_card,18.92,0,722,90.1,Fully Paid
3700,36 months,12.26,123.35,C,1 year,MORTGAGE,98600,Source Verified,debt_consolidation,11.4,0,695,87.5,Fully Paid
14900,36 months,6.28,455.18,A,1 year,RENT,74800,Not Verified,debt_consolidation,13.98,0,730,55.0,Fully Paid
32800,60 months,12.57,739.1,C,8 years,RENT,90000,Source Verified,debt_consolidation,10.18,0,706,32.5,Fully Paid
15600,36 months,12.97,525.4,C,2 years,RENT,38300,Not Verified,other,25.79,2,708,82.6,Fully Paid
13900,36 months,13.77,473.52,C,10+ years,MORTGAGE,65700,Verified,other,23.58,0,696,26.5,Fully Paid
10700,60 months,10.76,231.37,B,4 years,MORTGAGE,44400,Verified,debt_consolidation,14.7,0,709,42.0,Fully Paid
8200,60 months,10.05,174.43,B,4 years,MORTGAGE,41300,Not Verified,credit_card,12.43,2,733,51.5,Fully Paid
7600,36 months,8.58,240.2,B,5 years,RENT,60000,Verified,credit_card,24.35,0,728,65.9,Fully Paid
18800,60 months,13.94,436.86,C,< 1 year,MORTGAGE,48600,Source Verified,debt_consolidation,8.27,1,690,51.2,Charged Off
8500,60 months,16.75,210.11,D,3 years,RENT,66200,Not Verified,credit_card,8.55,0,662,44.9,Fully Paid
5700,60 months,8.13,115.93,B,4 years,RENT,113500,Source Verified,other,34.32,0,714,29.9,Fully Paid
11900,36 months,13.58,404.29,C,10+ years,RENT,59000,Not Verified,debt_consolidation,24.34,1,699,77.6,Fully Paid
5900,36 months,7.45,183.39,A,10+ years,RENT,30800,Not Verified,other,21.25,0,770,75.8,Fully Paid
4600,60 months,10.18,98.14,B,10+ years,RENT,25400,Not Verified,debt_consolidation,20.67,0,704,26.5,Fully Paid
12600,36 months,17.18,450.35,D,10+ years,RENT,67300,Source Verified,debt_consolidation,17.25,0,672,29.9,Charged Off
18600,36 months,19.99,691.15,E,10+ years,RENT,178000,Not Verified,debt_consolidation,16.88,0,690,34.7,Fully Paid
10000,36 months,9.62,320.89,B,10+ years,RENT,124700,Not Verified,debt_consolidation,14.59,0,714,60.9,Fully Paid
17000,60 months,6.55,333.02,A,3 years,RENT,131900,Source Verified,debt_consolidation,5.24,0,744,11.2,Fully Paid
10300,60 months,17.59,259.26,E,4 years,MORTGAGE,101000,Verified,debt_consolidation,8.83,0,670,38.9,Fully Paid
21800,36 months,17.3,780.49,D,1 year,RENT,83900,Verified,credit_card,16.77,0,674,65.5,Fully Paid
9900,36 months,13.83,337.54,C,1 year,MORTGAGE,89100,Source Verified,home_improvement,12.53,0,693,42.9,Fully Paid
27300,36 months,11.55,900.89,B,4 years,MORTGAGE,73200,Source Verified,debt_consolidation,11.61,0,721,56.2,Fully Paid
3700,60 months,14.27,86.61,C,4 years,RENT,27900,Verified,home_improvement,32.11,0,700,21.7,Fully Paid
12000,36 months,14.19,411.24,C,6 years,RENT,44600,Source Verified,credit_card,12.52,0,699,69.2,Fully Paid
11600,60 months,6.42,226.53,A,< 1 year,MORTGAGE,34400,Verified,debt_consolidation,21.51,0,746,70.0,Fully Paid
9100,60 months,14.2,212.69,D,< 1 year,OWN,68600,Not Verified,credit_card,15.26,0,663,40.2,Fully Paid
6000,36 months,11.1,196.72,B,10+ years,RENT,32700,Source Verified,debt_consolidation,11.63,1,735,49.9,Fully Paid
40000,36 months,13.9,1365.16,C,10+ years,MORTGAGE,84900,Source Verified,credit_card,5.35,0,671,77.3,Fully Paid
9800,36 months,9.33,313.14,B,10+ years,MORTGAGE,39400,Not Verified,debt_consolidation,16.62,1,717,47.7,Fully Paid
5900,36 months,12.9,198.51,C,4 years,MORTGAGE,43500,Verified,debt_consolidation,23.86,0,712,37.8,Charged Off
9600,36 months,16.61,340.41,D,< 1 year,MORTGAGE,71500,Not Verified,debt_consolidation,25.71,0,687,52.3,Fully Paid
27700,36 months,8.36,872.62,A,5 years,MORTGAGE,77300,Verified,debt_consolidation,34.7,0,719,50.9,Fully Paid
12200,36 months,14.51,420.0,C,4 years,MORTGAGE,57500,Not Verified,other,13.28,0,719,10.2,Fully Paid
11800,36 months,12.9,397.02,C,7 years,MORTGAGE,124200,Not Verified,debt_consolidation,38.24,0,705,34.3,Charged Off
6700,60 months,26.66,203.23,F,10+ years,MORTGAGE,127000,Source Verified,credit_card,3.47,1,651,51.1,Fully Paid
8900,36 months,6.42,272.45,A,10+ years,MORTGAGE,120300,Source Verified,credit_card,20.36,1,740,60.4,Fully Paid
18900,36 months,14.73,652.68,C,10+ years,RENT,68500,Not Verified,debt_consolidation,23.47,0,720,62.9,Charged Off
14500,60 months,10.9,314.54,B,8 years,RENT,42300,Source Verified,debt_consolidation,24.16,1,703,55.2,Charged Off
40000,60 months,11.88,887.35,C,10+ years,RENT,51900,Not Verified,debt_consolidation,16.85,2,716,40.8,Fully Paid
7000,36 months,9.76,225.08,B,10+ years,MORTGAGE,49300,Not Verified,home_improvement,28.53,2,728,65.9,Fully Paid
12000,60 months,12.37,269.18,B,10+ years,MORTGAGE,40900,Not Verified,debt_consolidation,8.12,1,715,47.7,Fully Paid
6900,36 months,16.2,243.27,C,5 years,MORTGAGE,103300,Verified,debt_consolidation,18.43,1,715,68.6,Charged Off
18200,60 months,7.84,367.64,A,10+ years,MORTGAGE,61100,Not Verified,major_purchase,28.23,0,735,40.7,Fully Paid
5800,36 months,9.1,184.71,B,2 years,MORTGAGE,60400,Verified,debt_consolidation,36.48,0,704,68.8,Charged Off
5200,36 months,12.08,172.91,C,10+ years,OWN,59900,Source Verified,debt_consolidation,22.9,0,702,67.2,Fully Paid
5100,36 months,10.62,166.05,B,3 years,MORTGAGE,76400,Not Verified,other,12.49,0,710,32.7,Fully Paid
18300,36 months,7.41,568.49,A,9 years,OWN,69900,Not Verified,credit_card,23.19,1,750,48.7,Fully Paid
10600,60 months,8.68,218.4,A,10+ years,RENT,109700,Source Verified,major_purchase,19.24,0,743,41.1,Fully Paid
36200,36 months,7.01,1117.92,A,3 years,OWN,28700,Not Verified,debt_consolidation,39.67,0,733,73.9,Charged Off
10500,36 months,12.8,352.78,C,4 years,RENT,75200,Verified,credit_card,13.22,0,710,80.3,Fully Paid
2300,60 months,10.47,49.4,B,10+ years,MORTGAGE,35000,Source Verified,credit_card,23.06,0,726,67.2,Charged Off
6000,36 months,12.16,199.74,C,1 year,OWN,63800,Not Verified,major_purchase,28.54,1,693,24.1,Charged Off
5300,60 months,7.59,106.43,A,2 years,MORTGAGE,32600,Not Verified,credit_card,24.75,0,750,7.6,Fully Paid
12100,36 months,11.42,398.55,C,1 year,OWN,105600,Verified,debt_consolidation,8.33,0,708,73.4,Fully Paid
13400,60 months,10.39,287.29,B,10+ years,MORTGAGE,92100,Verified,credit_card,14.11,0,719,45.8,Fully Paid
4400,60 months,10.76,95.14,B,10+ years,RENT,133000,Source Verified,credit_card,12.26,0,711,46.6,Fully Paid
12400,60 months,12.38,278.22,C,< 1 year,MORTGAGE,73400,Verified,small_business,6.89,0,699,42.6,Fully Paid
15400,60 months,11.46,338.38,B,2 years,MORTGAGE,69300,Source Verified,medical,10.94,0,722,52.7,Fully Paid
28500,36 months,9.83,917.34,B,6 years,RENT,94700,Source Verified,debt_consolidation,34.23,0,716,16.3,Fully Paid
10400,36 months,10.53,338.17,B,9 years,RENT,37500,Source Verified,debt_consolidation,10.72,0,729,32.2,Fully Paid
23300,36 months,16.65,826.66,C,10+ years,MORTGAGE,103900,Not Verified,debt_consolidation,12.76,0,724,59.6,Charged Off
10200,36 months,18.13,369.42,E,4 years,RENT,107400,Verified,credit_card,5.47,0,689,21.0,Fully Paid
7500,36 months,14.3,257.43,C,10+ years,MORTGAGE,103800,Verified,credit_card,24.91,0,702,67.2,Charged Off
8100,36 months,10.52,263.35,B,10+ years,RENT,69700,Verified,credit_card,12.15,1,725,31.1,Fully Paid
7700,36 months,10.5,250.27,B,5 years,RENT,79300,Not Verified,debt_consolidation,21.66,0,732,41.0,Fully Paid
28600,36 months,15.09,992.69,C,10+ years,RENT,27800,Source Verified,small_business,19.36,1,717,62.3,Charged Off
16700,36 months,16.0,587.12,D,10+ years,RENT,54600,Not Verified,debt_consolidation,23.76,1,700,58.2,Fully Paid
12300,60 months,13.17,280.93,C,4 years,RENT,33600,Not Verified,debt_consolidation,41.5,1,675,64.3,Fully Paid
13900,60 months,6.49,271.9,A,7 years,MORTGAGE,60200,Verified,debt_consolidation,24.81,1,750,53.8,Charged Off
23900,36 months,7.07,738.73,A,10+ years,MORTGAGE,54200,Not Verified,small_business,12.27,0,751,56.9,Fully Paid
11000,36 months,16.02,386.84,D,9 years,RENT,35200,Not Verified,credit_card,18.33,0,691,23.6,Fully Paid
13500,36 months,15.5,471.29,D,3 years,RENT,79700,Not Verified,debt_consolidation,10.57,0,682,66.0,Charged Off
20500,36 months,11.8,678.94,B,10+ years,RENT,171400,Not Verified,medical,11.56,0,700,36.2,Fully Paid
11400,60 months,21.11,309.11,E,10+ years,RENT,65800,Source Verified,debt_consolidation,19.05,1,652,29.3,Charged Off
15600,36 months,15.6,545.37,C,8 years,MORTGAGE,64800,Not Verified,debt_consolidation,27.5,0,734,92.8,Fully Paid
11000,60 months,12.92,249.83,C,8 years,MORTGAGE,48400,Verified,debt_consolidation,19.65,0,708,68.5,Charged Off
7600,36 months,10.95,248.63,B,3 years,MORTGAGE,60900,Not Verified,debt_consolidation,14.97,1,720,21.3,Fully Paid
7500,36 months,17.69,269.98,D,10+ years,RENT,125600,Not Verified,credit_card,29.86,0,678,10.0,Fully Paid
11700,36 months,7.0,361.26,A,7 years,RENT,52300,Not Verified,debt_consolidation,15.59,0,755,56.5,Fully Paid
9700,36 months,10.55,315.5,B,5 years,OWN,43100,Not Verified,debt_consolidation,22.92,0,706,22.5,Fully Paid
40000,60 months,14.09,932.6,C,5 years,MORTGAGE,43100,Not Verified,home_improvement,13.2,0,697,25.3,Fully Paid
6900,36 months,17.17,246.59,D,9 years,MORTGAGE,96000,Source Verified,debt_consolidation,23.51,0,685,37.9,Fully Paid
12000,36 months,7.23,371.79,A,6 years,RENT,160900,Source Verified,credit_card,21.83,0,734,33.2,Fully Paid
8900,36 months,10.36,288.68,B,10+ years,OTHER,48500,Source Verified,debt_consolidation,25.09,1,721,67.0,Fully Paid
11600,36 months,9.57,371.96,B,10+ years,RENT,42800,Not Verified,credit_card,20.8,1,719,64.2,Fully Paid
13100,36 months,14.67,452.0,D,10+ years,MORTGAGE,148300,Verified,credit_card,42.0,1,693,44.4,Charged Off
13400,36 months,13.01,451.56,C,10+ years,OWN,56100,Verified,other,9.49,0,689,64.2,Fully Paid
9100,60 months,13.31,208.5,C,10+ years,MORTGAGE,28300,Verified,car,16.64,0,709,55.5,Fully Paid
7100,36 months,19.28,261.26,E,10+ years,MORTGAGE,103500,Source Verified,credit_card,30.09,1,670,51.5,Fully Paid
8900,36 months,11.63,294.04,B,9 years,MORTGAGE,119600,Not Verified,debt_consolidation,21.46,0,719,49.9,Charged Off
14200,36 months,17.18,507.54,E,5 years,MORTGAGE,30700,Source Verified,debt_consolidation,33.16,0,686,34.4,Fully Paid
9700,36 months,14.97,336.11,C,10+ years,MORTGAGE,100800,Verified,major_purchase,18.62,1,708,83.7,Fully Paid
6000,36 months,10.35,194.59,B,2 years,MORTGAGE,16400,Source Verified,debt_consolidation,12.95,0,713,45.8,Fully Paid
10300,36 months,7.09,318.46,A,2 years,MORTGAGE,51200,Verified,small_business,14.58,0,742,44.6,Fully Paid
9200,36 months,16.11,323.94,D,1 year,MORTGAGE,58000,Verified,credit_card,7.39,1,673,22.6,Fully Paid
17800,36 months,9.39,569.27,B,10+ years,MORTGAGE,51800,Verified,debt_consolidation,14.11,1,707,34.5,Fully Paid
13300,36 months,14.95,460.72,C,3 years,MORTGAGE,65700,Not Verified,debt_consolidation,10.23,0,698,65.4,Fully Paid
6300,60 months,14.45,148.06,C,1 year,RENT,94400,Verified,debt_consolidation,7.91,0,702,81.6,Fully Paid
15600,36 months,14.46,536.66,C,10+ years,MORTGAGE,42800,Verified,debt_consolidation,12.93,1,689,78.4,Fully Paid
24400,36 months,26.39,988.17,F,10+ years,MORTGAGE,118000,Not Verified,debt_consolidation,18.71,1,664,68.3,Fully Paid
28900,36 months,23.74,1129.89,G,1 year,MORTGAGE,35100,Source Verified,debt_consolidation,14.73,0,649,40.5,Fully Paid
11300,36 months,14.12,386.87,C,< 1 year,RENT,61600,Not Verified,credit_card,10.05,1,701,22.1,Fully Paid
12100,36 months,12.1,402.47,C,1 year,MORTGAGE,73800,Verified,debt_consolidation,12.18,1,712,17.3,Fully Paid
8200,36 months,11.52,270.48,C,,RENT,31100,Not Verified,medical,25.19,1,706,83.3,Charged Off
14400,36 months,10.77,469.87,B,1 year,OWN,65100,Verified,home_improvement,27.49,0,708,55.2,Fully Paid
10200,36 months,12.34,340.44,C,10+ years,RENT,106300,Source Verified,debt_consolidation,22.79,0,708,75.6,Fully Paid
7300,36 months,6.88,225.0,A,10+ years,MORTGAGE,30300,Source Verified,debt_consolidation,33.49,0,760,42.9,Fully Paid
7100,36 months,11.09,232.75,B,3 years,MORTGAGE,122700,Verified,credit_card,14.62,1,728,70.9,Fully Paid
4200,36 months,15.07,145.74,C,10+ years,MORTGAGE,101600,Verified,debt_consolidation,10.89,0,670,64.2,Charged Off
20800,36 months,11.69,687.78,B,5 years,MORTGAGE,77800,Not Verified,credit_card,23.99,1,737,91.7,Fully Paid
10300,60 months,7.31,205.46,A,2 years,RENT,116000,Verified,debt_consolidation,18.75,0,718,44.9,Fully Paid
8800,36 months,7.78,274.87,B,6 years,OWN,33100,Not Verified,debt_consolidation,26.53,0,730,35.0,Fully Paid
3900,36 months,10.49,126.74,B,5 years,RENT,54700,Source Verified,debt_consolidation,20.93,0,719,33.4,Fully Paid
8200,60 months,24.0,235.9,F,10+ years,RENT,90700,Verified,car,13.12,0,661,56.0,Fully Paid
13300,36 months,12.85,447.17,C,6 years,MORTGAGE,53900,Source Verified,credit_card,28.81,0,721,64.9,Fully Paid
6500,36 months,13.57,220.8,C,3 years,RENT,33200,Source Verified,debt_consolidation,10.7,0,706,4.8,Fully Paid
4500,36 months,10.62,146.52,B,7 years,RENT,54500,Source Verified,major_purchase,6.79,0,712,18.7,Fully Paid
26500,36 months,7.17,820.3,A,10+ years,RENT,100600,Source Verified,debt_consolidation,7.79,1,736,91.7,Fully Paid
10600,60 months,9.36,221.9,B,< 1 year,MORTGAGE,60900,Not Verified,debt_consolidation,15.33,0,702,64.3,Fully Paid
8400,60 months,12.9,190.7,C,< 1 year,RENT,120200,Verified,debt_consolidation,9.76,0,703,85.4,Charged Off
9600,60 months,13.73,222.03,C,3 years,MORTGAGE,65000,Verified,debt_consolidation,22.46,2,711,29.9,Charged Off
15000,36 months,9.54,480.77,B,10+ years,MORTGAGE,31000,Source Verified,debt_consolidation,14.91,1,724,57.7,Charged Off
13400,60 months,16.0,325.86,D,10+ years,RENT,65800,Source Verified,car,26.84,0,684,72.9,Fully Paid
7800,36 months,9.74,250.73,B,2 years,RENT,62600,Source Verified,debt_consolidation,16.61,0,725,55.4,Fully Paid
15200,60 months,7.79,306.68,A,2 years,OWN,203500,Verified,credit_card,36.94,0,755,69.5,Fully Paid
19900,36 months,6.4,609.01,A,9 years,RENT,49100,Not Verified,other,29.34,1,739,71.4,Fully Paid
24100,36 months,5.73,730.22,A,7 years,MORTGAGE,49500,Not Verified,debt_consolidation,29.52,0,731,46.5,Fully Paid
35900,36 months,10.77,1171.41,B,1 year,MORTGAGE,238100,Verified,debt_consolidation,19.75,0,698,70.2,Fully Paid
9900,60 months,16.52,243.49,C,4 years,RENT,80500,Not Verified,debt_consolidation,22.25,0,659,68.3,Fully Paid
15700,36 months,10.32,508.96,B,10+ years,MORTGAGE,134600,Not Verified,debt_consolidation,11.35,1,684,67.1,Fully Paid
12000,36 months,17.83,432.81,D,5 years,MORTGAGE,104700,Not Verified,debt_consolidation,6.74,0,680,55.3,Fully Paid
7500,36 months,13.94,256.11,D,1 year,RENT,80100,Source Verified,debt_consolidation,9.25,0,687,65.7,Fully Paid
29300,36 months,19.98,1088.59,E,5 years,MORTGAGE,95700,Not Verified,debt_consolidation,16.86,0,666,73.7,Charged Off
29600,60 months,9.29,618.62,B,< 1 year,MORTGAGE,120100,Not Verified,debt_consolidation,23.49,0,728,25.8,Fully Paid
13800,60 months,17.59,347.36,D,10+ years,RENT,54800,Not Verified,debt_consolidation,7.44,1,696,72.0,Fully Paid
4900,36 months,15.84,171.88,C,10+ years,MORTGAGE,35500,Source Verified,debt_consolidation,4.88,0,706,36.6,Fully Paid
11000,60 months,6.66,216.05,A,1 year,MORTGAGE,22500,Not Verified,debt_consolidation,16.66,0,754,17.1,Fully Paid
12100,36 months,20.18,450.79,E,2 years,MORTGAGE,95300,Not Verified,credit_card,28.01,1,673,51.9,Charged Off
20000,36 months,14.82,691.54,D,1 year,RENT,28900,Verified,debt_consolidation,32.72,0,659,15.0,Charged Off
24700,36 months,11.59,815.57,B,10+ years,RENT,41700,Not Verified,credit_card,12.76,0,697,31.7,Fully Paid
30400,36 months,12.25,1013.35,B,2 years,RENT,91600,Source Verified,debt_consolidation,21.11,0,731,10.1,Fully Paid
22900,36 months,29.03,960.01,G,5 years,OWN,136600,Not Verified,debt_consolidation,15.06,1,647,25.7,Fully Paid
11100,36 months,13.24,375.29,C,10+ years,RENT,194300,Source Verified,home_improvement,19.79,0,707,47.6,Charged Off
9700,36 months,9.01,308.5,B,2 years,OWN,118600,Verified,debt_consolidation,22.64,0,739,32.4,Fully Paid
11700,36 months,12.94,393.88,C,9 years,MORTGAGE,117600,Source Verified,debt_consolidation,20.31,0,680,23.7,Fully Paid
15000,60 months,12.71,339.07,C,< 1 year,MORTGAGE,59700,Source Verified,other,20.72,1,731,42.6,Fully Paid
12200,60 months,17.31,305.24,D,6 years,RENT,72600,Not Verified,debt_consolidation,19.58,1,687,48.2,Charged Off
10900,60 months,13.76,252.27,D,,RENT,42300,Verified,debt_consolidation,25.04,0,674,42.6,Fully Paid
23300,36 months,11.79,771.56,C,10+ years,RENT,95400,Verified,debt_consolidation,10.4,0,696,55.6,Fully Paid
11600,60 months,18.27,296.27,D,6 years,OWN,36500,Source Verified,debt_consolidation,11.14,0,684,75.0,Fully Paid
6400,36 months,10.39,207.68,B,4 years,RENT,22000,Not Verified,debt_consolidation,10.1,0,719,23.8,Fully Paid
34600,60 months,10.45,742.83,B,10+ years,RENT,58500,Verified,credit_card,8.4,1,716,61.5,Fully Paid
15400,36 months,9.41,492.66,B,10+ years,RENT,73600,Not Verified,medical,18.67,1,724,21.2,Fully Paid
14600,36 months,8.25,459.2,A,2 years,RENT,29900,Not Verified,debt_consolidation,14.74,1,710,43.3,Fully Paid
18400,36 months,13.62,625.48,C,3 years,MORTGAGE,61200,Not Verified,credit_card,6.2,1,702,53.0,Fully Paid
6900,36 months,15.0,239.19,D,4 years,RENT,126700,Not Verified,debt_consolidation,13.17,1,676,82.3,Charged Off
6300,36 months,19.21,231.6,E,10+ years,OTHER,130200,Source Verified,debt_consolidation,17.58,0,678,70.0,Fully Paid
17000,36 months,13.22,574.6,C,10+ years,OWN,88400,Verified,credit_card,10.28,0,701,12.8,Fully Paid
7200,36 months,19.16,264.51,E,10+ years,RENT,75200,Not Verified,debt_consolidation,23.46,0,670,22.2,Fully Paid
15600,36 months,11.76,516.36,B,10+ years,RENT,71100,Not Verified,debt_consolidation,46.38,0,702,84.5,Charged Off
2600,36 months,12.61,87.12,C,6 years,RENT,63400,Not Verified,debt_consolidation,11.75,0,720,33.7,Fully Paid
15300,36 months,14.73,528.36,C,6 years,RENT,43100,Not Verified,debt_consolidation,5.04,0,706,17.2,Fully Paid
10900,36 months,7.44,338.76,A,3 years,RENT,52400,Source Verified,debt_consolidation,15.23,0,724,58.4,Fully Paid
11800,36 months,20.5,441.54,E,3 years,OWN,57500,Verified,major_purchase,29.99,0,667,,Fully Paid
13200,36 months,17.02,470.75,D,6 years,RENT,82400,Verified,debt_consolidation,4.1,0,687,63.0,Fully Paid
7300,36 months,15.56,255.06,C,10+ years,RENT,21000,Verified,credit_card,21.76,1,701,32.8,Fully Paid
28300,36 months,16.39,1000.4,C,10+ years,OWN,48100,Verified,debt_consolidation,20.99,1,696,24.4,Fully Paid
6800,36 months,12.69,228.1,B,3 years,RENT,35700,Source Verified,car,21.41,0,707,57.0,Charged Off
7000,36 months,11.13,229.6,B,6 years,MORTGAGE,45600,Verified,debt_consolidation,6.91,0,719,11.2,Fully Paid
7200,60 months,11.37,157.88,B,< 1 year,MORTGAGE,85000,Not Verified,credit_card,8.32,0,714,56.8,Fully Paid
12900,36 months,30.0,547.63,G,7 years,MORTGAGE,43900,Source Verified,small_business,50.0,0,649,20.1,Fully Paid
14800,36 months,8.09,464.39,B,4 years,MORTGAGE,102000,Not Verified,debt_consolidation,10.08,1,707,79.1,Fully Paid
8100,36 months,14.64,279.36,C,10+ years,MORTGAGE,69600,Source Verified,debt_consolidation,13.13,1,696,68.6,Charged Off
6800,60 months,12.22,152.02,C,9 years,RENT,162700,Not Verified,debt_consolidation,16.15,0,719,49.0,Fully Paid
40000,36 months,9.33,1278.14,A,< 1 year,MORTGAGE,77400,Verified,debt_consolidation,9.26,0,745,31.1,Fully Paid
22200,60 months,10.75,479.92,B,10+ years,MORTGAGE,165000,Verified,debt_consolidation,16.05,0,711,54.7,Charged Off
12900,36 months,7.34,400.32,A,10+ years,MORTGAGE,67800,Not Verified,credit_card,16.32,0,730,33.4,Fully Paid
28100,36 months,7.76,877.44,A,10+ years,MORTGAGE,49800,Source Verified,debt_consolidation,40.71,2,736,64.7,Fully Paid
4300,36 months,16.15,151.49,D,3 years,MORTGAGE,55900,Not Verified,credit_card,6.05,2,670,41.4,Charged Off
12900,60 months,14.07,300.63,C,6 years,RENT,52800,Source Verified,debt_consolidation,8.82,1,684,76.4,Fully Paid
13900,36 months,14.28,476.96,C,10+ years,RENT,38200,Verified,credit_card,20.6,1,690,78.6,Fully Paid
13400,36 months,15.86,470.18,D,4 years,OWN,185900,Verified,credit_card,19.23,0,703,45.9,Charged Off
9800,36 months,12.56,328.13,C,4 years,MORTGAGE,51000,Source Verified,debt_consolidation,23.33,0,700,33.1,Fully Paid
12600,60 months,10.8,272.7,B,1 year,RENT,76800,Not Verified,debt_consolidation,22.22,0,706,4.6,Fully Paid
10000,36 months,16.01,351.62,E,10+ years,MORTGAGE,50900,Verified,debt_consolidation,26.7,0,640,52.5,Charged Off
7300,36 months,23.88,285.94,F,< 1 year,MORTGAGE,43800,Not Verified,debt_consolidation,2.87,0,624,49.1,Fully Paid
10600,36 months,6.31,323.96,A,10+ years,MORTGAGE,31900,Not Verified,debt_consolidation,6.74,0,741,53.1,Fully Paid
8300,36 months,11.97,275.56,B,,MORTGAGE,116900,Verified,debt_consolidation,9.46,1,708,27.0,Fully Paid
17600,60 months,12.41,395.16,C,5 years,MORTGAGE,45900,Not Verified,debt_consolidation,9.58,0,708,20.3,Fully Paid
29700,36 months,13.47,1007.45,C,1 year,OWN,131900,Not Verified,debt_consolidation,9.93,0,675,64.1,Fully Paid
12300,36 months,13.4,416.81,C,,MORTGAGE,29300,Source Verified,debt_consolidation,25.97,0,699,19.6,Fully Paid
13200,60 months,14.61,311.33,C,3 years,OWN,130300,Verified,debt_consolidation,13.46,0,679,71.9,Fully Paid
10100,36 months,10.43,327.94,B,6 years,RENT,49900,Source Verified,other,13.31,2,724,64.5,Fully Paid
17100,36 months,14.25,586.52,C,3 years,RENT,23000,Not Verified,debt_consolidation,22.19,0,710,64.6,Fully Paid
20200,36 months,26.62,820.56,G,10+ years,MORTGAGE,50900,Verified,debt_consolidation,30.46,0,655,75.2,Fully Paid
22600,60 months,8.13,459.65,A,3 years,MORTGAGE,25800,Source Verified,debt_consolidation,4.71,1,750,56.3,Fully Paid
40000,36 months,8.9,1270.13,B,10+ years,OWN,48400,Verified,debt_consolidation,14.91,0,706,33.1,Fully Paid
4000,36 months,13.31,135.37,C,4 years,MORTGAGE,40200,Verified,debt_consolidation,24.66,0,687,46.8,Fully Paid
16700,36 months,6.27,510.09,A,6 years,OWN,18200,Not Verified,credit_card,5.52,0,743,44.2,Fully Paid
8500,36 months,17.81,306.49,D,7 years,RENT,46600,Verified,debt_consolidation,4.91,1,670,34.2,Fully Paid
7000,36 months,10.02,225.94,B,7 years,MORTGAGE,53500,Verified,credit_card,24.73,1,740,80.1,Fully Paid
10200,36 months,11.86,338.1,C,8 years,MORTGAGE,106600,Source Verified,debt_consolidation,27.62,0,699,50.4,Charged Off
9700,60 months,8.22,197.7,A,4 years,RENT,84700,Source Verified,debt_consolidation,16.66,0,754,70.2,Fully Paid
14100,36 months,16.22,497.25,D,5 years,RENT,58200,Not Verified,debt_consolidation,31.38,1,689,84.6,Fully Paid
5300,36 months,10.98,173.47,B,1 year,RENT,26900,Not Verified,debt_consolidation,15.22,0,722,45.7,Fully Paid
4200,36 months,22.28,161.01,E,9 years,OWN,39700,Verified,debt_consolidation,42.45,0,667,14.7,Charged Off
14900,36 months,10.95,487.45,B,10+ years,OWN,74100,Source Verified,credit_card,13.93,1,697,42.2,Fully Paid
10700,36 months,10.36,347.07,B,< 1 year,MORTGAGE,29100,Source Verified,other,16.45,0,691,43.6,Fully Paid
15800,36 months,11.63,522.0,B,< 1 year,MORTGAGE,35300,Verified,debt_consolidation,12.96,0,714,59.7,Fully Paid
31700,36 months,15.24,1102.62,D,8 years,MORTGAGE,88200,Verified,other,17.35,0,703,72.7,Charged Off
8800,36 months,10.56,286.27,B,10+ years,MORTGAGE,59500,Source Verified,debt_consolidation,9.35,0,709,43.5,Fully Paid
22900,36 months,7.43,711.6,A,< 1 year,MORTGAGE,164100,Not Verified,debt_consolidation,31.82,0,739,39.2,Fully Paid
7400,36 months,13.35,250.58,D,10+ years,OWN,35600,Verified,debt_consolidation,39.36,0,670,75.6,Charged Off
10300,60 months,5.0,194.37,A,1 year,MORTGAGE,120800,Not Verified,credit_card,7.67,0,743,90.3,Fully Paid
9500,60 months,13.39,218.06,C,10+ years,RENT,30100,Not Verified,home_improvement,7.63,0,707,72.5,Fully Paid
14800,36 months,13.38,501.38,C,2 years,MORTGAGE,45200,Verified,debt_consolidation,12.03,2,709,63.5,Fully Paid
21100,36 months,13.7,718.08,C,2 years,MORTGAGE,66300,Verified,debt_consolidation,25.72,0,679,25.9,Fully Paid
26100,36 months,18.6,951.45,D,5 years,MORTGAGE,105300,Source Verified,credit_card,12.67,0,706,38.1,Fully Paid
11600,36 months,10.6,377.58,B,10+ years,RENT,25800,Verified,credit_card,27.14,1,713,59.7,Charged Off
4800,60 months,19.6,126.1,F,1 year,RENT,42400,Source Verified,major_purchase,8.83,0,665,89.4,Fully Paid
13100,36 months,14.83,453.03,C,,OWN,39500,Not Verified,credit_card,8.33,0,695,70.8,Fully Paid
14700,36 months,7.27,455.71,A,10+ years,OWN,51200,Verified,debt_consolidation,28.45,0,742,58.3,Fully Paid
14200,36 months,12.04,471.91,B,7 years,RENT,80200,Source Verified,credit_card,12.82,0,726,36.7,Fully Paid
17100,36 months,14.93,592.19,C,7 years,MORTGAGE,69600,Verified,debt_consolidation,12.99,1,708,70.5,Fully Paid
13300,60 months,10.76,287.58,B,2 years,OWN,58200,Not Verified,debt_consolidation,10.02,0,709,62.8,Fully Paid
9900,36 months,11.39,325.94,B,3 years,MORTGAGE,21100,Source Verified,major_purchase,19.51,1,714,16.8,Fully Paid
7400,60 months,12.25,165.55,C,2 years,MORTGAGE,171400,Source Verified,major_purchase,30.14,0,686,73.7,Fully Paid
8300,36 months,16.5,293.86,D,2 years,MORTGAGE,102500,Not Verified,debt_consolidation,13.6,0,701,75.1,Fully Paid
31700,36 months,10.29,1027.19,B,7 years,RENT,73200,Verified,home_improvement,13.5,1,722,66.9,Fully Paid
19000,36 months,14.72,656.04,D,10+ years,OWN,131800,Not Verified,debt_consolidation,22.01,0,687,72.6,Charged Off
13800,36 months,18.28,500.84,D,8 years,RENT,89500,Source Verified,debt_consolidation,11.54,0,699,60.9,Fully Paid
13900,36 months,8.15,436.54,B,10+ years,MORTGAGE,101100,Source Verified,debt_consolidation,26.62,0,730,9.3,Fully Paid
23100,60 months,14.33,541.46,C,6 years,RENT,73900,Source Verified,other,19.5,1,675,32.4,Charged Off
9900,60 months,11.56,218.03,B,3 years,MORTGAGE,26600,Verified,credit_card,15.74,0,713,22.2,Fully Paid
8500,36 months,16.31,300.14,D,10+ years,MORTGAGE,39200,Verified,debt_consolidation,9.98,0,671,73.5,Fully Paid
7700,60 months,11.93,171.01,C,9 years,MORTGAGE,73400,Not Verified,debt_consolidation,10.66,0,699,66.2,Fully Paid
19800,60 months,16.6,487.83,D,9 years,RENT,225500,Verified,debt_consolidation,14.57,1,677,65.2,Charged Off
10100,36 months,15.08,350.52,C,10+ years,MORTGAGE,64100,Source Verified,debt_consolidation,14.76,0,726,5.0,Fully Paid
13600,36 months,15.35,473.78,E,10+ years,RENT,155500,Not Verified,credit_card,23.01,0,672,59.7,Fully Paid
21800,36 months,14.12,746.34,C,4 years,MORTGAGE,100000,Not Verified,credit_card,15.7,0,724,77.2,Charged Off
18500,36 months,9.37,591.49,A,10+ years,OWN,162000,Not Verified,debt_consolidation,21.36,0,737,68.7,Charged Off
6900,36 months,15.44,240.68,D,5 years,MORTGAGE,49500,Verified,debt_consolidation,6.74,0,668,55.3,Fully Paid
9400,36 months,6.5,288.1,A,7 years,OWN,66300,Not Verified,debt_consolidation,18.26,0,750,76.4,Fully Paid
13400,36 months,10.69,436.73,B,5 years,MORTGAGE,35400,Not Verified,debt_consolidation,8.18,0,713,25.7,Fully Paid
27400,60 months,20.05,726.69,E,10+ years,MORTGAGE,62500,Verified,home_improvement,10.49,0,657,60.4,Fully Paid
9500,36 months,14.34,326.26,C,2 years,MORTGAGE,48800,Not Verified,debt_consolidation,15.93,0,682,42.3,Fully Paid
10100,36 months,5.75,306.12,A,,RENT,80400,Not Verified,credit_card,28.62,0,730,37.9,Charged Off
28300,36 months,10.91,925.3,B,10+ years,MORTGAGE,59900,Source Verified,debt_consolidation,33.94,0,706,48.5,Charged Off
6900,36 months,9.62,221.41,B,5 years,RENT,14600,Not Verified,debt_consolidation,38.42,1,732,49.2,Fully Paid
10600,36 months,12.4,354.1,C,2 years,MORTGAGE,85700,Verified,debt_consolidation,21.44,0,696,52.2,Fully Paid
17000,36 months,6.88,523.98,A,10+ years,RENT,104000,Not Verified,credit_card,11.19,0,748,32.1,Fully Paid
5800,36 months,14.98,201.0,C,8 years,RENT,35700,Verified,credit_card,9.61,0,698,44.8,Fully Paid
5500,36 months,12.71,184.55,C,1 year,MORTGAGE,48100,Not Verified,debt_consolidation,18.79,0,716,77.7,Fully Paid
9700,36 months,18.13,351.31,D,10+ years,MORTGAGE,46600,Verified,debt_consolidation,11.96,0,684,31.7,Fully Paid
19200,36 months,13.87,655.0,C,8 years,MORTGAGE,36800,Source Verified,credit_card,22.87,1,686,46.5,Fully Paid
9200,36 months,13.19,310.83,C,1 year,OWN,113200,Source Verified,other,17.68,0,703,23.2,Fully Paid
14300,36 months,10.83,467.01,B,4 years,RENT,50100,Verified,car,8.7,0,720,60.2,Charged Off
14900,36 months,19.22,547.83,F,1 year,MORTGAGE,92700,Source Verified,debt_consolidation,14.21,0,638,61.5,Fully Paid
6200,60 months,6.96,122.65,A,10+ years,OWN,79800,Verified,debt_consolidation,6.98,0,743,77.5,Fully Paid
32800,36 months,16.42,1159.96,D,10+ years,MORTGAGE,51200,Verified,debt_consolidation,16.21,1,695,44.1,Fully Paid
27800,36 months,10.0,897.03,B,10+ years,MORTGAGE,69500,Not Verified,debt_consolidation,7.3,2,722,47.9,Fully Paid
13200,36 months,8.21,414.92,A,10+ years,MORTGAGE,66500,Not Verified,credit_card,18.67,0,741,39.8,Fully Paid
34300,60 months,7.9,693.84,A,< 1 year,RENT,94400,Source Verified,debt_consolidation,13.94,0,754,39.1,Fully Paid
14600,36 months,6.62,448.27,A,,RENT,66900,Verified,debt_consolidation,10.31,1,746,54.1,Fully Paid
19400,36 months,17.05,692.15,D,2 years,MORTGAGE,119600,Not Verified,debt_consolidation,10.1,0,667,,Charged Off
20000,36 months,14.59,689.3,C,10+ years,OWN,104700,Not Verified,debt_consolidation,18.59,0,707,39.1,Fully Paid
18700,36 months,16.7,663.92,D,10+ years,MORTGAGE,177800,Not Verified,debt_consolidation,9.98,0,678,41.5,Fully Paid
5700,36 months,16.01,200.42,D,2 years,MORTGAGE,91700,Source Verified,debt_consolidation,25.23,0,707,4.8,Fully Paid
18700,36 months,12.71,627.47,C,5 years,RENT,53200,Verified,debt_consolidation,19.53,0,701,39.5,Fully Paid
10600,36 months,5.72,321.13,A,4 years,MORTGAGE,48400,Not Verified,debt_consolidation,15.96,0,747,76.7,Fully Paid
22500,60 months,9.74,475.19,B,10+ years,MORTGAGE,62200,Verified,debt_consolidation,9.2,0,709,65.6,Fully Paid
18800,60 months,10.92,408.01,B,4 years,MORTGAGE,42100,Not Verified,debt_consolidation,24.16,0,701,40.2,Fully Paid
7100,36 months,17.44,254.69,D,2 years,MORTGAGE,63900,Not Verified,credit_card,19.07,0,692,35.5,Fully Paid
9100,36 months,12.26,303.38,C,2 years,MORTGAGE,61700,Not Verified,credit_card,15.54,2,697,28.0,Fully Paid
6800,36 months,11.48,224.17,B,,RENT,42800,Verified,debt_consolidation,12.5,0,702,38.0,Charged Off
15100,36 months,16.04,531.17,D,5 years,OWN,88300,Not Verified,debt_consolidation,9.94,0,689,45.8,Fully Paid
13500,36 months,9.14,430.18,B,2 years,MORTGAGE,64100,Not Verified,major_purchase,17.55,0,712,65.5,Fully Paid
8700,36 months,14.55,299.67,C,,MORTGAGE,32100,Verified,debt_consolidation,10.15,0,706,28.0,Fully Paid
4300,36 months,16.54,152.32,C,9 years,RENT,110000,Source Verified,debt_consolidation,8.1,0,696,42.0,Fully Paid
21300,36 months,16.86,757.92,D,10+ years,MORTGAGE,47700,Verified,debt_consolidation,19.33,0,686,25.2,Fully Paid
16900,36 months,11.58,557.94,B,< 1 year,MORTGAGE,36500,Not Verified,home_improvement,6.09,0,724,71.7,Fully Paid
2900,36 months,10.54,94.31,B,10+ years,MORTGAGE,85200,Not Verified,credit_card,21.21,0,714,45.9,Fully Paid
9400,36 months,18.59,342.62,D,5 years,RENT,70900,Verified,debt_consolidation,20.1,0,687,63.9,Charged Off
10100,36 months,8.16,317.24,A,10+ years,OTHER,70600,Not Verified,debt_consolidation,35.63,0,766,61.7,Fully Paid
14700,36 months,14.57,506.49,C,4 years,MORTGAGE,27500,Not Verified,debt_consolidation,11.39,0,720,47.6,Fully Paid
11100,36 months,20.06,412.86,E,10+ years,MORTGAGE,88600,Source Verified,credit_card,16.64,0,680,38.5,Charged Off
9300,60 months,10.95,201.97,B,6 years,MORTGAGE,34600,Verified,debt_consolidation,22.3,0,719,54.2,Fully Paid
6100,60 months,11.09,132.9,B,,MORTGAGE,98200,Source Verified,debt_consolidation,8.71,0,707,54.4,Fully Paid
5900,36 months,12.14,196.36,C,4 years,RENT,123600,Not Verified,debt_consolidation,15.65,0,719,84.7,Fully Paid
14600,36 months,14.51,502.62,C,10+ years,MORTGAGE,70300,Verified,credit_card,20.09,0,679,57.6,Charged Off
40000,36 months,19.61,1478.61,D,10+ years,MORTGAGE,411600,Not Verified,credit_card,50.0,0,672,27.4,Charged Off
22300,60 months,7.27,444.41,A,10+ years,RENT,16800,Verified,debt_consolidation,24.69,0,735,50.1,Charged Off
20000,60 months,11.44,439.25,B,8 years,OWN,87100,Not Verified,debt_consolidation,20.67,0,734,32.4,Fully Paid
6800,36 months,15.79,238.36,D,10+ years,RENT,39100,Not Verified,credit_card,11.12,0,689,29.1,Fully Paid
14400,36 months,13.78,490.62,C,10+ years,RENT,67400,Verified,debt_consolidation,12.69,1,697,52.5,Charged Off
7800,36 months,6.43,238.81,A,10+ years,OWN,46800,Not Verified,debt_consolidation,15.96,0,748,63.8,Fully Paid
18400,36 months,16.91,655.19,D,10+ years,MORTGAGE,80900,Verified,credit_card,9.39,0,670,6.1,Fully Paid
3100,36 months,8.25,97.5,A,10+ years,MORTGAGE,137800,Source Verified,debt_consolidation,23.55,0,730,64.6,Fully Paid
6900,60 months,14.07,160.8,C,8 years,RENT,79200,Verified,credit_card,19.39,1,685,11.7,Fully Paid
27400,60 months,13.17,625.82,C,10+ years,RENT,65600,Not Verified,debt_consolidation,14.15,1,718,83.7,Charged Off
7100,60 months,7.1,140.92,A,,MORTGAGE,32300,Verified,debt_consolidation,13.62,0,749,49.8,Fully Paid
14400,36 months,8.01,451.31,A,2 years,MORTGAGE,40800,Source Verified,debt_consolidation,21.61,1,742,,Fully Paid
12100,36 months,15.91,424.86,D,3 years,MORTGAGE,66800,Verified,credit_card,34.51,1,690,41.0,Fully Paid
26800,36 months,13.95,915.31,C,10+ years,MORTGAGE,54300,Not Verified,credit_card,27.32,0,700,53.4,Fully Paid
3400,36 months,6.97,104.94,A,6 years,OWN,77100,Not Verified,debt_consolidation,5.39,0,753,84.1,Fully Paid
30800,60 months,10.92,668.44,B,6 years,OWN,72300,Not Verified,debt_consolidation,12.42,0,714,23.1,Fully Paid
14700,36 months,12.37,490.85,C,1 year,MORTGAGE,121500,Source Verified,debt_consolidation,4.07,2,673,68.7,Fully Paid
8500,36 months,16.51,300.98,D,5 years,MORTGAGE,80000,Source Verified,debt_consolidation,27.97,1,672,51.9,Charged Off
8000,60 months,13.91,185.77,C,2 years,MORTGAGE,128700,Verified,debt_consolidation,25.88,1,692,14.1,Fully Paid
14000,36 months,13.92,477.94,C,10+ years,RENT,109300,Verified,debt_consolidation,23.27,0,689,64.7,Fully Paid
23500,36 months,13.7,799.75,D,2 years,RENT,39600,Source Verified,other,29.89,0,681,67.5,Fully Paid
29600,36 months,12.79,994.35,C,10+ years,RENT,91600,Source Verified,debt_consolidation,9.11,1,670,27.9,Charged Off
13700,60 months,14.97,325.71,D,10+ years,RENT,46400,Not Verified,debt_consolidation,19.78,0,675,30.3,Fully Paid
13900,60 months,10.28,297.25,B,10+ years,MORTGAGE,51200,Not Verified,credit_card,21.56,1,726,10.7,Fully Paid
6000,36 months,12.15,199.72,B,5 years,MORTGAGE,69100,Verified,debt_consolidation,9.37,0,711,37.2,Fully Paid
10200,36 months,13.45,345.89,C,7 years,OWN,90700,Verified,debt_consolidation,11.57,0,691,62.7,Fully Paid
19600,36 months,16.1,690.05,D,10+ years,MORTGAGE,164700,Source Verified,debt_consolidation,21.73,0,696,17.0,Charged Off
11300,36 months,14.86,390.94,C,10+ years,RENT,72000,Not Verified,debt_consolidation,12.45,0,708,75.8,Fully Paid
40000,36 months,13.13,1350.26,C,7 years,OWN,69500,Verified,debt_consolidation,7.73,0,708,70.5,Fully Paid
40000,36 months,11.79,1324.56,B,3 years,MORTGAGE,81900,Not Verified,debt_consolidation,7.54,0,721,81.3,Fully Paid
5700,60 months,13.53,131.24,C,10+ years,RENT,40100,Not Verified,debt_consolidation,5.23,1,672,40.7,Fully Paid
13800,36 months,17.43,494.97,D,< 1 year,OWN,60100,Verified,debt_consolidation,21.1,0,698,43.8,Fully Paid
6700,36 months,15.76,234.76,D,10+ years,RENT,53700,Not Verified,debt_consolidation,29.89,0,681,79.9,Fully Paid
10100,60 months,7.0,199.99,A,5 years,MORTGAGE,127700,Not Verified,debt_consolidation,9.23,0,755,16.0,Fully Paid
8700,60 months,13.29,199.25,D,3 years,RENT,60400,Source Verified,credit_card,9.93,2,688,70.3,Fully Paid
40000,60 months,13.22,914.63,C,< 1 year,MORTGAGE,54000,Verified,debt_consolidation,11.4,1,677,25.9,Fully Paid
7800,36 months,15.18,271.08,C,< 1 year,MORTGAGE,44300,Not Verified,credit_card,5.67,2,699,56.7,Fully Paid
10100,36 months,11.4,332.58,B,2 years,RENT,47100,Verified,other,15.3,1,728,50.6,Fully Paid
7000,36 months,27.36,287.13,G,10+ years,MORTGAGE,120100,Verified,credit_card,9.64,0,644,5.3,Charged Off
8400,60 months,16.86,208.13,D,6 years,MORTGAGE,55400,Verified,major_purchase,9.68,0,659,32.4,Fully Paid
6000,36 months,6.4,183.62,A,10+ years,RENT,90100,Not Verified,debt_consolidation,26.04,1,724,76.0,Fully Paid
6100,60 months,17.95,154.73,D,10+ years,MORTGAGE,150700,Not Verified,debt_consolidation,13.73,2,669,48.4,Fully Paid
4400,36 months,8.81,139.53,B,< 1 year,OTHER,85000,Not Verified,debt_consolidation,7.34,0,728,38.9,Fully Paid
21800,36 months,13.53,740.11,C,9 years,RENT,90100,Source Verified,debt_consolidation,17.8,0,722,13.4,Fully Paid
16200,36 months,7.39,503.1,A,2 years,MORTGAGE,45000,Source Verified,credit_card,6.54,0,768,33.2,Fully Paid
7600,36 months,10.81,248.13,B,3 years,OWN,96700,Source Verified,debt_consolidation,14.31,0,728,59.5,Fully Paid
7700,36 months,13.87,262.68,D,9 years,MORTGAGE,80600,Not Verified,debt_consolidation,22.01,0,682,57.7,Fully Paid
18200,36 months,9.79,585.47,B,10+ years,MORTGAGE,47400,Verified,debt_consolidation,22.1,0,725,75.4,Fully Paid
20300,60 months,14.98,482.72,C,1 year,MORTGAGE,145900,Not Verified,credit_card,17.7,0,695,53.5,Fully Paid
16800,36 months,7.7,524.13,A,5 years,RENT,75500,Not Verified,debt_consolidation,9.68,1,732,60.0,Fully Paid
6000,36 months,9.97,193.52,B,1 year,OWN,69500,Verified,debt_consolidation,16.67,0,705,87.1,Fully Paid
11900,60 months,12.84,269.79,C,1 year,MORTGAGE,38100,Not Verified,debt_consolidation,16.64,0,711,54.3,Charged Off
7300,36 months,14.88,252.63,D,3 years,MORTGAGE,53100,Verified,major_purchase,21.43,2,685,85.7,Fully Paid
6900,36 months,21.83,262.91,F,10+ years,RENT,141800,Not Verified,car,12.94,0,643,67.6,Fully Paid
6200,60 months,6.15,120.3,A,5 years,RENT,28500,Verified,debt_consolidation,13.4,0,754,18.8,Fully Paid
16800,36 months,9.96,541.77,B,2 years,RENT,76700,Not Verified,debt_consolidation,21.25,0,683,57.4,Fully Paid
5200,60 months,14.3,121.81,C,1 year,RENT,92000,Verified,debt_consolidation,11.3,0,685,50.6,Fully Paid
9900,60 months,18.29,252.96,E,3 years,MORTGAGE,51600,Not Verified,credit_card,7.9,0,691,50.1,Fully Paid
4400,36 months,10.62,143.26,B,10+ years,MORTGAGE,73800,Not Verified,debt_consolidation,9.79,0,745,80.5,Fully Paid
9300,36 months,14.63,320.71,C,4 years,MORTGAGE,48800,Not Verified,credit_card,13.58,1,693,60.8,Fully Paid
10300,36 months,12.34,343.78,B,9 years,OTHER,34600,Verified,other,10.86,0,715,30.8,Fully Paid
11400,36 months,13.28,385.65,C,10+ years,MORTGAGE,120000,Source Verified,home_improvement,28.01,0,698,57.5,Fully Paid
8700,60 months,8.03,176.53,A,2 years,MORTGAGE,71300,Not Verified,credit_card,8.98,0,740,57.1,Fully Paid
9500,60 months,10.2,202.78,B,10+ years,MORTGAGE,70900,Verified,home_improvement,22.29,1,727,31.3,Charged Off
5700,60 months,13.46,131.04,C,,OWN,79100,Verified,debt_consolidation,23.26,0,701,34.4,Charged Off
10100,36 months,20.37,377.26,E,10+ years,RENT,76300,Source Verified,debt_consolidation,7.08,0,678,28.6,Fully Paid
29000,36 months,8.05,909.42,A,5 years,RENT,62400,Not Verified,credit_card,19.06,0,764,33.7,Fully Paid
11900,36 months,13.51,403.89,C,5 years,RENT,142200,Verified,debt_consolidation,14.43,1,697,56.4,Fully Paid
27500,36 months,14.46,946.04,C,10+ years,RENT,79900,Not Verified,credit_card,16.49,1,692,76.6,Fully Paid
11800,36 months,12.35,393.9,C,10+ years,RENT,61000,Not Verified,debt_consolidation,19.29,0,722,52.5,Fully Paid
2200,36 months,10.66,71.67,B,10+ years,MORTGAGE,23700,Verified,debt_consolidation,17.45,1,717,65.9,Fully Paid
10500,36 months,15.6,367.08,C,5 years,MORTGAGE,69800,Source Verified,debt_consolidation,19.26,1,699,,Fully Paid
9200,36 months,16.76,326.91,D,10+ years,MORTGAGE,21900,Not Verified,credit_card,15.51,0,691,68.4,Charged Off
9100,36 months,10.31,294.96,B,2 years,MORTGAGE,53700,Not Verified,credit_card,16.51,1,728,22.1,Fully Paid
14000,60 months,14.41,328.74,C,6 years,MORTGAGE,69200,Source Verified,credit_card,21.25,0,706,7.7,Fully Paid
10200,36 months,10.09,329.56,B,2 years,MORTGAGE,80100,Verified,credit_card,24.27,1,721,58.4,Fully Paid
11700,60 months,14.99,278.28,C,5 years,RENT,42500,Source Verified,debt_consolidation,12.96,0,701,37.7,Fully Paid
19300,36 months,11.3,634.6,B,8 years,MORTGAGE,79700,Not Verified,debt_consolidation,17.75,1,702,58.5,Fully Paid
11300,36 months,14.77,390.45,C,10+ years,RENT,76900,Not Verified,credit_card,16.07,0,717,48.8,Fully Paid
5800,36 months,14.99,201.03,D,3 years,MORTGAGE,57300,Source Verified,debt_consolidation,11.64,0,669,12.6,Charged Off
16000,36 months,10.64,521.1,B,< 1 year,OWN,62100,Source Verified,debt_consolidation,11.69,0,719,55.6,Fully Paid
16800,36 months,17.46,602.82,D,< 1 year,MORTGAGE,65400,Verified,other,21.25,0,666,49.7,Fully Paid
14700,36 months,5.66,444.94,A,3 years,MORTGAGE,61500,Not Verified,debt_consolidation,26.84,0,737,68.8,Fully Paid
16600,36 months,18.21,601.88,D,8 years,RENT,239000,Verified,debt_consolidation,30.91,0,677,18.8,Charged Off
40000,36 months,19.21,1470.49,D,8 years,MORTGAGE,34200,Verified,credit_card,21.15,1,699,30.1,Fully Paid
14900,36 months,16.14,524.87,D,5 years,OWN,66300,Verified,credit_card,23.7,0,673,49.4,Fully Paid
7000,60 months,19.07,181.85,D,10+ years,OWN,92600,Not Verified,debt_consolidation,28.62,0,719,32.5,Fully Paid
8900,36 months,12.66,298.42,C,5 years,OWN,59400,Not Verified,debt_consolidation,10.63,0,694,15.4,Fully Paid
40000,36 months,13.16,1350.84,C,3 years,MORTGAGE,51600,Not Verified,credit_card,13.15,0,703,58.2,Fully Paid
18400,60 months,12.48,413.77,B,10+ years,RENT,171700,Verified,major_purchase,19.52,0,732,82.3,Fully Paid
9200,36 months,16.59,326.13,D,10+ years,RENT,18600,Verified,credit_card,21.24,1,669,70.8,Fully Paid
5500,60 months,16.68,135.74,D,10+ years,RENT,120500,Source Verified,credit_card,13.34,1,676,40.7,Fully Paid
8300,60 months,5.64,159.08,A,< 1 year,MORTGAGE,46900,Not Verified,credit_card,22.26,0,746,32.7,Fully Paid
10600,36 months,12.78,356.03,C,10+ years,RENT,96900,Not Verified,debt_consolidation,19.84,0,694,24.0,Fully Paid
3600,60 months,17.96,91.34,E,10+ years,MORTGAGE,34600,Verified,debt_consolidation,16.21,0,682,42.9,Fully Paid
6400,36 months,6.64,196.56,A,2 years,MORTGAGE,103400,Source Verified,credit_card,33.64,0,746,67.0,Fully Paid
12800,36 months,10.84,418.09,B,1 year,MORTGAGE,83900,Verified,credit_card,18.77,0,717,56.5,Fully Paid
13200,60 months,11.28,288.85,B,10+ years,MORTGAGE,205800,Not Verified,debt_consolidation,14.09,0,702,49.3,Charged Off
4800,60 months,13.68,110.89,C,10+ years,MORTGAGE,38600,Not Verified,credit_card,15.55,0,718,21.6,Fully Paid
12300,36 months,10.9,402.1,B,2 years,MORTGAGE,48000,Source Verified,debt_consolidation,21.86,0,725,58.1,Fully Paid
6900,60 months,6.02,133.46,A,1 year,MORTGAGE,80300,Verified,credit_card,34.22,0,735,44.1,Fully Paid
8800,36 months,11.57,290.48,B,10+ years,RENT,127000,Source Verified,major_purchase,17.03,0,728,43.2,Fully Paid
9400,60 months,6.41,183.53,A,9 years,RENT,62900,Not Verified,debt_consolidation,19.21,0,739,49.8,Charged Off
11800,36 months,10.81,385.26,C,10+ years,RENT,80200,Not Verified,medical,23.8,0,708,51.9,Fully Paid
9100,36 months,16.23,320.96,D,5 years,RENT,61900,Verified,debt_consolidation,20.61,1,682,14.9,Fully Paid
8100,60 months,15.67,195.56,D,10+ years,MORTGAGE,44200,Not Verified,medical,11.31,0,679,66.9,Fully Paid
12200,36 months,15.56,426.27,C,3 years,RENT,32500,Source Verified,home_improvement,9.19,0,713,61.4,Fully Paid
17500,36 months,7.97,548.14,A,2 years,MORTGAGE,143100,Source Verified,debt_consolidation,6.73,0,743,73.0,Fully Paid
20400,36 months,13.99,697.12,C,4 years,RENT,115700,Source Verified,debt_consolidation,11.31,0,694,42.9,Fully Paid
12800,36 months,15.48,446.73,D,9 years,RENT,82600,Verified,car,21.39,0,699,40.9,Fully Paid
10900,60 months,12.31,244.18,C,9 years,MORTGAGE,82500,Not Verified,debt_consolidation,20.43,0,693,53.0,Fully Paid
32400,36 months,9.88,1043.63,B,10+ years,MORTGAGE,43700,Verified,debt_consolidation,6.87,1,724,48.5,Fully Paid
21900,36 months,14.9,758.1,D,10+ years,OWN,160400,Verified,major_purchase,21.13,0,704,,Fully Paid
21600,36 months,6.54,662.41,A,5 years,MORTGAGE,83500,Source Verified,debt_consolidation,14.68,1,748,55.8,Fully Paid
37500,36 months,16.12,1320.61,D,9 years,RENT,37100,Not Verified,major_purchase,19.96,1,698,48.8,Fully Paid
14200,36 months,18.67,518.15,D,6 years,MORTGAGE,82900,Source Verified,debt_consolidation,34.66,0,694,10.9,Fully Paid
16200,36 months,17.04,577.9,D,8 years,RENT,36000,Not Verified,credit_card,19.16,0,690,49.0,Charged Off
12100,36 months,13.89,412.9,D,10+ years,MORTGAGE,16300,Verified,debt_consolidation,30.14,0,686,64.4,Fully Paid
16200,36 months,12.63,542.96,C,6 years,RENT,71200,Source Verified,credit_card,13.96,1,697,64.1,Fully Paid
37600,60 months,10.53,808.73,B,4 years,MORTGAGE,103100,Not Verified,debt_consolidation,15.75,0,696,41.2,Fully Paid
11100,36 months,12.48,371.23,C,5 years,RENT,55600,Not Verified,car,14.65,0,692,60.7,Fully Paid
16200,36 months,10.63,527.53,B,9 years,RENT,52000,Source Verified,credit_card,20.09,0,712,62.0,Fully Paid
6700,60 months,10.12,142.75,B,3 years,RENT,38600,Verified,debt_consolidation,7.86,1,726,42.6,Fully Paid
7200,36 months,12.76,241.76,C,3 years,MORTGAGE,27800,Source Verified,car,12.62,1,668,20.9,Fully Paid
13800,36 months,10.41,447.95,B,2 years,MORTGAGE,61400,Not Verified,debt_consolidation,9.91,0,715,70.8,Fully Paid
9700,36 months,6.74,298.36,A,10+ years,OWN,42200,Source Verified,credit_card,22.91,0,750,,Charged Off
4900,60 months,10.03,104.18,B,,RENT,128300,Not Verified,debt_consolidation,19.89,1,693,35.6,Fully Paid
28300,36 months,10.81,923.96,B,9 years,MORTGAGE,33700,Not Verified,debt_consolidation,5.04,0,698,41.1,Fully Paid
13900,36 months,21.62,528.12,E,6 years,MORTGAGE,75200,Not Verified,other,21.99,0,663,71.5,Fully Paid
11300,36 months,10.83,369.04,B,10+ years,RENT,59200,Not Verified,debt_consolidation,19.76,0,711,27.7,Charged Off
12700,36 months,13.44,430.61,C,7 years,RENT,47900,Verified,debt_consolidation,17.41,0,685,70.3,Charged Off
20400,60 months,14.38,478.7,C,< 1 year,MORTGAGE,36200,Verified,debt_consolidation,10.72,1,698,44.9,Fully Paid
15100,36 months,10.22,488.8,B,2 years,MORTGAGE,53200,Not Verified,debt_consolidation,12.29,0,696,32.2,Fully Paid
12900,36 months,6.82,397.25,A,10+ years,RENT,34000,Verified,debt_consolidation,24.95,0,734,60.5,Fully Paid
20400,36 months,8.9,647.77,A,8 years,RENT,89900,Verified,debt_consolidation,16.39,0,760,30.9,Fully Paid
14800,60 months,11.71,327.05,B,3 years,MORTGAGE,90400,Not Verified,credit_card,21.49,0,706,15.8,Charged Off
6400,60 months,9.17,133.38,B,7 years,RENT,129700,Not Verified,credit_card,14.11,0,712,45.3,Charged Off
8100,36 months,11.1,265.57,C,1 year,MORTGAGE,34100,Source Verified,debt_consolidation,15.34,0,693,62.1,Fully Paid
8600,60 months,10.95,186.77,B,8 years,MORTGAGE,83900,Verified,small_business,24.87,0,699,35.0,Fully Paid
13300,36 months,5.91,404.07,A,5 years,OWN,93300,Source Verified,home_improvement,9.51,0,744,45.5,Fully Paid
8100,36 months,21.4,306.83,E,5 years,RENT,115400,Source Verified,debt_consolidation,12.25,1,665,42.9,Fully Paid
40000,36 months,10.71,1304.06,B,4 years,MORTGAGE,19800,Verified,credit_card,10.08,0,698,9.1,Fully Paid
17700,36 months,11.95,587.47,B,8 years,MORTGAGE,56300,Not Verified,debt_consolidation,15.33,1,711,88.0,Fully Paid
9600,60 months,10.78,207.68,B,2 years,RENT,86000,Not Verified,major_purchase,8.66,0,704,35.9,Fully Paid
13900,36 months,17.12,496.4,D,10+ years,MORTGAGE,68600,Verified,debt_consolidation,13.47,0,690,43.6,Fully Paid
14300,60 months,6.73,281.34,A,5 years,OWN,133800,Source Verified,credit_card,17.53,0,760,71.8,Fully Paid
9200,36 months,19.68,340.41,E,10+ years,RENT,67600,Source Verified,home_improvement,14.92,0,664,61.6,Fully Paid
6600,36 months,13.89,225.22,C,7 years,MORTGAGE,158000,Source Verified,debt_consolidation,38.84,0,727,54.8,Fully Paid
6900,60 months,13.03,157.1,C,5 years,RENT,40600,Not Verified,credit_card,10.37,0,707,64.2,Fully Paid
11000,60 months,12.95,250.0,C,10+ years,RENT,26700,Not Verified,car,23.65,1,697,44.7,Fully Paid
10500,36 months,10.2,339.79,B,2 years,RENT,75900,Not Verified,credit_card,17.84,0,713,24.5,Fully Paid
15900,36 months,12.81,534.28,C,2 years,RENT,36800,Not Verified,credit_card,11.18,0,681,44.2,Charged Off
15900,36 months,15.6,555.86,D,10+ years,MORTGAGE,92900,Verified,home_improvement,12.86,0,685,50.7,Fully Paid
5900,36 months,14.86,204.12,C,10+ years,RENT,61900,Not Verified,credit_card,19.5,1,713,47.9,Fully Paid
10900,36 months,18.85,398.72,D,4 years,MORTGAGE,126600,Verified,debt_consolidation,32.72,0,678,11.2,Fully Paid
5800,60 months,9.93,123.03,B,10+ years,MORTGAGE,86300,Not Verified,major_purchase,25.5,1,712,48.4,Fully Paid
19100,36 months,22.11,730.53,F,10+ years,RENT,90900,Verified,car,27.04,0,648,46.5,Charged Off
14900,36 months,16.43,527.01,D,10+ years,RENT,51500,Source Verified,debt_consolidation,17.17,0,703,39.0,Fully Paid
11400,36 months,8.96,362.3,B,5 years,RENT,84100,Verified,medical,47.88,2,722,18.6,Charged Off
16700,36 months,11.06,547.21,B,1 year,MORTGAGE,85500,Verified,debt_consolidation,15.32,0,711,40.9,Fully Paid
17500,36 months,9.54,560.9,B,10+ years,MORTGAGE,25400,Not Verified,debt_consolidation,9.33,0,727,27.4,Fully Paid
12300,36 months,9.67,394.98,B,8 years,MORTGAGE,50100,Not Verified,debt_consolidation,11.25,0,724,17.0,Fully Paid
25700,36 months,8.7,813.67,B,10+ years,MORTGAGE,70500,Verified,debt_consolidation,15.21,0,707,79.9,Fully Paid
11900,36 months,11.87,394.51,B,4 years,OWN,68700,Verified,debt_consolidation,21.38,0,701,48.1,Fully Paid
9500,36 months,13.93,324.36,C,8 years,MORTGAGE,69300,Source Verified,debt_consolidation,15.96,0,687,52.8,Fully Paid
16500,36 months,20.54,617.75,F,< 1 year,RENT,44500,Verified,debt_consolidation,28.42,1,678,28.3,Charged Off
7700,36 months,8.63,243.53,B,2 years,MORTGAGE,79000,Not Verified,debt_consolidation,7.82,0,721,69.0,Fully Paid
7700,36 months,14.09,263.5,C,8 years,RENT,142300,Verified,debt_consolidation,12.28,0,686,68.4,Fully Paid
12600,36 months,14.46,433.46,C,7 years,RENT,60200,Source Verified,debt_consolidation,26.52,0,711,24.6,Fully Paid
17100,36 months,10.62,556.76,B,2 years,RENT,123000,Not Verified,debt_consolidation,18.08,1,711,40.2,Fully Paid
11200,36 months,9.79,360.29,B,10+ years,MORTGAGE,99600,Source Verified,debt_consolidation,17.12,0,700,85.0,Charged Off
12400,36 months,7.12,383.56,A,7 years,MORTGAGE,120400,Source Verified,debt_consolidation,24.3,0,758,43.4,Fully Paid
21600,36 months,19.06,792.43,E,,RENT,14300,Verified,credit_card,17.08,0,661,42.5,Charged Off
11700,36 months,7.77,365.4,A,10+ years,MORTGAGE,66700,Verified,debt_consolidation,17.64,0,723,57.1,Fully Paid
29600,36 months,15.84,1038.31,D,< 1 year,RENT,39600,Not Verified,credit_card,20.99,0,675,67.2,Charged Off
9000,36 months,15.16,312.69,C,3 years,RENT,91500,Not Verified,debt_consolidation,14.58,1,706,60.2,Fully Paid
19900,60 months,10.85,431.19,B,10+ years,RENT,69400,Not Verified,small_business,9.35,0,693,42.3,Fully Paid
4300,36 months,21.94,164.09,F,7 years,RENT,75700,Not Verified,car,13.95,0,667,51.6,Charged Off
31500,36 months,7.58,981.0,A,2 years,MORTGAGE,70800,Not Verified,debt_consolidation,28.64,0,737,71.9,Charged Off
6800,36 months,13.17,229.68,C,6 years,RENT,52400,Source Verified,small_business,9.5,0,700,88.0,Fully Paid
16600,60 months,14.9,394.04,C,6 years,MORTGAGE,97400,Verified,credit_card,11.45,0,713,32.1,Fully Paid
16600,36 months,12.36,554.22,C,5 years,RENT,43000,Not Verified,debt_consolidation,15.57,0,712,68.0,Fully Paid
21500,36 months,6.58,659.74,A,3 years,RENT,22700,Source Verified,debt_consolidation,30.04,0,742,30.4,Charged Off
12900,36 months,10.47,419.1,B,10+ years,OWN,42400,Verified,debt_consolidation,6.85,1,721,59.4,Fully Paid
24800,36 months,13.95,847.0,C,< 1 year,MORTGAGE,71800,Not Verified,debt_consolidation,19.14,0,695,77.1,Fully Paid
27100,60 months,10.9,587.87,B,< 1 year,OWN,84000,Source Verified,debt_consolidation,17.29,0,701,88.4,Fully Paid
14100,60 months,11.68,311.37,B,10+ years,MORTGAGE,43800,Not Verified,small_business,15.64,0,730,34.4,Fully Paid
6600,36 months,13.99,225.54,C,8 years,MORTGAGE,25000,Source Verified,credit_card,31.42,1,703,61.2,Fully Paid
5300,36 months,12.99,178.55,C,10+ years,OWN,178700,Verified,credit_card,45.8,0,707,25.9,Fully Paid
7000,36 months,18.82,255.96,E,10+ years,OWN,123400,Not Verified,home_improvement,22.64,0,676,47.9,Fully Paid
23700,36 months,26.88,966.03,F,5 years,MORTGAGE,128200,Source Verified,home_improvement,14.87,1,661,77.7,Charged Off
8800,36 months,16.66,312.26,D,10+ years,MORTGAGE,59400,Source Verified,debt_consolidation,19.32,0,690,55.1,Fully Paid
14100,60 months,10.79,305.09,B,5 years,MORTGAGE,107200,Source Verified,credit_card,6.74,0,699,69.4,Fully Paid
14400,36 months,11.24,473.08,B,10+ years,MORTGAGE,26700,Not Verified,debt_consolidation,16.13,1,721,25.7,Fully Paid
16400,60 months,14.75,388.01,C,10+ years,RENT,148500,Verified,small_business,19.5,0,700,50.3,Fully Paid
14900,36 months,12.5,498.46,C,5 years,MORTGAGE,21900,Verified,credit_card,17.53,0,710,39.4,Fully Paid
19900,36 months,21.01,749.84,E,< 1 year,RENT,48200,Not Verified,debt_consolidation,17.35,0,699,58.7,Fully Paid
5100,36 months,12.45,170.49,B,10+ years,RENT,66700,Not Verified,credit_card,24.16,0,703,67.2,Fully Paid
24600,36 months,15.25,855.78,D,4 years,RENT,59400,Not Verified,home_improvement,24.2,0,681,80.8,Fully Paid
15000,36 months,18.87,548.85,D,8 years,RENT,105800,Not Verified,credit_card,15.4,0,680,35.6,Fully Paid
9000,36 months,7.51,280.0,A,< 1 year,OWN,87800,Source Verified,debt_consolidation,18.37,0,740,50.6,Fully Paid
9700,36 months,15.08,336.63,C,2 years,RENT,61900,Source Verified,debt_consolidation,19.6,2,697,33.3,Fully Paid
9200,60 months,15.48,221.19,D,3 years,RENT,40100,Source Verified,debt_consolidation,12.57,0,673,31.6,Fully Paid
13500,36 months,17.74,486.3,E,< 1 year,MORTGAGE,58100,Not Verified,debt_consolidation,12.51,0,674,26.7,Fully Paid
17500,36 months,14.99,606.56,C,10+ years,RENT,113800,Verified,debt_consolidation,25.77,0,698,51.8,Fully Paid
11500,36 months,7.79,359.26,A,6 years,MORTGAGE,42000,Verified,debt_consolidation,14.29,0,752,42.6,Fully Paid
11300,36 months,14.19,387.25,C,4 years,RENT,64200,Source Verified,debt_consolidation,13.24,1,718,42.4,Fully Paid
4700,60 months,7.46,94.09,A,< 1 year,RENT,46600,Not Verified,credit_card,15.62,0,755,69.9,Fully Paid
19500,36 months,6.32,596.06,A,10+ years,OWN,83200,Not Verified,debt_consolidation,34.81,0,746,66.6,Charged Off
7200,36 months,14.02,246.15,C,5 years,MORTGAGE,40500,Source Verified,debt_consolidation,28.7,0,713,47.9,Fully Paid
8500,36 months,10.84,277.64,B,4 years,MORTGAGE,65000,Source Verified,debt_consolidation,29.54,0,705,44.8,Charged Off
25700,36 months,15.39,895.82,D,< 1 year,MORTGAGE,91200,Source Verified,debt_consolidation,26.33,1,688,75.4,Charged Off
25200,60 months,20.65,676.79,E,4 years,RENT,99200,Not Verified,credit_card,21.1,0,673,94.0,Charged Off
14000,36 months,15.24,486.96,D,10+ years,RENT,38900,Source Verified,debt_consolidation,14.52,0,673,77.3,Fully Paid
11500,36 months,22.08,439.67,E,10+ years,MORTGAGE,79300,Verified,debt_consolidation,9.82,0,645,12.3,Charged Off
10200,60 months,7.91,206.38,A,10+ years,RENT,21600,Source Verified,debt_consolidation,8.41,0,756,66.0,Fully Paid
11000,36 months,14.11,376.54,C,6 years,RENT,25000,Source Verified,debt_consolidation,20.13,0,702,39.5,Fully Paid
8700,36 months,15.59,304.11,D,10+ years,MORTGAGE,51100,Not Verified,home_improvement,12.24,1,687,14.8,Fully Paid
5500,36 months,12.71,184.55,C,10+ years,MORTGAGE,43600,Source Verified,debt_consolidation,3.45,0,729,70.2,Fully Paid
9300,36 months,16.51,329.31,D,7 years,RENT,45500,Not Verified,debt_consolidation,11.99,1,688,24.8,Fully Paid
8700,60 months,11.17,189.9,B,,MORTGAGE,84800,Not Verified,small_business,23.84,2,701,46.9,Fully Paid
35200,36 months,11.54,1161.43,B,10+ years,MORTGAGE,73400,Not Verified,debt_consolidation,12.14,0,744,40.8,Fully Paid
26000,60 months,7.1,516.06,A,2 years,RENT,52100,Source Verified,debt_consolidation,7.82,0,748,71.3,Fully Paid
11400,36 months,10.08,368.27,B,2 years,MORTGAGE,76500,Verified,debt_consolidation,28.09,0,713,34.0,Fully Paid
3200,36 months,19.05,117.38,D,10+ years,MORTGAGE,46200,Not Verified,debt_consolidation,10.5,0,690,47.5,Fully Paid
32300,36 months,14.41,1110.38,C,5 years,RENT,143200,Source Verified,credit_card,24.27,0,699,35.6,Fully Paid
7600,36 months,6.83,234.08,A,3 years,RENT,134700,Source Verified,debt_consolidation,27.34,0,758,32.8,Fully Paid
17000,36 months,6.92,524.29,A,,MORTGAGE,137200,Verified,debt_consolidation,11.95,3,735,54.8,Fully Paid
17300,60 months,21.62,474.08,E,1 year,OWN,100300,Not Verified,debt_consolidation,15.5,1,678,34.5,Fully Paid
10800,36 months,6.9,332.98,A,10+ years,MORTGAGE,41600,Not Verified,debt_consolidation,16.95,0,746,85.2,Fully Paid
6000,36 months,17.22,214.57,D,8 years,MORTGAGE,79400,Not Verified,debt_consolidation,10.43,0,691,58.1,Fully Paid
38600,36 months,18.67,1408.49,E,10+ years,OWN,79900,Verified,other,6.7,0,668,33.7,Charged Off
11300,36 months,10.43,366.9,B,5 years,OWN,69600,Not Verified,debt_consolidation,23.57,0,708,79.0,Fully Paid
11900,60 months,14.99,283.04,C,4 years,RENT,219300,Source Verified,debt_consolidation,8.13,1,710,44.5,Fully Paid
8500,36 months,9.42,271.96,B,1 year,OWN,100200,Verified,debt_consolidation,15.89,0,704,73.8,Charged Off
7700,36 months,10.46,250.12,B,1 year,MORTGAGE,64500,Verified,debt_consolidation,18.62,0,704,50.9,Fully Paid
6800,36 months,10.85,222.14,B,< 1 year,MORTGAGE,68600,Source Verified,debt_consolidation,8.58,0,727,60.1,Fully Paid
19400,36 months,10.63,631.74,B,< 1 year,MORTGAGE,40900,Not Verified,credit_card,30.49,0,730,67.3,Fully Paid
40000,36 months,11.81,1324.95,C,2 years,MORTGAGE,53800,Verified,debt_consolidation,28.07,0,715,84.6,Fully Paid
10300,36 months,6.37,315.08,A,7 years,MORTGAGE,67900,Source Verified,credit_card,4.6,0,751,75.6,Fully Paid
17600,36 months,7.33,546.1,A,,MORTGAGE,65400,Verified,debt_consolidation,29.09,0,732,29.6,Fully Paid
13500,36 months,13.54,458.39,C,2 years,RENT,36400,Not Verified,debt_consolidation,15.4,0,722,35.8,Fully Paid
23400,36 months,10.78,763.65,B,< 1 year,RENT,32800,Source Verified,debt_consolidation,16.24,0,733,37.3,Fully Paid
12800,60 months,6.99,253.39,A,2 years,RENT,43600,Source Verified,credit_card,9.66,0,739,70.0,Fully Paid
20400,36 months,13.48,692.08,C,10+ years,MORTGAGE,38400,Not Verified,debt_consolidation,17.15,0,691,44.8,Fully Paid
7000,36 months,11.52,230.9,B,6 years,RENT,45100,Source Verified,home_improvement,10.81,0,705,29.8,Fully Paid
2900,60 months,9.66,61.13,B,10+ years,MORTGAGE,64300,Source Verified,debt_consolidation,16.03,1,730,68.6,Fully Paid
8800,60 months,5.98,170.05,A,4 years,RENT,105500,Verified,debt_consolidation,28.3,1,731,52.6,Fully Paid
22200,36 months,10.44,720.93,B,5 years,MORTGAGE,86000,Verified,home_improvement,15.4,1,707,,Fully Paid
8600,60 months,13.82,199.31,D,1 year,RENT,83100,Not Verified,credit_card,25.59,0,662,39.8,Charged Off
9100,36 months,14.68,314.03,C,9 years,MORTGAGE,53500,Source Verified,debt_consolidation,12.07,0,689,64.5,Fully Paid
20000,60 months,8.69,412.16,B,3 years,RENT,85100,Not Verified,other,24.26,1,715,57.0,Fully Paid
31100,36 months,9.89,1001.9,B,4 years,MORTGAGE,260300,Not Verified,debt_consolidation,13.53,0,716,25.6,Fully Paid
6500,60 months,7.77,131.08,A,2 years,OTHER,88100,Source Verified,credit_card,21.32,0,752,57.5,Fully Paid
16400,60 months,22.67,459.22,E,3 years,MORTGAGE,39900,Source Verified,debt_consolidation,9.4,0,690,40.2,Fully Paid
19000,36 months,10.37,616.38,B,3 years,RENT,87900,Source Verified,debt_consolidation,13.9,0,706,63.8,Fully Paid
7300,36 months,10.71,237.99,B,10+ years,MORTGAGE,70800,Source Verified,debt_consolidation,10.54,1,725,58.2,Fully Paid
5100,36 months,13.75,173.69,C,10+ years,MORTGAGE,62300,Source Verified,debt_consolidation,30.39,1,698,71.9,Fully Paid
21300,36 months,6.54,653.21,A,3 years,OWN,60700,Source Verified,small_business,7.93,0,745,32.8,Fully Paid
19300,36 months,13.71,656.91,C,10+ years,RENT,73000,Source Verified,debt_consolidation,10.11,2,714,34.1,Fully Paid
12600,36 months,8.45,397.46,B,8 years,OWN,42700,Verified,debt_consolidation,29.7,0,713,50.2,Fully Paid
11100,60 months,7.78,223.9,A,10+ years,OWN,53700,Verified,credit_card,19.89,1,755,33.9,Fully Paid
15400,36 months,10.69,501.92,B,< 1 year,RENT,55900,Source Verified,debt_consolidation,23.76,0,721,72.7,Fully Paid
11700,60 months,6.77,230.41,A,,RENT,101600,Not Verified,credit_card,14.12,0,734,46.4,Fully Paid
13900,36 months,14.04,475.34,C,4 years,RENT,41800,Source Verified,credit_card,11.78,0,676,60.6,Fully Paid
40000,60 months,11.06,870.89,B,9 years,MORTGAGE,105600,Source Verified,credit_card,29.75,0,702,46.6,Fully Paid
22900,60 months,9.23,477.93,B,4 years,RENT,137700,Source Verified,debt_consolidation,25.24,0,723,42.8,Fully Paid
10800,36 months,9.07,343.79,B,10+ years,OWN,70300,Source Verified,credit_card,21.76,1,699,52.1,Fully Paid
10200,36 months,13.44,345.84,C,5 years,RENT,96900,Source Verified,debt_consolidation,2.08,1,713,63.8,Fully Paid
9200,60 months,13.54,211.88,C,9 years,MORTGAGE,90500,Verified,debt_consolidation,37.23,0,706,29.0,Fully Paid
5300,36 months,11.36,174.42,B,< 1 year,MORTGAGE,50600,Not Verified,medical,7.59,0,712,26.2,Fully Paid
6900,60 months,7.74,139.05,A,< 1 year,MORTGAGE,36200,Not Verified,debt_consolidation,16.55,0,751,71.4,Fully Paid
25000,60 months,12.52,562.7,D,5 years,RENT,175300,Verified,small_business,11.14,0,659,36.2,Charged Off
32700,36 months,19.27,1203.12,E,< 1 year,RENT,51000,Not Verified,debt_consolidation,24.52,0,674,27.4,Charged Off
24700,60 months,6.41,482.24,A,10+ years,MORTGAGE,62300,Verified,credit_card,36.26,0,745,31.8,Fully Paid
12700,36 months,7.21,393.36,A,10+ years,MORTGAGE,34000,Verified,debt_consolidation,12.35,1,755,27.9,Fully Paid
18100,36 months,10.07,584.63,B,7 years,MORTGAGE,90000,Source Verified,major_purchase,20.83,0,681,77.6,Fully Paid
11700,36 months,19.79,433.56,E,8 years,MORTGAGE,236200,Verified,debt_consolidation,7.33,1,684,57.1,Fully Paid
8500,36 months,14.55,292.79,C,5 years,OWN,42400,Source Verified,car,10.16,1,722,26.4,Fully Paid
12800,36 months,11.03,419.24,C,,MORTGAGE,95500,Verified,home_improvement,17.56,0,690,20.0,Fully Paid
7000,36 months,16.24,246.93,E,3 years,MORTGAGE,72100,Source Verified,small_business,17.66,0,666,54.6,Fully Paid
16900,36 months,12.47,565.12,C,4 years,MORTGAGE,59900,Not Verified,debt_consolidation,37.73,0,696,20.2,Charged Off
15000,60 months,23.63,428.3,E,10+ years,MORTGAGE,149300,Verified,credit_card,19.42,0,670,55.1,Fully Paid
3400,36 months,18.02,122.95,E,10+ years,MORTGAGE,26400,Not Verified,debt_consolidation,8.65,1,673,48.9,Fully Paid
16500,36 months,7.72,514.92,A,2 years,MORTGAGE,74600,Not Verified,credit_card,8.83,0,734,18.6,Fully Paid
9100,36 months,11.0,297.92,B,1 year,MORTGAGE,23000,Not Verified,major_purchase,6.36,0,713,50.4,Fully Paid
7300,36 months,10.11,235.93,B,9 years,RENT,37300,Source Verified,home_improvement,33.23,0,699,64.3,Fully Paid
18700,60 months,15.81,452.86,D,6 years,RENT,40000,Not Verified,debt_consolidation,25.04,1,683,87.2,Fully Paid
14400,36 months,9.67,462.42,B,7 years,MORTGAGE,134500,Not Verified,debt_consolidation,20.51,0,727,48.2,Fully Paid
12200,36 months,14.97,422.74,D,10+ years,MORTGAGE,55600,Source Verified,small_business,10.72,0,684,41.7,Charged Off
8000,60 months,6.67,157.17,A,3 years,MORTGAGE,148400,Source Verified,debt_consolidation,18.2,0,745,8.8,Fully Paid
9500,36 months,10.93,310.7,B,10+ years,MORTGAGE,63800,Verified,debt_consolidation,4.28,0,703,61.2,Fully Paid
5900,36 months,10.93,192.96,B,10+ years,MORTGAGE,54000,Verified,credit_card,20.91,0,704,27.0,Charged Off
12000,60 months,28.13,374.57,F,8 years,MORTGAGE,109800,Not Verified,debt_consolidation,18.25,0,658,60.3,Fully Paid
22300,36 months,9.13,710.48,B,8 years,MORTGAGE,51300,Verified,debt_consolidation,22.41,0,719,38.5,Fully Paid
15800,36 months,11.46,520.72,B,10+ years,MORTGAGE,34300,Source Verified,small_business,23.01,0,711,45.3,Charged Off
14200,36 months,7.44,441.32,A,10+ years,MORTGAGE,54600,Not Verified,other,14.67,0,742,18.0,Fully Paid
18200,36 months,5.71,551.29,A,10+ years,OWN,60700,Source Verified,home_improvement,13.71,1,745,28.5,Fully Paid
13500,36 months,29.05,566.09,G,2 years,OWN,165900,Source Verified,credit_card,20.85,2,634,26.1,Charged Off
17500,36 months,6.25,534.37,A,10+ years,MORTGAGE,111800,Not Verified,debt_consolidation,16.71,0,742,85.5,Fully Paid
20300,60 months,17.05,505.05,D,10+ years,MORTGAGE,37300,Not Verified,major_purchase,47.61,2,686,68.1,Charged Off
13600,36 months,7.16,420.92,A,1 year,RENT,39200,Not Verified,debt_consolidation,12.13,0,752,28.4,Fully Paid
13200,36 months,11.95,438.11,C,6 years,RENT,87500,Source Verified,credit_card,4.43,0,694,42.0,Fully Paid
12500,36 months,18.56,455.42,D,9 years,RENT,52900,Not Verified,debt_consolidation,19.4,0,679,78.8,Charged Off
10700,60 months,6.56,209.66,A,2 years,MORTGAGE,66100,Source Verified,home_improvement,17.63,0,765,72.8,Fully Paid
2000,60 months,17.7,50.46,D,10+ years,RENT,33500,Source Verified,debt_consolidation,15.19,0,672,78.5,Fully Paid
15300,60 months,10.65,329.99,B,5 years,MORTGAGE,41200,Not Verified,credit_card,16.98,0,705,20.6,Fully Paid
6800,60 months,10.4,145.82,C,10+ years,MORTGAGE,19200,Source Verified,home_improvement,10.88,0,688,34.5,Fully Paid
25500,60 months,12.82,577.86,C,2 years,MORTGAGE,22000,Source Verified,debt_consolidation,20.99,0,715,32.9,Fully Paid
9300,60 months,17.22,232.23,D,10+ years,MORTGAGE,17600,Not Verified,debt_consolidation,11.29,0,680,66.1,Fully Paid
17500,36 months,12.68,586.95,C,10+ years,MORTGAGE,174400,Not Verified,home_improvement,17.29,0,714,43.7,Fully Paid
24100,60 months,10.42,517.05,B,10+ years,MORTGAGE,38400,Not Verified,debt_consolidation,9.84,0,699,91.7,Fully Paid
7900,60 months,6.26,153.69,A,< 1 year,RENT,54800,Source Verified,credit_card,34.44,0,744,43.0,Fully Paid
16600,36 months,16.58,588.37,D,3 years,MORTGAGE,77500,Source Verified,debt_consolidation,19.46,0,685,59.8,Fully Paid
20200,36 months,13.58,686.27,C,9 years,MORTGAGE,49600,Not Verified,debt_consolidation,22.29,1,707,5.1,Fully Paid
14500,36 months,16.82,515.67,D,10+ years,MORTGAGE,15100,Source Verified,credit_card,13.24,0,701,62.8,Charged Off
10400,60 months,10.48,223.43,B,3 years,RENT,48900,Not Verified,debt_consolidation,10.75,0,708,83.4,Fully Paid
18300,60 months,6.37,356.95,A,5 years,RENT,33100,Source Verified,debt_consolidation,7.9,1,740,34.5,Fully Paid
17900,36 months,16.19,630.99,D,10+ years,MORTGAGE,104900,Not Verified,debt_consolidation,10.15,1,682,48.2,Fully Paid
5300,36 months,15.56,185.18,C,4 years,RENT,57900,Not Verified,debt_consolidation,18.79,1,689,70.8,Fully Paid
29800,36 months,12.15,991.92,C,4 years,OWN,17900,Not Verified,home_improvement,22.14,0,707,29.2,Fully Paid
9100,36 months,12.66,305.13,C,10+ years,RENT,32800,Verified,medical,5.9,0,692,63.2,Charged Off
13000,36 months,15.31,452.63,D,2 years,RENT,179500,Source Verified,major_purchase,17.29,2,702,36.3,Charged Off
9200,36 months,16.83,327.23,D,4 years,MORTGAGE,73200,Source Verified,debt_consolidation,28.66,0,682,21.4,Fully Paid
9800,60 months,13.36,224.79,C,< 1 year,MORTGAGE,29100,Source Verified,debt_consolidation,20.46,0,711,78.3,Fully Paid
16500,36 months,14.04,564.25,D,< 1 year,RENT,36700,Not Verified,home_improvement,14.73,0,696,56.8,Charged Off
5200,36 months,14.46,178.89,D,10+ years,RENT,95500,Verified,small_business,28.41,0,685,31.4,Fully Paid
16800,36 months,9.87,541.06,B,10+ years,RENT,72200,Source Verified,debt_consolidation,24.1,0,720,60.5,Fully Paid
15300,36 months,9.48,489.96,B,3 years,RENT,62600,Source Verified,debt_consolidation,16.92,1,719,56.1,Charged Off
13500,36 months,13.93,460.94,C,3 years,RENT,63400,Verified,credit_card,10.43,0,688,25.7,Fully Paid
17000,36 months,6.06,517.64,A,10+ years,RENT,30000,Not Verified,credit_card,9.26,0,761,66.0,Fully Paid
31200,36 months,16.39,1102.92,D,3 years,RENT,20600,Verified,debt_consolidation,22.6,0,692,76.4,Fully Paid
9200,60 months,6.21,178.76,A,10+ years,MORTGAGE,68800,Source Verified,debt_consolidation,22.28,2,740,75.4,Charged Off
5200,36 months,16.83,184.95,C,7 years,MORTGAGE,267000,Not Verified,debt_consolidation,17.78,0,711,64.5,Fully Paid
8300,36 months,12.88,279.18,C,10+ years,MORTGAGE,93700,Not Verified,debt_consolidation,12.88,0,696,81.2,Fully Paid
6900,36 months,22.09,263.84,E,6 years,RENT,92600,Not Verified,small_business,9.95,0,654,45.8,Fully Paid
4400,36 months,12.61,147.43,C,10+ years,MORTGAGE,59300,Not Verified,debt_consolidation,14.15,0,687,49.8,Fully Paid
22900,36 months,11.34,753.41,B,4 years,RENT,173100,Source Verified,credit_card,8.85,0,690,54.5,Fully Paid
9000,36 months,13.56,305.68,C,8 years,OWN,46500,Source Verified,home_improvement,27.3,0,677,82.7,Fully Paid
4800,36 months,13.33,162.49,C,3 years,MORTGAGE,137000,Verified,credit_card,15.08,0,700,48.3,Fully Paid
19400,36 months,20.99,730.8,F,5 years,RENT,137200,Not Verified,credit_card,12.55,0,662,38.4,Fully Paid
11000,36 months,12.51,368.04,B,< 1 year,OWN,84300,Not Verified,credit_card,13.11,0,709,15.6,Fully Paid
14300,36 months,9.81,460.15,B,2 years,MORTGAGE,33700,Source Verified,car,30.46,0,707,5.3,Fully Paid
10800,36 months,16.58,382.8,D,1 year,MORTGAGE,66600,Verified,debt_consolidation,21.24,0,682,16.9,Fully Paid
13500,36 months,18.64,492.4,D,10+ years,MORTGAGE,51400,Not Verified,credit_card,13.39,0,669,52.1,Fully Paid
6000,36 months,12.14,199.69,C,5 years,MORTGAGE,24400,Not Verified,credit_card,10.54,0,689,83.8,Fully Paid
24900,36 months,17.29,891.35,D,3 years,RENT,167900,Verified,debt_consolidation,27.59,0,682,71.4,Charged Off
31600,60 months,11.03,687.53,B,10+ years,RENT,75000,Verified,debt_consolidation,9.86,1,705,43.1,Fully Paid
8700,36 months,14.28,298.53,D,10+ years,MORTGAGE,51400,Verified,medical,15.66,1,669,51.9,Fully Paid
12300,60 months,18.31,314.42,D,3 years,RENT,91200,Verified,credit_card,15.64,0,690,47.7,Fully Paid
5200,36 months,10.5,169.01,B,10+ years,RENT,86400,Not Verified,home_improvement,7.9,1,713,58.8,Fully Paid
4700,36 months,16.21,165.73,D,6 years,MORTGAGE,94800,Source Verified,credit_card,14.25,2,698,26.8,Fully Paid
25200,36 months,7.25,780.99,A,5 years,RENT,136600,Verified,debt_consolidation,39.49,0,740,68.5,Fully Paid
8200,36 months,9.66,263.28,B,3 years,MORTGAGE,63100,Not Verified,credit_card,14.65,1,701,20.0,Fully Paid
13800,36 months,6.26,421.45,A,3 years,MORTGAGE,105600,Not Verified,debt_consolidation,8.83,0,727,21.8,Fully Paid
18500,36 months,13.0,623.34,B,3 years,MORTGAGE,220200,Source Verified,other,16.03,0,726,,Fully Paid
11300,60 months,8.13,229.83,A,10+ years,MORTGAGE,52400,Source Verified,debt_consolidation,7.62,0,762,22.4,Fully Paid
5100,36 months,13.15,172.21,C,2 years,MORTGAGE,25700,Source Verified,debt_consolidation,9.61,0,730,77.1,Charged Off
4600,60 months,9.96,97.65,B,3 years,MORTGAGE,71900,Verified,credit_card,22.08,0,721,63.3,Fully Paid
16300,36 months,8.08,511.38,A,1 year,RENT,63600,Source Verified,home_improvement,10.67,0,744,58.6,Fully Paid
7300,36 months,9.88,235.14,B,3 years,MORTGAGE,40700,Not Verified,medical,10.1,0,724,37.4,Fully Paid
15400,36 months,10.21,498.43,B,10+ years,RENT,67300,Source Verified,other,12.97,0,724,79.3,Fully Paid
17900,36 months,14.48,615.96,C,5 years,MORTGAGE,118400,Source Verified,small_business,11.82,1,700,77.2,Fully Paid
10200,36 months,14.02,348.71,C,7 years,OWN,39900,Not Verified,debt_consolidation,14.43,0,701,32.6,Fully Paid
30400,36 months,11.45,1001.75,C,5 years,RENT,108100,Verified,debt_consolidation,5.35,0,684,31.8,Fully Paid
17800,60 months,10.95,386.57,B,10+ years,MORTGAGE,36300,Not Verified,credit_card,9.6,0,704,16.4,Fully Paid
9900,36 months,16.88,352.37,D,10+ years,MORTGAGE,76900,Verified,debt_consolidation,32.44,0,699,65.6,Fully Paid
26200,36 months,10.55,852.18,B,8 years,RENT,42100,Source Verified,credit_card,12.05,0,730,47.5,Fully Paid
16700,36 months,13.95,570.36,C,5 years,OWN,74200,Source Verified,debt_consolidation,20.13,0,694,59.2,Fully Paid
40000,36 months,10.25,1295.39,B,1 year,OWN,75600,Not Verified,credit_card,39.42,0,710,45.3,Fully Paid
11300,36 months,14.77,390.45,D,10+ years,MORTGAGE,44300,Source Verified,credit_card,17.17,0,673,28.6,Fully Paid
22100,60 months,24.47,641.82,F,7 years,MORTGAGE,128800,Source Verified,home_improvement,6.37,1,619,53.5,Fully Paid
19900,36 months,13.38,674.16,C,10+ years,RENT,57000,Not Verified,credit_card,8.96,2,693,33.2,Fully Paid
7800,36 months,5.83,236.69,A,8 years,MORTGAGE,50200,Verified,debt_consolidation,14.65,0,768,38.3,Fully Paid
7300,36 months,11.34,240.17,B,6 years,MORTGAGE,277300,Verified,debt_consolidation,22.76,1,711,46.4,Fully Paid
15900,36 months,5.71,481.62,A,3 years,MORTGAGE,123900,Not Verified,credit_card,19.08,2,752,55.4,Fully Paid
16900,60 months,12.64,381.42,C,5 years,MORTGAGE,39100,Not Verified,debt_consolidation,12.49,0,703,27.5,Fully Paid
3400,60 months,14.44,79.89,C,2 years,RENT,12000,Source Verified,small_business,16.55,0,698,24.6,Fully Paid
27700,60 months,12.95,629.55,C,5 years,MORTGAGE,221500,Not Verified,debt_consolidation,16.74,0,696,63.4,Fully Paid
6800,36 months,13.4,230.43,C,9 years,MORTGAGE,228000,Verified,credit_card,16.53,1,710,72.9,Fully Paid
7700,36 months,11.25,253.0,B,10+ years,MORTGAGE,206500,Source Verified,debt_consolidation,4.11,0,713,10.6,Fully Paid
11100,36 months,15.65,388.33,D,10+ years,RENT,96900,Not Verified,small_business,19.43,1,686,66.3,Fully Paid
8300,36 months,9.87,267.31,B,< 1 year,RENT,43500,Verified,medical,10.25,0,699,78.8,Fully Paid
11400,60 months,15.49,274.15,D,,RENT,77000,Verified,debt_consolidation,6.52,0,695,38.3,Fully Paid
7500,60 months,16.3,183.58,D,8 years,RENT,59100,Source Verified,debt_consolidation,6.61,0,694,88.6,Charged Off
6100,36 months,13.92,208.25,C,10+ years,RENT,46800,Verified,debt_consolidation,19.91,0,696,84.0,Charged Off
7600,36 months,10.76,247.95,B,< 1 year,MORTGAGE,152100,Not Verified,medical,23.27,0,693,35.5,Fully Paid
8000,60 months,19.16,208.23,D,10+ years,OWN,216200,Not Verified,debt_consolidation,11.28,0,695,12.7,Fully Paid
11800,36 months,9.13,375.95,B,5 years,MORTGAGE,91000,Source Verified,debt_consolidation,14.78,0,713,55.2,Fully Paid
19900,60 months,16.16,485.62,D,10+ years,MORTGAGE,48200,Verified,credit_card,13.66,1,688,21.0,Fully Paid
14900,36 months,20.17,555.03,E,2 years,RENT,50200,Verified,debt_consolidation,12.85,0,676,21.5,Fully Paid
8700,36 months,11.08,285.16,B,6 years,RENT,56000,Verified,debt_consolidation,4.15,1,709,70.0,Fully Paid
11800,36 months,22.09,451.2,F,10+ years,RENT,52400,Source Verified,credit_card,5.44,0,642,63.6,Fully Paid
9900,60 months,17.89,250.8,D,10+ years,MORTGAGE,144900,Source Verified,debt_consolidation,5.98,0,698,69.7,Fully Paid
11400,36 months,13.37,386.15,C,10+ years,MORTGAGE,27500,Source Verified,credit_card,16.32,1,699,79.0,Fully Paid
14900,36 months,13.5,505.64,C,10+ years,MORTGAGE,89600,Source Verified,debt_consolidation,18.76,0,713,21.2,Fully Paid
4400,36 months,28.29,182.69,G,10+ years,OTHER,109400,Verified,debt_consolidation,10.96,0,676,85.0,Charged Off
28000,60 months,9.57,589.01,B,7 years,MORTGAGE,43600,Verified,debt_consolidation,15.22,0,717,50.8,Fully Paid
6300,36 months,10.68,205.3,B,8 years,RENT,94300,Verified,credit_card,12.43,0,698,50.1,Fully Paid
6800,36 months,13.95,232.24,C,10+ years,MORTGAGE,182700,Source Verified,small_business,28.03,0,698,76.2,Charged Off
8300,36 months,17.92,299.73,D,,RENT,69200,Verified,debt_consolidation,11.85,0,703,34.5,Fully Paid
7800,36 months,12.67,261.57,B,2 years,MORTGAGE,76000,Not Verified,credit_card,8.25,1,696,81.6,Fully Paid
11900,36 months,10.05,384.26,B,10+ years,RENT,58500,Not Verified,credit_card,10.07,1,695,65.8,Fully Paid
11600,36 months,7.06,358.49,A,10+ years,RENT,79100,Not Verified,debt_consolidation,16.91,0,750,62.2,Fully Paid
6500,60 months,15.25,155.49,D,2 years,RENT,82100,Not Verified,debt_consolidation,15.85,1,694,61.9,Charged Off
9500,36 months,10.95,310.79,B,,OWN,41300,Source Verified,debt_consolidation,10.74,0,725,63.7,Fully Paid
14400,36 months,14.66,496.79,C,8 years,MORTGAGE,99200,Source Verified,credit_card,20.25,1,706,71.4,Fully Paid
6500,60 months,11.67,143.51,B,3 years,OWN,45500,Source Verified,debt_consolidation,13.13,1,732,19.6,Fully Paid
4700,60 months,20.4,125.57,E,5 years,RENT,121900,Verified,debt_consolidation,12.15,0,677,49.1,Charged Off
21400,60 months,12.14,477.55,C,3 years,OWN,117100,Not Verified,debt_consolidation,13.19,0,708,26.4,Fully Paid
10900,36 months,15.63,381.22,D,10+ years,MORTGAGE,23200,Not Verified,debt_consolidation,21.17,0,675,34.9,Fully Paid
23200,36 months,9.37,741.76,B,2 years,MORTGAGE,50600,Verified,debt_consolidation,11.33,1,725,73.8,Fully Paid
4700,36 months,6.71,144.5,A,5 years,MORTGAGE,59600,Not Verified,credit_card,18.09,0,758,42.8,Fully Paid
10400,36 months,15.76,364.4,D,,RENT,91500,Verified,debt_consolidation,25.95,0,688,72.9,Fully Paid
6500,36 months,7.89,203.36,A,10+ years,MORTGAGE,62800,Verified,debt_consolidation,11.54,0,775,67.6,Fully Paid
14100,36 months,13.68,479.72,C,6 years,RENT,60100,Source Verified,major_purchase,34.55,0,687,87.0,Charged Off
22300,36 months,19.63,824.55,E,10+ years,RENT,36800,Source Verified,credit_card,7.38,0,687,47.2,Fully Paid
13700,36 months,11.13,449.36,C,4 years,MORTGAGE,74700,Source Verified,credit_card,15.58,1,682,51.0,Fully Paid
13400,36 months,12.6,448.92,C,3 years,RENT,104800,Source Verified,debt_consolidation,14.24,1,706,76.8,Fully Paid
12200,36 months,9.39,390.17,B,10+ years,RENT,126500,Not Verified,other,19.89,0,723,38.9,Charged Off
9700,36 months,12.26,323.38,B,5 years,MORTGAGE,35900,Verified,debt_consolidation,14.97,0,712,28.5,Fully Paid
3600,60 months,12.51,81.01,C,2 years,OTHER,124600,Source Verified,debt_consolidation,12.92,1,717,40.6,Fully Paid
14400,36 months,9.39,460.53,B,5 years,RENT,117400,Not Verified,debt_consolidation,22.4,0,708,28.5,Fully Paid
14100,36 months,12.08,468.86,B,2 years,RENT,117200,Verified,debt_consolidation,19.65,0,713,64.2,Fully Paid
6300,36 months,12.83,211.76,C,4 years,OWN,43300,Not Verified,home_improvement,9.96,0,685,37.5,Fully Paid
12300,36 months,13.66,418.36,C,2 years,MORTGAGE,64000,Verified,debt_consolidation,23.33,0,723,57.4,Fully Paid
19800,60 months,5.47,377.93,A,10+ years,MORTGAGE,148200,Source Verified,car,20.84,0,747,6.3,Fully Paid
6700,36 months,6.96,206.75,A,2 years,MORTGAGE,21100,Verified,credit_card,11.88,0,746,44.4,Fully Paid
30100,36 months,6.79,926.51,A,10+ years,MORTGAGE,56500,Source Verified,debt_consolidation,9.58,0,715,49.1,Fully Paid
8300,36 months,17.4,297.57,D,3 years,RENT,33900,Source Verified,debt_consolidation,5.07,0,694,53.8,Fully Paid
10600,60 months,13.42,243.47,C,3 years,RENT,63200,Verified,debt_consolidation,30.99,0,702,26.5,Fully Paid
34100,36 months,11.69,1127.57,C,1 year,RENT,90800,Not Verified,debt_consolidation,12.99,0,699,45.9,Fully Paid
12600,60 months,15.73,304.6,D,3 years,MORTGAGE,38100,Source Verified,car,17.26,1,683,54.1,Fully Paid
20800,36 months,6.96,641.86,A,8 years,MORTGAGE,64400,Verified,debt_consolidation,17.11,1,746,38.6,Fully Paid
22500,60 months,11.76,497.78,B,3 years,MORTGAGE,86000,Not Verified,debt_consolidation,21.26,0,731,24.6,Charged Off
25900,36 months,11.79,857.66,B,1 year,MORTGAGE,47500,Verified,other,9.83,0,742,30.9,Charged Off
4000,36 months,11.2,131.33,C,4 years,RENT,110100,Source Verified,small_business,21.25,0,697,52.9,Fully Paid
7300,60 months,26.88,222.38,G,5 years,OTHER,79100,Source Verified,credit_card,8.43,2,651,82.2,Charged Off
13800,36 months,10.33,447.43,B,10+ years,RENT,90500,Source Verified,debt_consolidation,12.87,0,717,72.7,Fully Paid
20700,36 months,14.9,716.56,C,5 years,MORTGAGE,49100,Source Verified,debt_consolidation,13.21,1,709,95.0,Charged Off
18600,60 months,18.54,477.8,E,6 years,MORTGAGE,112500,Source Verified,home_improvement,12.34,0,658,39.3,Charged Off
2500,36 months,8.88,79.36,A,< 1 year,MORTGAGE,71200,Not Verified,credit_card,12.0,0,758,81.0,Fully Paid
10800,60 months,22.61,302.04,F,6 years,OWN,77800,Source Verified,debt_consolidation,3.87,1,662,49.0,Fully Paid
24600,36 months,16.38,869.49,D,8 years,RENT,61600,Source Verified,credit_card,13.81,1,671,77.1,Fully Paid
21700,60 months,12.83,491.86,B,1 year,RENT,61800,Verified,debt_consolidation,23.39,0,737,77.2,Charged Off
15500,60 months,6.28,301.68,A,10+ years,RENT,33100,Verified,major_purchase,12.69,0,771,38.5,Fully Paid
14900,36 months,9.87,479.87,B,< 1 year,MORTGAGE,137100,Not Verified,debt_consolidation,26.13,0,704,78.2,Fully Paid
37500,36 months,12.63,1256.85,C,10+ years,RENT,44400,Source Verified,other,9.09,1,685,38.1,Fully Paid
8500,60 months,15.51,204.5,E,10+ years,MORTGAGE,39200,Verified,credit_card,12.61,0,689,46.5,Charged Off
19500,36 months,14.62,672.35,C,< 1 year,RENT,156300,Source Verified,debt_consolidation,22.37,0,701,43.6,Fully Paid
4800,36 months,15.33,167.17,D,4 years,MORTGAGE,33300,Not Verified,credit_card,9.5,0,699,44.6,Fully Paid
10600,60 months,10.3,226.79,B,6 years,MORTGAGE,78800,Source Verified,credit_card,13.48,0,706,64.6,Fully Paid
8600,36 months,14.09,294.3,C,10+ years,RENT,29200,Verified,debt_consolidation,19.98,1,708,72.2,Fully Paid
8200,60 months,14.54,193.1,C,3 years,MORTGAGE,109500,Not Verified,debt_consolidation,5.7,0,705,53.0,Fully Paid
19000,36 months,9.8,611.29,B,10+ years,MORTGAGE,109100,Verified,debt_consolidation,8.66,0,738,53.0,Fully Paid
13400,36 months,17.08,478.28,D,1 year,MORTGAGE,62800,Verified,debt_consolidation,9.51,0,690,54.1,Charged Off
8600,36 months,12.22,286.55,B,10+ years,MORTGAGE,85300,Source Verified,debt_consolidation,13.25,1,689,27.7,Fully Paid
12300,36 months,6.96,379.56,A,8 years,OWN,34000,Not Verified,debt_consolidation,8.26,0,732,13.7,Fully Paid
9300,36 months,6.9,286.73,A,10+ years,RENT,63100,Verified,home_improvement,26.79,0,750,67.7,Charged Off
19100,36 months,11.71,631.75,B,10+ years,MORTGAGE,64300,Source Verified,debt_consolidation,15.75,0,689,60.8,Fully Paid
9900,36 months,6.96,305.5,A,10+ years,MORTGAGE,110600,Verified,home_improvement,11.38,0,752,52.6,Fully Paid
5900,36 months,11.58,194.78,B,10+ years,RENT,97400,Verified,debt_consolidation,18.92,0,711,70.8,Fully Paid
15200,36 months,7.99,476.24,A,< 1 year,MORTGAGE,64300,Verified,debt_consolidation,16.36,0,746,35.6,Fully Paid
10800,60 months,13.62,249.17,C,5 years,MORTGAGE,44300,Verified,debt_consolidation,8.23,1,692,61.4,Fully Paid
9000,36 months,7.05,278.1,A,10+ years,MORTGAGE,57700,Source Verified,debt_consolidation,43.77,1,742,81.3,Fully Paid
8100,36 months,6.46,248.11,A,10+ years,MORTGAGE,20800,Source Verified,debt_consolidation,13.72,0,760,84.1,Fully Paid
7900,36 months,13.29,267.29,C,8 years,MORTGAGE,81000,Verified,debt_consolidation,21.51,0,667,79.5,Fully Paid
14500,36 months,11.66,479.26,C,10+ years,RENT,48100,Verified,small_business,8.51,0,687,49.4,Fully Paid
29300,36 months,14.81,1012.97,C,5 years,MORTGAGE,47700,Verified,credit_card,29.73,0,679,62.4,Charged Off
5800,36 months,23.69,226.61,F,1 year,MORTGAGE,63100,Verified,credit_card,5.11,0,670,27.6,Fully Paid
3900,36 months,6.27,119.12,A,10+ years,OWN,155200,Source Verified,debt_consolidation,14.12,0,750,73.3,Fully Paid
13600,36 months,20.62,509.73,E,10+ years,RENT,71400,Not Verified,debt_consolidation,12.1,1,664,82.0,Fully Paid
16700,60 months,6.56,327.22,A,7 years,RENT,167600,Verified,debt_consolidation,18.63,1,731,50.0,Fully Paid
17500,36 months,10.03,564.92,B,5 years,OWN,84000,Not Verified,debt_consolidation,22.55,0,706,53.7,Fully Paid
15900,36 months,9.54,509.62,B,4 years,OWN,89000,Source Verified,debt_consolidation,36.83,1,739,53.1,Charged Off
9700,36 months,11.99,322.13,C,5 years,MORTGAGE,60300,Source Verified,credit_card,16.73,0,696,46.5,Fully Paid
10200,36 months,11.99,338.74,B,10+ years,RENT,83400,Not Verified,credit_card,15.34,0,705,39.2,Fully Paid
21500,36 months,9.4,687.7,B,2 years,MORTGAGE,43800,Verified,debt_consolidation,16.29,0,712,58.9,Fully Paid
7800,60 months,10.59,168.0,B,5 years,RENT,42500,Not Verified,credit_card,13.86,0,711,16.7,Fully Paid
38700,60 months,6.53,757.75,A,10+ years,RENT,30800,Source Verified,debt_consolidation,9.46,0,735,40.0,Fully Paid
6700,36 months,19.92,248.72,E,10+ years,MORTGAGE,87200,Not Verified,debt_consolidation,37.12,0,698,56.6,Fully Paid
21900,36 months,10.13,707.99,B,8 years,MORTGAGE,57900,Source Verified,home_improvement,6.78,2,708,50.8,Fully Paid
40000,36 months,10.37,1297.65,B,4 years,RENT,15400,Verified,debt_consolidation,36.47,0,708,50.4,Fully Paid
8400,60 months,13.45,193.07,C,8 years,OWN,94400,Verified,debt_consolidation,3.87,1,693,67.5,Fully Paid
20100,60 months,14.63,474.28,C,4 years,MORTGAGE,26200,Not Verified,debt_consolidation,7.71,0,695,26.7,Fully Paid
6400,36 months,14.09,219.02,C,10+ years,MORTGAGE,93000,Verified,debt_consolidation,12.72,0,723,48.8,Fully Paid
40000,60 months,11.01,869.9,B,7 years,RENT,65200,Not Verified,debt_consolidation,15.16,0,698,22.0,Fully Paid
17900,36 months,9.49,573.31,B,6 years,RENT,62400,Source Verified,other,13.19,1,685,46.4,Fully Paid
16600,36 months,10.19,537.12,B,6 years,RENT,104000,Verified,debt_consolidation,23.95,0,709,18.2,Fully Paid
8300,60 months,7.23,165.25,A,5 years,MORTGAGE,67900,Not Verified,credit_card,13.31,0,743,64.6,Fully Paid
8600,60 months,11.92,190.95,C,< 1 year,RENT,59400,Verified,debt_consolidation,17.37,0,707,58.5,Fully Paid
13900,36 months,13.24,469.95,C,10+ years,RENT,95900,Source Verified,home_improvement,15.08,0,712,41.4,Fully Paid
15800,36 months,7.86,494.09,A,2 years,OWN,77700,Verified,debt_consolidation,15.41,1,750,26.0,Fully Paid
10000,36 months,13.86,341.1,C,8 years,MORTGAGE,53900,Not Verified,debt_consolidation,20.92,1,693,18.7,Fully Paid
10000,36 months,21.45,379.07,E,10+ years,MORTGAGE,69900,Verified,home_improvement,15.74,1,665,27.0,Charged Off
17000,36 months,6.78,523.2,A,10+ years,RENT,203300,Not Verified,debt_consolidation,7.14,0,743,43.9,Fully Paid
17500,60 months,14.86,415.04,C,< 1 year,RENT,54500,Not Verified,home_improvement,9.2,0,731,55.3,Charged Off
11000,36 months,14.35,377.83,D,8 years,MORTGAGE,161300,Verified,credit_card,29.48,1,699,47.0,Fully Paid
6400,60 months,25.53,189.84,F,10+ years,MORTGAGE,25100,Not Verified,credit_card,11.85,2,646,,Fully Paid
22500,60 months,12.68,508.27,C,10+ years,MORTGAGE,35300,Source Verified,debt_consolidation,11.24,1,704,49.7,Fully Paid
17100,36 months,7.44,531.45,A,6 years,MORTGAGE,68100,Verified,debt_consolidation,10.95,2,727,32.8,Fully Paid
9500,36 months,6.48,291.08,A,10+ years,MORTGAGE,99800,Not Verified,debt_consolidation,13.38,0,727,26.1,Fully Paid
7900,36 months,6.57,242.38,A,7 years,MORTGAGE,73100,Not Verified,credit_card,17.89,1,740,72.7,Fully Paid
4400,36 months,7.05,135.96,A,2 years,MORTGAGE,59800,Source Verified,medical,17.41,0,731,55.7,Fully Paid
2800,36 months,16.38,98.97,D,2 years,MORTGAGE,39000,Not Verified,debt_consolidation,16.15,0,675,63.6,Fully Paid
17000,36 months,9.12,541.55,B,10+ years,RENT,68800,Not Verified,other,18.43,1,727,30.5,Fully Paid
4000,36 months,15.07,138.8,D,10+ years,RENT,132000,Not Verified,debt_consolidation,22.67,1,676,41.5,Fully Paid
8800,60 months,14.62,207.6,C,1 year,OWN,74200,Source Verified,debt_consolidation,8.6,0,703,52.5,Charged Off
10900,36 months,10.33,353.4,B,3 years,RENT,53200,Source Verified,debt_consolidation,16.71,0,709,42.3,Fully Paid
5800,36 months,18.2,210.27,D,8 years,MORTGAGE,36100,Not Verified,debt_consolidation,11.84,0,688,59.9,Fully Paid
8000,60 months,15.09,190.7,D,< 1 year,RENT,65000,Not Verified,credit_card,39.39,0,704,59.7,Fully Paid
6400,36 months,14.02,218.8,C,10+ years,MORTGAGE,53300,Not Verified,debt_consolidation,10.19,0,705,65.0,Fully Paid
9800,36 months,10.42,318.15,B,10+ years,RENT,102600,Not Verified,debt_consolidation,2.95,0,721,24.4,Fully Paid
8500,36 months,16.55,301.15,D,1 year,RENT,87500,Not Verified,major_purchase,21.34,0,686,63.4,Fully Paid
32500,36 months,10.24,1052.35,B,3 years,RENT,56300,Not Verified,credit_card,20.58,1,737,79.1,Fully Paid
23000,36 months,24.11,903.68,F,10+ years,MORTGAGE,171000,Not Verified,debt_consolidation,24.37,0,659,46.0,Charged Off
3200,60 months,10.69,69.08,B,10+ years,RENT,84100,Verified,debt_consolidation,8.81,1,703,55.2,Fully Paid
7300,36 months,5.15,219.28,A,7 years,RENT,49600,Not Verified,small_business,9.88,0,762,45.9,Fully Paid
12300,36 months,16.09,432.98,D,10+ years,MORTGAGE,53800,Verified,debt_consolidation,15.11,3,672,27.8,Charged Off
9500,36 months,12.14,316.17,C,3 years,MORTGAGE,53900,Source Verified,debt_consolidation,22.67,2,710,52.4,Fully Paid
17900,60 months,9.96,379.97,B,10+ years,RENT,160000,Verified,credit_card,8.6,1,727,61.8,Fully Paid
14800,36 months,10.86,483.55,B,10+ years,RENT,159300,Source Verified,other,28.92,0,717,77.7,Fully Paid
21600,36 months,11.07,707.87,B,7 years,RENT,128000,Not Verified,debt_consolidation,14.55,0,715,30.6,Charged Off
9300,36 months,18.37,337.95,D,2 years,RENT,147800,Source Verified,other,4.15,1,694,17.1,Fully Paid
7000,36 months,12.76,235.05,B,,OWN,87700,Verified,medical,23.05,0,735,54.6,Fully Paid
15700,60 months,11.19,342.85,B,3 years,MORTGAGE,24300,Verified,credit_card,20.99,0,728,58.4,Fully Paid
9700,60 months,15.13,231.42,D,10+ years,RENT,42500,Source Verified,credit_card,13.93,1,682,63.1,Fully Paid
22000,36 months,17.1,785.46,D,10+ years,RENT,77100,Source Verified,major_purchase,17.91,0,704,89.2,Charged Off
18700,36 months,10.38,606.74,B,3 years,MORTGAGE,65400,Verified,home_improvement,8.96,2,718,55.4,Fully Paid
14500,36 months,9.58,465.02,B,10+ years,MORTGAGE,87600,Not Verified,debt_consolidation,20.17,1,718,44.3,Fully Paid
8000,36 months,10.17,258.78,B,5 years,MORTGAGE,87000,Source Verified,credit_card,8.67,1,722,34.7,Fully Paid
30800,60 months,15.51,741.0,D,1 year,RENT,35400,Verified,debt_consolidation,16.0,0,693,5.6,Fully Paid
6200,36 months,13.41,210.13,C,10+ years,MORTGAGE,102200,Not Verified,other,12.84,0,677,51.8,Fully Paid
18600,36 months,10.25,602.36,B,< 1 year,MORTGAGE,74000,Source Verified,debt_consolidation,12.48,0,707,44.5,Fully Paid
19800,36 months,14.3,679.61,D,10+ years,RENT,24800,Verified,major_purchase,4.26,0,668,62.0,Fully Paid
15200,60 months,12.08,338.73,B,10+ years,OWN,96500,Verified,debt_consolidation,18.48,1,708,47.6,Fully Paid
9000,36 months,11.27,295.8,C,10+ years,MORTGAGE,162700,Verified,debt_consolidation,6.71,0,709,58.3,Fully Paid
40000,36 months,15.79,1402.14,C,1 year,OWN,128100,Source Verified,credit_card,5.18,0,698,79.1,Fully Paid
6900,60 months,22.36,191.99,E,10+ years,MORTGAGE,38200,Verified,debt_consolidation,17.7,0,667,45.0,Fully Paid
10800,36 months,19.88,400.71,D,10+ years,RENT,97500,Verified,credit_card,12.58,0,689,23.1,Fully Paid
14100,60 months,15.85,341.76,D,6 years,MORTGAGE,39500,Verified,major_purchase,14.05,0,699,57.5,Fully Paid
4700,60 months,10.41,100.81,B,5 years,MORTGAGE,87500,Source Verified,debt_consolidation,13.69,1,700,65.8,Fully Paid
11100,36 months,10.69,361.77,B,10+ years,RENT,30400,Not Verified,debt_consolidation,20.82,0,719,38.2,Fully Paid
40000,60 months,6.48,782.27,A,10+ years,RENT,66500,Verified,debt_consolidation,10.47,0,749,64.1,Fully Paid
24900,36 months,11.87,825.49,B,2 years,MORTGAGE,28600,Not Verified,debt_consolidation,15.69,1,719,57.6,Fully Paid
21500,36 months,10.19,695.66,B,10+ years,MORTGAGE,59000,Not Verified,debt_consolidation,22.94,2,699,17.0,Fully Paid
28700,60 months,7.95,581.25,A,10+ years,OWN,100700,Not Verified,credit_card,19.15,0,759,54.3,Fully Paid
19800,60 months,15.42,475.42,D,7 years,RENT,40700,Source Verified,debt_consolidation,41.92,0,684,87.6,Charged Off
5700,36 months,9.68,183.07,B,10+ years,RENT,42000,Not Verified,debt_consolidation,21.04,0,732,35.5,Fully Paid
14000,36 months,5.97,425.72,A,10+ years,RENT,69800,Verified,debt_consolidation,18.04,0,751,18.9,Fully Paid
14800,60 months,10.17,315.7,B,2 years,RENT,51800,Source Verified,debt_consolidation,26.62,1,720,71.1,Fully Paid
5200,36 months,16.56,184.26,D,4 years,OWN,115000,Source Verified,debt_consolidation,10.68,0,677,30.7,Charged Off
34500,36 months,25.68,1384.15,F,8 years,OWN,157500,Source Verified,debt_consolidation,15.39,0,671,59.8,Fully Paid
14400,36 months,17.02,513.54,D,5 years,MORTGAGE,167700,Source Verified,credit_card,14.54,0,698,13.1,Fully Paid
17300,36 months,10.27,560.42,B,10+ years,OWN,87400,Verified,debt_consolidation,22.79,0,711,83.0,Fully Paid
15000,36 months,13.99,512.59,C,1 year,RENT,38300,Not Verified,debt_consolidation,37.79,0,686,49.6,Charged Off
8200,60 months,17.2,204.67,D,5 years,MORTGAGE,107200,Verified,credit_card,22.83,0,668,38.3,Fully Paid
12100,36 months,13.63,411.38,C,10+ years,MORTGAGE,53500,Source Verified,major_purchase,17.32,0,702,34.8,Fully Paid
40000,36 months,17.22,1430.49,D,4 years,RENT,52000,Not Verified,medical,21.86,0,677,65.8,Fully Paid
5900,36 months,14.44,202.91,C,5 years,RENT,22300,Source Verified,debt_consolidation,29.03,1,704,8.6,Fully Paid
12200,36 months,13.3,412.83,C,10+ years,MORTGAGE,57800,Verified,debt_consolidation,11.5,1,697,17.7,Fully Paid
18800,36 months,10.78,613.53,B,< 1 year,MORTGAGE,79000,Not Verified,debt_consolidation,33.03,1,704,71.4,Charged Off
13500,36 months,12.95,454.54,C,5 years,RENT,121900,Not Verified,debt_consolidation,25.32,0,701,57.9,Fully Paid
6500,60 months,7.29,129.6,A,7 years,RENT,49900,Source Verified,credit_card,21.7,1,750,72.1,Fully Paid
16300,36 months,13.98,556.94,C,< 1 year,OWN,34400,Verified,home_improvement,8.21,0,718,71.4,Fully Paid
8900,36 months,17.32,318.73,D,10+ years,RENT,47400,Verified,credit_card,16.25,0,710,31.8,Fully Paid
10700,36 months,17.38,383.51,D,9 years,MORTGAGE,50200,Verified,debt_consolidation,13.06,1,690,46.3,Fully Paid
24400,36 months,21.44,924.79,E,< 1 year,RENT,55900,Source Verified,debt_consolidation,9.82,0,673,30.0,Fully Paid
6000,36 months,13.18,202.68,C,5 years,MORTGAGE,14300,Source Verified,credit_card,12.26,1,682,10.2,Fully Paid
17200,36 months,9.93,554.43,B,10+ years,MORTGAGE,59100,Source Verified,debt_consolidation,29.11,1,721,34.1,Fully Paid
20700,36 months,15.17,719.3,C,10+ years,RENT,55300,Verified,debt_consolidation,25.64,0,719,19.5,Fully Paid
28300,36 months,11.25,929.86,B,10+ years,RENT,99800,Source Verified,debt_consolidation,23.6,0,707,60.6,Fully Paid
24000,36 months,19.57,886.68,E,10+ years,RENT,127300,Not Verified,credit_card,4.51,1,675,26.9,Fully Paid
9500,36 months,10.95,310.79,B,10+ years,MORTGAGE,58400,Not Verified,debt_consolidation,16.92,0,716,57.1,Fully Paid
4700,36 months,15.58,164.27,D,3 years,RENT,94800,Not Verified,debt_consolidation,7.92,0,678,60.3,Charged Off
13100,60 months,7.36,261.63,A,5 years,RENT,84100,Verified,debt_consolidation,13.39,1,728,48.6,Charged Off
6400,60 months,9.9,135.67,B,2 years,RENT,70500,Verified,debt_consolidation,21.21,0,741,40.8,Fully Paid
8000,36 months,9.65,256.82,B,6 years,RENT,54600,Verified,credit_card,13.05,0,703,40.9,Charged Off
6700,36 months,8.9,212.75,B,3 years,RENT,35700,Source Verified,debt_consolidation,10.98,1,711,44.0,Fully Paid
25000,60 months,21.75,686.92,E,10+ years,OTHER,48800,Source Verified,home_improvement,18.91,2,680,40.8,Charged Off
13600,36 months,18.0,491.67,D,6 years,MORTGAGE,67000,Verified,debt_consolidation,17.66,0,682,50.9,Fully Paid
10100,36 months,18.11,365.7,E,10+ years,RENT,42600,Verified,debt_consolidation,43.42,0,661,69.1,Fully Paid
26100,36 months,10.58,849.3,B,10+ years,RENT,45000,Verified,major_purchase,17.03,0,713,10.5,Fully Paid
9600,36 months,17.23,343.37,D,10+ years,RENT,28900,Source Verified,medical,28.63,1,678,68.7,Fully Paid
6300,36 months,11.28,207.09,B,10+ years,RENT,85600,Not Verified,credit_card,8.45,0,705,38.8,Fully Paid
25500,36 months,8.97,810.54,B,8 years,RENT,104400,Verified,credit_card,8.9,2,737,64.6,Fully Paid
8700,36 months,11.54,287.06,B,10+ years,MORTGAGE,92600,Not Verified,debt_consolidation,9.94,0,720,52.2,Fully Paid
17500,36 months,17.37,627.15,D,10+ years,MORTGAGE,28300,Not Verified,debt_consolidation,16.32,0,673,62.6,Charged Off
9600,36 months,13.42,325.41,C,4 years,OWN,100200,Verified,credit_card,39.31,0,698,50.4,Fully Paid
14500,36 months,17.93,523.7,D,7 years,RENT,81200,Verified,debt_consolidation,24.86,0,667,68.9,Charged Off
14800,36 months,7.92,463.23,B,1 year,RENT,162500,Not Verified,credit_card,20.33,0,720,74.6,Fully Paid
6800,60 months,17.04,169.14,D,7 years,MORTGAGE,42000,Verified,debt_consolidation,18.25,0,678,27.0,Charged Off
1900,60 months,14.56,44.76,D,1 year,MORTGAGE,59100,Not Verified,debt_consolidation,12.68,1,681,67.4,Fully Paid
8000,36 months,7.37,248.37,A,3 years,MORTGAGE,64600,Verified,debt_consolidation,21.54,0,734,34.5,Fully Paid
5100,36 months,9.96,164.47,B,,RENT,72400,Verified,debt_consolidation,27.72,0,724,22.9,Fully Paid
8400,60 months,7.75,169.32,A,10+ years,MORTGAGE,125400,Verified,debt_consolidation,20.97,0,723,18.9,Fully Paid
16900,36 months,17.93,610.38,D,3 years,MORTGAGE,56500,Verified,debt_consolidation,21.09,0,707,26.2,Fully Paid
21000,36 months,7.65,654.68,A,6 years,MORTGAGE,111600,Not Verified,debt_consolidation,23.5,0,757,60.9,Fully Paid
5900,36 months,15.87,207.05,D,10+ years,RENT,47300,Not Verified,major_purchase,33.73,0,685,56.2,Fully Paid
11700,60 months,10.97,254.21,B,5 years,RENT,61600,Verified,credit_card,27.69,0,711,57.6,Fully Paid
10800,60 months,17.27,269.98,D,2 years,MORTGAGE,29100,Verified,small_business,21.74,0,662,34.9,Fully Paid
5900,36 months,19.33,217.26,E,1 year,RENT,124600,Source Verified,credit_card,8.77,0,669,39.1,Fully Paid
31800,36 months,17.79,1146.3,D,4 years,MORTGAGE,68000,Source Verified,major_purchase,16.98,0,652,85.0,Fully Paid
10800,60 months,10.36,231.39,B,1 year,MORTGAGE,147500,Verified,credit_card,12.82,0,721,11.0,Fully Paid
9200,36 months,12.91,309.59,C,2 years,MORTGAGE,79600,Verified,car,21.61,0,691,25.0,Fully Paid
13300,60 months,7.01,263.42,A,2 years,RENT,65100,Not Verified,debt_consolidation,22.46,2,750,31.6,Fully Paid
9000,36 months,10.71,293.41,B,,RENT,51600,Not Verified,debt_consolidation,13.43,0,726,75.1,Fully Paid
32400,36 months,11.31,1065.5,B,4 years,RENT,60100,Verified,credit_card,14.02,1,726,27.1,Fully Paid
10300,60 months,9.66,217.13,B,< 1 year,RENT,75300,Verified,debt_consolidation,17.42,0,717,90.2,Charged Off
12300,36 months,13.6,418.0,C,10+ years,RENT,95200,Source Verified,home_improvement,9.64,0,713,67.7,Fully Paid
19000,60 months,7.05,376.67,A,1 year,MORTGAGE,34100,Not Verified,credit_card,12.96,1,759,86.0,Fully Paid
11200,60 months,13.36,256.9,C,10+ years,MORTGAGE,35300,Not Verified,other,29.24,0,709,49.0,Charged Off
15200,60 months,13.92,353.05,C,4 years,RENT,187400,Not Verified,debt_consolidation,10.97,0,712,21.9,Fully Paid
20800,36 months,6.84,640.72,A,10+ years,MORTGAGE,21900,Verified,debt_consolidation,14.48,0,757,,Fully Paid
14100,36 months,11.98,468.19,B,10+ years,MORTGAGE,34200,Verified,debt_consolidation,21.09,0,737,22.0,Fully Paid
25200,60 months,7.85,509.16,B,10+ years,MORTGAGE,75300,Source Verified,debt_consolidation,21.59,0,711,36.1,Charged Off
25200,36 months,19.3,927.56,E,10+ years,RENT,107400,Not Verified,debt_consolidation,19.57,0,643,77.4,Charged Off
11200,60 months,13.81,259.5,D,1 year,RENT,48100,Verified,credit_card,7.09,0,689,34.9,Fully Paid
16200,36 months,6.45,496.15,A,,RENT,83600,Verified,debt_consolidation,19.1,1,755,67.7,Fully Paid
12200,36 months,6.87,375.98,A,10+ years,RENT,66100,Source Verified,small_business,9.41,1,737,68.8,Fully Paid
21000,36 months,10.99,687.41,B,7 years,MORTGAGE,30400,Source Verified,debt_consolidation,14.85,1,704,69.8,Fully Paid
12600,60 months,7.35,251.58,A,10+ years,RENT,176100,Source Verified,debt_consolidation,12.8,0,747,56.7,Fully Paid
7800,36 months,15.51,272.34,C,< 1 year,OWN,136000,Not Verified,credit_card,24.0,0,696,51.0,Fully Paid
13000,36 months,11.11,426.28,B,10+ years,MORTGAGE,48100,Verified,debt_consolidation,14.02,1,709,32.9,Charged Off
17100,36 months,8.61,540.68,A,6 years,MORTGAGE,95700,Verified,debt_consolidation,10.35,0,732,34.9,Fully Paid
12200,36 months,14.73,421.31,C,10+ years,RENT,37200,Verified,credit_card,28.34,0,704,35.8,Fully Paid
10300,60 months,20.73,277.09,E,8 years,OWN,21300,Source Verified,debt_consolidation,16.75,0,668,23.1,Fully Paid
10600,36 months,15.75,371.36,D,10+ years,OWN,55000,Verified,debt_consolidation,28.28,0,685,86.5,Charged Off
13500,36 months,13.74,459.7,C,2 years,MORTGAGE,74800,Verified,debt_consolidation,9.16,0,706,33.0,Fully Paid
9200,60 months,10.91,199.62,B,4 years,MORTGAGE,129800,Verified,debt_consolidation,25.41,0,712,26.7,Fully Paid
7100,36 months,16.29,250.63,D,10+ years,OWN,89000,Not Verified,major_purchase,13.85,1,658,33.7,Fully Paid
9200,60 months,8.4,188.31,A,1 year,MORTGAGE,70400,Not Verified,medical,16.07,0,718,54.8,Fully Paid
22000,36 months,13.74,749.13,D,,MORTGAGE,25700,Source Verified,debt_consolidation,21.69,0,694,65.4,Charged Off
26000,36 months,22.24,996.18,E,7 years,MORTGAGE,125600,Verified,credit_card,8.24,1,683,54.8,Charged Off
11900,36 months,19.52,439.34,E,5 years,RENT,72100,Verified,debt_consolidation,11.65,0,668,69.0,Charged Off
12300,36 months,12.66,412.42,C,4 years,MORTGAGE,44200,Verified,debt_consolidation,6.77,0,697,29.9,Fully Paid
7500,60 months,19.49,196.58,E,,MORTGAGE,113700,Verified,debt_consolidation,19.62,1,668,78.8,Charged Off
5900,36 months,11.87,195.6,B,6 years,MORTGAGE,73400,Source Verified,debt_consolidation,19.64,1,681,65.6,Fully Paid
11700,36 months,6.05,356.2,A,10+ years,OTHER,131500,Source Verified,debt_consolidation,13.35,0,744,88.5,Fully Paid
5500,36 months,23.6,214.63,F,3 years,RENT,62700,Source Verified,debt_consolidation,10.93,0,678,41.8,Charged Off
15900,60 months,11.13,346.74,C,8 years,MORTGAGE,33800,Not Verified,home_improvement,6.97,0,687,31.7,Charged Off
9200,60 months,13.14,209.99,B,,MORTGAGE,30900,Source Verified,car,22.62,1,698,39.3,Fully Paid
14600,36 months,9.46,467.41,B,10+ years,RENT,70000,Not Verified,debt_consolidation,10.55,0,732,55.4,Fully Paid
11500,36 months,9.38,367.73,B,10+ years,MORTGAGE,48700,Source Verified,debt_consolidation,18.67,0,733,50.8,Fully Paid
9000,60 months,12.48,202.39,C,10+ years,OWN,32000,Source Verified,debt_consolidation,12.34,0,698,46.4,Charged Off
6600,36 months,13.03,222.48,C,2 years,RENT,44400,Not Verified,debt_consolidation,18.8,0,710,73.2,Fully Paid
19500,60 months,11.63,430.13,C,5 years,MORTGAGE,68900,Not Verified,debt_consolidation,13.57,1,703,55.7,Fully Paid
4700,36 months,12.63,157.53,C,2 years,RENT,62700,Source Verified,debt_consolidation,19.06,2,695,50.4,Fully Paid
35400,36 months,6.94,1092.08,A,5 years,RENT,83300,Verified,major_purchase,19.1,1,756,47.3,Fully Paid
26600,36 months,12.22,886.3,C,3 years,RENT,48400,Verified,debt_consolidation,15.17,0,706,96.6,Charged Off
15100,36 months,12.06,501.97,B,8 years,MORTGAGE,46300,Not Verified,debt_consolidation,17.59,2,715,29.7,Fully Paid
16000,36 months,19.36,589.41,E,10+ years,MORTGAGE,30800,Not Verified,debt_consolidation,37.38,0,682,,Charged Off
17400,36 months,6.67,534.64,A,5 years,MORTGAGE,51300,Not Verified,medical,9.53,3,736,39.3,Fully Paid
17300,36 months,7.72,539.89,A,10+ years,OWN,63800,Verified,home_improvement,9.09,0,751,11.2,Fully Paid
21400,36 months,16.86,761.48,D,10+ years,MORTGAGE,111200,Verified,debt_consolidation,9.86,0,680,66.1,Fully Paid
25500,60 months,7.46,510.48,A,10+ years,RENT,92700,Source Verified,debt_consolidation,7.31,1,736,21.0,Fully Paid
4900,36 months,28.5,204.01,F,10+ years,RENT,52300,Not Verified,credit_card,41.33,0,692,62.6,Fully Paid
12700,36 months,16.03,446.68,D,10+ years,RENT,107500,Source Verified,credit_card,13.4,0,712,49.6,Fully Paid
12100,36 months,6.73,372.12,A,3 years,OWN,39400,Source Verified,debt_consolidation,19.86,0,725,53.1,Fully Paid
17500,36 months,14.28,600.49,C,10+ years,MORTGAGE,33100,Source Verified,debt_consolidation,6.74,0,689,80.2,Fully Paid
11600,36 months,10.15,375.12,B,1 year,MORTGAGE,63400,Not Verified,debt_consolidation,6.99,1,700,67.9,Fully Paid
5700,36 months,7.31,176.81,A,10+ years,MORTGAGE,56200,Source Verified,debt_consolidation,14.09,1,743,45.6,Fully Paid
8700,60 months,16.23,212.63,D,9 years,MORTGAGE,108000,Not Verified,debt_consolidation,9.66,0,686,20.5,Fully Paid
24200,60 months,13.76,560.09,C,10+ years,RENT,59100,Verified,debt_consolidation,14.66,0,694,87.2,Charged Off
4800,36 months,6.72,147.6,A,10+ years,MORTGAGE,104600,Verified,debt_consolidation,19.05,0,724,41.1,Fully Paid
11400,36 months,16.99,406.38,D,,RENT,83000,Not Verified,debt_consolidation,7.97,0,682,34.0,Fully Paid
20900,36 months,19.89,775.55,E,3 years,MORTGAGE,83900,Not Verified,debt_consolidation,13.12,0,667,59.0,Charged Off
35800,36 months,13.85,1220.95,C,3 years,MORTGAGE,58700,Not Verified,debt_consolidation,17.69,1,695,37.2,Fully Paid
9000,36 months,13.8,306.73,C,10+ years,MORTGAGE,36600,Verified,debt_consolidation,6.35,0,691,13.0,Fully Paid
8100,36 months,16.22,285.65,D,8 years,RENT,117700,Not Verified,credit_card,17.38,1,676,58.3,Fully Paid
32700,60 months,11.64,721.46,B,10+ years,RENT,70300,Not Verified,debt_consolidation,29.58,0,717,95.1,Fully Paid
7900,36 months,9.09,251.55,B,10+ years,RENT,46900,Not Verified,major_purchase,28.14,0,707,26.5,Charged Off
10100,36 months,19.53,372.94,E,10+ years,RENT,50300,Verified,debt_consolidation,32.8,0,675,54.2,Fully Paid
12100,36 months,12.87,406.94,C,8 years,OWN,122700,Source Verified,debt_consolidation,20.57,0,701,66.7,Fully Paid
10100,60 months,10.1,215.09,B,4 years,RENT,80500,Not Verified,debt_consolidation,15.73,0,698,69.4,Fully Paid
17300,36 months,10.74,564.25,C,10+ years,MORTGAGE,76400,Not Verified,credit_card,20.02,0,692,73.2,Fully Paid
2800,36 months,7.26,86.79,A,< 1 year,MORTGAGE,78500,Source Verified,debt_consolidation,27.87,0,737,38.3,Fully Paid
6900,36 months,11.8,228.52,C,9 years,RENT,156000,Verified,credit_card,12.71,0,721,65.4,Fully Paid
8100,36 months,7.42,251.66,A,9 years,RENT,133000,Verified,debt_consolidation,14.72,0,761,36.1,Fully Paid
40000,36 months,12.2,1332.4,C,9 years,MORTGAGE,45500,Verified,credit_card,50.0,0,707,26.1,Fully Paid
6100,36 months,11.99,202.58,B,4 years,RENT,52600,Not Verified,debt_consolidation,19.15,1,724,34.2,Fully Paid
7400,36 months,22.55,284.72,E,10+ years,MORTGAGE,97300,Source Verified,credit_card,15.51,0,669,30.2,Fully Paid
20000,36 months,10.87,653.54,B,5 years,MORTGAGE,72900,Source Verified,credit_card,12.2,2,713,29.3,Fully Paid
6400,36 months,22.77,246.98,F,10+ years,MORTGAGE,60800,Not Verified,debt_consolidation,20.78,0,665,48.3,Charged Off
14200,36 months,6.09,432.57,A,10+ years,OWN,39300,Not Verified,other,34.56,0,729,85.1,Charged Off
14400,36 months,11.19,472.73,B,7 years,MORTGAGE,53700,Verified,credit_card,17.79,0,706,52.5,Fully Paid
4400,36 months,17.87,158.78,D,10+ years,OWN,78500,Source Verified,credit_card,16.65,0,684,93.4,Charged Off
16900,36 months,10.25,547.3,B,6 years,MORTGAGE,101200,Verified,debt_consolidation,24.87,0,738,36.9,Fully Paid
18500,36 months,7.77,577.76,A,< 1 year,MORTGAGE,52600,Not Verified,debt_consolidation,15.7,0,737,58.4,Fully Paid
4600,36 months,9.48,147.31,B,10+ years,RENT,186000,Verified,debt_consolidation,18.84,0,729,35.7,Fully Paid
19900,36 months,12.43,665.06,B,10+ years,RENT,89900,Source Verified,debt_consolidation,13.96,0,694,43.2,Fully Paid
8900,36 months,9.29,284.22,B,5 years,RENT,32600,Verified,credit_card,12.35,2,712,34.7,Fully Paid
12500,36 months,13.98,427.1,C,4 years,MORTGAGE,36700,Not Verified,debt_consolidation,22.6,0,707,6.6,Fully Paid
6900,36 months,11.06,226.09,B,< 1 year,MORTGAGE,92900,Not Verified,major_purchase,18.22,0,716,18.7,Fully Paid
21200,36 months,16.29,748.37,D,10+ years,MORTGAGE,93000,Source Verified,credit_card,14.86,0,684,19.8,Fully Paid
26400,36 months,30.0,1120.72,G,5 years,MORTGAGE,63200,Source Verified,debt_consolidation,21.9,0,668,25.3,Fully Paid
8300,36 months,13.44,281.42,C,1 year,RENT,51500,Not Verified,home_improvement,4.53,1,700,20.9,Fully Paid
12800,60 months,16.25,312.97,D,10+ years,RENT,55000,Verified,home_improvement,32.01,0,694,12.9,Charged Off
27100,36 months,17.02,966.46,E,2 years,MORTGAGE,177300,Source Verified,debt_consolidation,10.09,0,671,26.9,Fully Paid
22000,36 months,13.6,747.64,C,8 years,MORTGAGE,109500,Verified,credit_card,19.88,0,688,39.1,Fully Paid
11800,60 months,13.38,270.79,C,10+ years,MORTGAGE,158900,Not Verified,debt_consolidation,14.78,0,697,62.1,Fully Paid
9200,36 months,12.55,307.99,C,1 year,MORTGAGE,34100,Not Verified,major_purchase,10.0,0,696,72.8,Fully Paid
10900,60 months,10.33,233.37,B,5 years,MORTGAGE,56900,Source Verified,debt_consolidation,15.81,0,704,36.0,Fully Paid
10100,36 months,9.42,323.16,B,4 years,MORTGAGE,42100,Source Verified,debt_consolidation,29.48,0,727,86.2,Fully Paid
11900,36 months,7.51,370.22,A,8 years,RENT,112100,Source Verified,credit_card,17.91,1,750,57.8,Fully Paid
9700,36 months,17.59,348.69,D,2 years,RENT,32100,Not Verified,major_purchase,10.78,0,683,68.5,Fully Paid
40000,60 months,19.94,1058.42,E,6 years,MORTGAGE,42900,Not Verified,major_purchase,20.53,0,651,55.8,Charged Off
8200,36 months,6.89,252.78,A,8 years,RENT,38900,Not Verified,debt_consolidation,22.69,0,754,84.7,Fully Paid
26900,36 months,6.9,829.36,A,6 years,MORTGAGE,92000,Verified,debt_consolidation,15.22,2,762,68.9,Fully Paid
6500,36 months,17.97,234.89,E,10+ years,RENT,64600,Not Verified,debt_consolidation,18.27,0,675,33.9,Fully Paid
3700,36 months,10.48,120.22,B,7 years,MORTGAGE,32000,Not Verified,debt_consolidation,21.18,0,709,55.7,Fully Paid
24000,36 months,12.68,804.96,C,< 1 year,MORTGAGE,79100,Verified,debt_consolidation,34.47,0,696,33.5,Fully Paid
4700,36 months,16.92,167.38,D,4 years,RENT,90200,Source Verified,other,9.58,1,683,,Fully Paid
15600,60 months,7.89,315.49,A,,MORTGAGE,97300,Not Verified,debt_consolidation,30.9,1,744,68.4,Fully Paid
5200,36 months,8.09,163.17,A,3 years,RENT,77100,Not Verified,debt_consolidation,20.58,0,755,43.0,Fully Paid
11900,36 months,21.28,450.05,E,< 1 year,MORTGAGE,51400,Verified,debt_consolidation,12.3,1,676,31.4,Fully Paid
40000,36 months,17.69,1439.88,D,5 years,RENT,29200,Verified,credit_card,43.24,0,688,96.1,Fully Paid
28900,36 months,14.19,990.4,C,10+ years,RENT,90700,Not Verified,debt_consolidation,27.84,0,697,48.4,Fully Paid
15300,36 months,18.6,557.75,D,9 years,MORTGAGE,124100,Not Verified,debt_consolidation,18.07,0,697,68.0,Fully Paid
38000,36 months,15.19,1320.82,D,6 years,MORTGAGE,68300,Not Verified,credit_card,10.0,0,687,49.5,Fully Paid
13900,36 months,9.84,447.47,B,9 years,OWN,57300,Verified,credit_card,49.31,1,715,81.6,Charged Off
6900,60 months,16.79,170.7,D,7 years,RENT,88500,Source Verified,debt_consolidation,8.38,0,690,84.7,Fully Paid
25400,36 months,12.04,844.13,B,7 years,OWN,58100,Not Verified,debt_consolidation,9.32,0,722,52.8,Fully Paid
23600,36 months,6.86,727.19,A,10+ years,MORTGAGE,94800,Not Verified,home_improvement,13.05,0,735,53.2,Fully Paid
7200,60 months,14.51,169.44,C,10+ years,MORTGAGE,42700,Verified,medical,7.52,1,716,14.1,Fully Paid
10500,36 months,7.75,327.82,A,10+ years,MORTGAGE,86600,Source Verified,small_business,32.32,0,729,39.2,Charged Off
22400,36 months,6.2,683.48,A,5 years,RENT,44800,Source Verified,debt_consolidation,21.91,0,766,44.6,Fully Paid
8200,36 months,11.31,269.66,B,10+ years,MORTGAGE,46200,Not Verified,debt_consolidation,44.87,0,721,82.0,Fully Paid
8200,60 months,17.31,205.16,D,10+ years,MORTGAGE,160600,Not Verified,debt_consolidation,17.16,1,681,84.4,Fully Paid
10300,36 months,19.02,377.66,E,6 years,RENT,49600,Not Verified,debt_consolidation,47.24,1,663,66.9,Charged Off
11400,36 months,18.03,412.31,E,6 years,OWN,43700,Verified,credit_card,14.85,1,683,78.6,Fully Paid
15800,60 months,10.2,337.26,B,10+ years,MORTGAGE,64300,Verified,debt_consolidation,15.23,1,704,48.2,Fully Paid
14300,60 months,8.64,294.35,B,10+ years,MORTGAGE,73800,Verified,credit_card,12.48,0,749,55.2,Fully Paid
12000,60 months,17.04,298.49,D,1 year,RENT,58800,Verified,credit_card,16.65,0,688,64.7,Fully Paid
13300,60 months,10.2,283.9,B,10+ years,RENT,30600,Verified,debt_consolidation,20.48,0,710,33.0,Fully Paid
5200,36 months,7.58,161.94,A,5 years,RENT,43800,Verified,debt_consolidation,26.07,0,744,46.9,Fully Paid
11600,60 months,19.04,301.17,E,3 years,OWN,80900,Source Verified,small_business,21.01,1,685,35.1,Fully Paid
24800,60 months,10.91,538.1,B,10+ years,OWN,66400,Source Verified,debt_consolidation,18.73,1,698,47.0,Fully Paid
9700,60 months,13.54,223.4,D,10+ years,RENT,64800,Verified,debt_consolidation,22.66,1,674,29.7,Charged Off
4700,60 months,10.58,101.21,B,10+ years,MORTGAGE,56400,Verified,debt_consolidation,7.08,0,726,55.6,Charged Off
11000,60 months,6.31,214.25,A,10+ years,RENT,143800,Not Verified,credit_card,13.27,0,758,66.3,Fully Paid
17100,36 months,8.93,543.22,B,1 year,MORTGAGE,81000,Verified,credit_card,23.44,0,710,38.6,Fully Paid
11400,36 months,13.53,387.03,C,,MORTGAGE,41300,Not Verified,car,25.0,0,720,80.6,Charged Off
15700,60 months,13.53,361.5,C,10+ years,RENT,49900,Source Verified,home_improvement,6.17,0,693,88.1,Fully Paid
8400,36 months,16.33,296.69,D,,RENT,17600,Not Verified,small_business,14.05,0,686,72.7,Charged Off
14800,36 months,14.54,509.72,C,10+ years,RENT,366200,Not Verified,debt_consolidation,23.79,0,684,32.4,Fully Paid
37000,60 months,12.6,834.31,C,10+ years,MORTGAGE,46800,Source Verified,debt_consolidation,12.7,0,696,10.4,Fully Paid
14800,36 months,7.85,462.75,A,10+ years,RENT,80500,Not Verified,debt_consolidation,11.13,0,743,26.5,Fully Paid
7100,36 months,15.55,248.04,D,2 years,MORTGAGE,31800,Source Verified,car,18.88,0,668,39.1,Charged Off
9900,36 months,10.98,324.02,B,3 years,MORTGAGE,24500,Not Verified,debt_consolidation,11.43,0,698,39.4,Fully Paid
13400,60 months,11.09,291.95,B,10+ years,RENT,62500,Verified,credit_card,33.51,2,722,62.3,Fully Paid
13600,36 months,6.58,417.32,A,10+ years,RENT,76200,Not Verified,debt_consolidation,6.67,0,741,38.5,Fully Paid
25000,36 months,10.96,817.99,B,7 years,RENT,57600,Verified,other,33.08,0,722,54.3,Charged Off
13100,60 months,24.68,382.05,G,4 years,RENT,41300,Not Verified,debt_consolidation,20.59,1,644,60.1,Charged Off
8500,60 months,16.93,210.93,D,2 years,MORTGAGE,45600,Verified,credit_card,13.1,0,701,34.0,Fully Paid
17600,36 months,14.2,603.24,C,10+ years,RENT,37800,Source Verified,credit_card,5.93,0,703,40.4,Fully Paid
12400,60 months,19.11,322.41,F,10+ years,RENT,30500,Verified,debt_consolidation,10.62,1,656,41.9,Fully Paid
8400,36 months,5.0,251.76,A,10+ years,MORTGAGE,44900,Source Verified,debt_consolidation,6.04,0,743,63.7,Fully Paid
3400,36 months,19.31,125.16,E,1 year,OWN,69900,Verified,major_purchase,28.63,0,648,69.5,Fully Paid
8100,36 months,6.99,250.07,A,< 1 year,RENT,41000,Verified,debt_consolidation,16.33,0,722,20.4,Fully Paid
12200,36 months,21.46,462.52,E,8 years,RENT,23900,Source Verified,credit_card,5.2,1,669,49.6,Fully Paid
19200,60 months,10.67,414.3,B,10+ years,MORTGAGE,106200,Verified,credit_card,10.8,0,717,61.0,Fully Paid
17900,36 months,8.12,561.91,A,6 years,MORTGAGE,29000,Not Verified,debt_consolidation,18.8,0,737,77.1,Charged Off
23100,36 months,11.03,756.59,B,10+ years,RENT,87200,Not Verified,debt_consolidation,13.59,1,720,81.6,Fully Paid
10100,36 months,9.76,324.76,B,2 years,MORTGAGE,65200,Source Verified,debt_consolidation,15.62,0,726,37.0,Fully Paid
16300,36 months,11.06,534.1,B,10+ years,RENT,94500,Not Verified,debt_consolidation,18.16,0,697,63.3,Fully Paid
20700,36 months,9.41,662.21,B,10+ years,MORTGAGE,97900,Verified,other,5.44,0,709,26.9,Fully Paid
8900,36 months,20.29,332.07,E,4 years,RENT,37300,Verified,small_business,27.62,0,664,33.0,Fully Paid
11100,60 months,5.24,210.69,A,2 years,MORTGAGE,77700,Source Verified,debt_consolidation,16.24,0,744,30.9,Fully Paid
11100,36 months,15.21,385.93,D,< 1 year,RENT,33300,Source Verified,debt_consolidation,17.04,1,680,28.4,Fully Paid
6000,36 months,16.26,211.71,E,10+ years,MORTGAGE,78500,Verified,debt_consolidation,7.77,0,664,64.6,Fully Paid
9900,36 months,14.35,340.04,C,5 years,OWN,88600,Verified,debt_consolidation,15.49,0,696,22.3,Fully Paid
8100,36 months,19.34,298.31,E,2 years,MORTGAGE,190200,Verified,small_business,27.94,0,666,73.1,Fully Paid
33000,36 months,15.33,1149.3,C,10+ years,RENT,61300,Source Verified,debt_consolidation,14.04,0,695,58.5,Fully Paid
37500,36 months,12.78,1259.55,C,1 year,MORTGAGE,15100,Not Verified,debt_consolidation,14.67,0,712,47.7,Fully Paid
8100,36 months,12.06,269.27,B,10+ years,RENT,36400,Verified,debt_consolidation,15.91,0,729,94.1,Charged Off
12500,36 months,8.78,396.22,B,7 years,MORTGAGE,59500,Source Verified,home_improvement,19.98,1,715,28.0,Fully Paid
10700,36 months,10.04,345.46,B,10+ years,RENT,50600,Source Verified,credit_card,22.87,1,709,49.0,Fully Paid
7500,36 months,12.71,251.66,C,10+ years,MORTGAGE,187200,Source Verified,home_improvement,12.9,0,699,42.6,Fully Paid
15800,60 months,21.47,431.63,E,5 years,MORTGAGE,31600,Verified,debt_consolidation,11.66,0,683,25.7,Charged Off
7200,36 months,10.5,234.02,B,8 years,MORTGAGE,39900,Not Verified,small_business,6.45,0,728,26.5,Fully Paid
15200,60 months,12.98,345.69,C,5 years,MORTGAGE,36800,Not Verified,debt_consolidation,20.3,0,681,62.8,Charged Off
20200,36 months,14.17,692.06,C,1 year,MORTGAGE,32400,Verified,debt_consolidation,9.77,0,685,38.1,Fully Paid
4700,36 months,21.11,177.34,F,4 years,RENT,40200,Source Verified,debt_consolidation,31.21,0,656,88.0,Charged Off
12700,36 months,9.68,407.89,B,5 years,RENT,115900,Not Verified,debt_consolidation,6.58,0,722,18.3,Fully Paid
6600,36 months,13.37,223.56,C,1 year,RENT,28000,Source Verified,debt_consolidation,17.73,0,698,51.6,Fully Paid
14300,36 months,12.97,481.62,C,7 years,MORTGAGE,55500,Not Verified,debt_consolidation,14.45,1,698,47.1,Fully Paid
12700,60 months,7.41,253.94,A,2 years,OWN,71400,Source Verified,other,10.55,0,742,55.8,Fully Paid
18800,36 months,16.17,662.53,D,10+ years,MORTGAGE,23700,Not Verified,debt_consolidation,22.32,0,685,52.7,Charged Off
10500,36 months,17.25,375.66,E,5 years,OWN,54500,Not Verified,debt_consolidation,8.84,0,653,52.0,Fully Paid
8800,36 months,13.8,299.91,D,3 years,RENT,28100,Verified,credit_card,8.49,0,688,78.4,Fully Paid
7400,36 months,15.4,257.98,C,7 years,RENT,110700,Verified,credit_card,12.04,1,677,3.5,Fully Paid
7900,36 months,14.21,270.81,C,5 years,RENT,100900,Not Verified,home_improvement,15.2,0,691,54.2,Fully Paid
14300,36 months,13.31,483.96,C,< 1 year,MORTGAGE,83700,Verified,debt_consolidation,34.71,1,689,68.7,Charged Off
11000,36 months,11.65,363.52,C,10+ years,MORTGAGE,78900,Source Verified,debt_consolidation,22.1,0,704,68.4,Fully Paid
3900,36 months,14.16,133.6,C,6 years,RENT,90300,Source Verified,debt_consolidation,9.71,0,710,53.0,Fully Paid
9900,36 months,6.62,303.97,A,9 years,MORTGAGE,204600,Not Verified,debt_consolidation,12.93,0,763,39.2,Fully Paid
8400,36 months,12.61,281.45,C,2 years,RENT,74700,Source Verified,debt_consolidation,23.76,0,691,75.4,Fully Paid
18600,36 months,5.84,564.5,A,< 1 year,RENT,102600,Not Verified,credit_card,28.5,1,764,,Fully Paid
6200,60 months,11.59,136.63,B,2 years,RENT,96100,Verified,credit_card,9.89,1,708,72.7,Fully Paid
9600,36 months,10.87,313.7,B,1 year,OWN,120900,Verified,debt_consolidation,16.07,1,721,37.4,Fully Paid
11700,60 months,6.87,230.96,A,10+ years,MORTGAGE,111900,Source Verified,debt_consolidation,13.12,0,738,19.6,Fully Paid
17500,60 months,10.69,377.79,B,6 years,MORTGAGE,25300,Source Verified,debt_consolidation,10.05,0,720,39.2,Fully Paid
6900,36 months,12.85,231.99,C,5 years,OWN,47200,Source Verified,major_purchase,15.03,0,698,38.2,Fully Paid
9400,60 months,13.85,217.99,C,10+ years,MORTGAGE,41600,Source Verified,major_purchase,8.26,1,680,34.7,Fully Paid
22600,36 months,13.59,767.92,C,1 year,RENT,78900,Source Verified,debt_consolidation,16.14,0,696,79.2,Fully Paid
7500,36 months,11.65,247.86,B,,RENT,70700,Not Verified,credit_card,21.41,0,709,60.9,Charged Off
13500,60 months,6.32,263.01,A,,MORTGAGE,106400,Verified,car,14.56,0,735,59.1,Fully Paid
14200,36 months,13.75,483.6,C,2 years,MORTGAGE,86200,Verified,home_improvement,11.64,0,700,65.1,Fully Paid
28600,36 months,14.31,981.79,D,5 years,RENT,68600,Not Verified,debt_consolidation,25.67,3,665,19.7,Charged Off
11900,36 months,11.99,395.19,B,10+ years,MORTGAGE,94000,Verified,home_improvement,11.3,2,704,23.1,Fully Paid
14100,36 months,12.46,471.43,B,,MORTGAGE,29800,Source Verified,debt_consolidation,25.46,1,726,72.9,Fully Paid
10200,60 months,9.88,216.12,B,2 years,RENT,48100,Not Verified,major_purchase,27.2,0,708,61.3,Fully Paid
23300,36 months,15.92,818.24,D,10+ years,RENT,31700,Source Verified,home_improvement,34.88,0,673,53.6,Charged Off
8900,36 months,15.88,312.37,D,1 year,RENT,101200,Not Verified,debt_consolidation,7.01,0,691,54.3,Charged Off
13100,36 months,7.66,408.45,A,< 1 year,MORTGAGE,96300,Verified,credit_card,24.46,1,741,28.8,Fully Paid
6500,36 months,6.52,199.28,A,10+ years,OTHER,125700,Verified,debt_consolidation,10.9,1,761,55.1,Fully Paid
13300,60 months,16.82,329.25,D,5 years,OTHER,33000,Not Verified,major_purchase,19.34,0,698,74.6,Fully Paid
8900,36 months,18.42,323.63,E,5 years,MORTGAGE,69600,Verified,car,11.37,0,672,59.4,Fully Paid
18100,36 months,16.9,644.41,D,10+ years,OWN,68700,Not Verified,debt_consolidation,5.44,0,688,12.3,Fully Paid
16900,60 months,17.47,424.29,E,10+ years,MORTGAGE,31300,Not Verified,debt_consolidation,15.46,0,661,88.1,Charged Off
22700,60 months,6.05,439.38,A,10+ years,MORTGAGE,161000,Not Verified,home_improvement,14.95,0,739,66.3,Fully Paid
18500,36 months,14.2,634.08,C,3 years,MORTGAGE,71300,Verified,other,34.35,0,701,15.9,Fully Paid
11100,36 months,12.46,371.12,C,10+ years,MORTGAGE,41200,Source Verified,credit_card,9.81,0,693,88.9,Charged Off
8100,36 months,19.98,300.94,E,3 years,MORTGAGE,65500,Verified,credit_card,38.78,0,649,70.2,Charged Off
29700,36 months,12.06,987.32,C,8 years,MORTGAGE,52200,Verified,debt_consolidation,10.04,0,686,33.5,Fully Paid
11400,36 months,9.97,367.69,B,10+ years,MORTGAGE,99500,Verified,debt_consolidation,33.82,0,721,67.4,Fully Paid
26300,60 months,10.82,569.47,C,< 1 year,RENT,24000,Source Verified,debt_consolidation,28.38,0,688,62.3,Charged Off
9700,60 months,14.96,230.56,D,10+ years,RENT,84500,Verified,credit_card,10.99,1,694,90.2,Fully Paid
16900,36 months,10.52,549.45,B,10+ years,OWN,24600,Not Verified,credit_card,29.26,0,707,56.3,Charged Off
11400,60 months,6.43,222.68,A,5 years,MORTGAGE,108900,Source Verified,debt_consolidation,13.25,0,762,29.6,Fully Paid
18600,60 months,13.29,425.97,C,5 years,RENT,63100,Not Verified,debt_consolidation,12.26,0,689,38.7,Fully Paid
8200,36 months,16.92,292.03,D,7 years,RENT,54800,Not Verified,credit_card,13.0,0,695,52.1,Fully Paid
36500,36 months,9.94,1176.72,B,5 years,RENT,75900,Verified,debt_consolidation,14.84,1,712,58.7,Fully Paid
8300,36 months,13.56,281.9,C,5 years,MORTGAGE,72800,Source Verified,debt_consolidation,18.49,0,708,58.4,Fully Paid
21600,36 months,13.21,729.98,C,< 1 year,RENT,50500,Not Verified,debt_consolidation,23.43,1,682,92.9,Fully Paid
18400,60 months,8.6,378.39,B,< 1 year,RENT,27600,Verified,debt_consolidation,30.32,0,709,19.1,Fully Paid
13600,36 months,8.66,430.33,B,3 years,MORTGAGE,95000,Verified,debt_consolidation,8.52,1,705,30.9,Fully Paid
10200,36 months,12.74,342.4,C,10+ years,MORTGAGE,110200,Not Verified,home_improvement,30.81,1,674,44.9,Fully Paid
11300,60 months,17.27,282.48,C,,MORTGAGE,38000,Not Verified,debt_consolidation,14.21,0,719,68.3,Fully Paid
19400,60 months,13.7,448.39,C,10+ years,MORTGAGE,44600,Not Verified,home_improvement,4.94,0,693,42.7,Fully Paid
11600,36 months,10.73,378.29,B,8 years,MORTGAGE,47800,Verified,credit_card,9.56,2,738,,Fully Paid
16300,36 months,7.28,505.39,A,4 years,MORTGAGE,80100,Not Verified,medical,21.8,0,745,71.7,Fully Paid
11700,60 months,13.09,266.75,C,< 1 year,MORTGAGE,19900,Verified,debt_consolidation,21.27,0,677,55.1,Fully Paid
10700,36 months,7.11,330.92,A,10+ years,MORTGAGE,82700,Source Verified,credit_card,30.55,0,770,42.9,Fully Paid
11200,60 months,14.5,263.52,C,5 years,RENT,37100,Source Verified,debt_consolidation,36.26,0,712,37.4,Charged Off
12200,36 months,6.52,374.03,A,3 years,RENT,60400,Verified,small_business,34.84,1,737,61.8,Charged Off
13700,36 months,12.79,460.22,C,6 years,OWN,116700,Not Verified,debt_consolidation,13.38,0,711,50.6,Fully Paid
11100,36 months,15.72,388.71,D,4 years,MORTGAGE,89300,Source Verified,debt_consolidation,24.24,0,683,69.2,Charged Off
9200,36 months,11.18,301.98,B,10+ years,RENT,68100,Source Verified,debt_consolidation,11.14,0,718,33.2,Fully Paid
26100,36 months,10.46,847.82,B,3 years,MORTGAGE,79000,Verified,credit_card,47.51,1,717,80.4,Fully Paid
10200,36 months,17.45,365.95,D,4 years,RENT,90500,Not Verified,other,24.26,1,683,48.8,Fully Paid
12800,36 months,14.19,438.66,D,10+ years,MORTGAGE,52800,Source Verified,home_improvement,23.09,0,680,32.9,Fully Paid
4700,60 months,5.9,90.65,A,1 year,RENT,41300,Not Verified,debt_consolidation,11.57,1,742,52.0,Fully Paid
5300,36 months,14.54,182.53,C,5 years,RENT,69500,Verified,major_purchase,10.65,0,714,57.8,Fully Paid
9100,36 months,12.28,303.47,C,4 years,MORTGAGE,83500,Source Verified,debt_consolidation,17.81,0,709,95.3,Fully Paid
16800,36 months,10.09,542.8,B,6 years,MORTGAGE,88300,Not Verified,other,23.1,0,735,36.6,Fully Paid
21400,36 months,11.16,702.23,B,7 years,MORTGAGE,33000,Source Verified,other,28.43,0,717,17.4,Fully Paid
6000,36 months,11.9,199.0,B,10+ years,MORTGAGE,109400,Not Verified,debt_consolidation,16.36,0,726,21.0,Fully Paid
23400,60 months,14.51,550.68,C,10+ years,RENT,62600,Not Verified,credit_card,29.57,0,699,61.0,Fully Paid
15800,36 months,15.86,554.39,D,5 years,RENT,84300,Source Verified,credit_card,14.78,1,676,21.9,Charged Off
16900,36 months,15.2,587.5,D,10+ years,MORTGAGE,65000,Verified,debt_consolidation,12.62,1,653,61.3,Charged Off
20100,36 months,19.32,740.04,E,10+ years,MORTGAGE,54500,Not Verified,debt_consolidation,12.9,0,669,85.8,Charged Off
7800,36 months,13.64,265.22,C,4 years,RENT,68900,Not Verified,debt_consolidation,12.66,0,693,73.8,Charged Off
12400,36 months,10.17,401.1,B,10+ years,RENT,89000,Not Verified,debt_consolidation,13.73,1,701,47.3,Fully Paid
24200,36 months,15.14,840.56,D,9 years,RENT,167500,Verified,medical,44.69,1,679,27.1,Fully Paid
7300,36 months,7.57,227.31,A,3 years,MORTGAGE,75500,Source Verified,medical,18.83,0,734,53.8,Fully Paid
8600,36 months,13.83,293.22,C,2 years,MORTGAGE,66800,Not Verified,debt_consolidation,19.37,1,690,55.8,Fully Paid
11400,60 months,10.62,245.71,B,3 years,MORTGAGE,58800,Verified,debt_consolidation,23.87,0,726,43.4,Fully Paid
7300,36 months,7.55,227.24,A,5 years,OWN,47600,Verified,debt_consolidation,10.84,0,768,49.0,Fully Paid
24600,36 months,13.73,837.55,C,5 years,MORTGAGE,77100,Verified,debt_consolidation,26.39,0,713,31.3,Fully Paid
12700,60 months,8.95,263.32,B,5 years,MORTGAGE,35400,Not Verified,credit_card,20.82,0,715,35.4,Fully Paid
12200,36 months,11.94,404.87,B,10+ years,RENT,49400,Not Verified,credit_card,11.47,0,692,18.9,Fully Paid
5600,36 months,11.41,184.43,C,10+ years,RENT,38000,Not Verified,debt_consolidation,9.13,0,687,53.7,Fully Paid
4500,36 months,16.19,158.63,D,10+ years,RENT,51300,Source Verified,debt_consolidation,10.69,0,688,79.4,Charged Off
13600,36 months,12.25,453.34,B,5 years,MORTGAGE,68200,Not Verified,debt_consolidation,9.18,0,723,12.4,Fully Paid
8400,60 months,20.16,223.3,E,10+ years,RENT,68800,Verified,debt_consolidation,20.33,0,667,65.3,Fully Paid
30000,36 months,10.81,979.46,B,4 years,MORTGAGE,21000,Not Verified,major_purchase,25.57,0,700,63.3,Fully Paid
7000,36 months,15.68,244.99,D,5 years,MORTGAGE,81400,Not Verified,credit_card,13.35,0,688,58.2,Fully Paid
9400,36 months,16.42,332.43,C,10+ years,OWN,145100,Not Verified,debt_consolidation,18.3,0,724,47.0,Charged Off
26700,36 months,6.08,813.23,A,10+ years,MORTGAGE,42100,Verified,home_improvement,18.8,0,757,39.3,Fully Paid
32200,36 months,9.2,1026.95,B,1 year,RENT,47400,Not Verified,home_improvement,21.6,0,717,23.7,Fully Paid
13900,36 months,14.39,477.71,C,1 year,RENT,80500,Verified,credit_card,24.03,0,684,10.3,Charged Off
9100,36 months,10.99,297.88,B,2 years,MORTGAGE,116700,Verified,debt_consolidation,14.38,0,728,84.2,Fully Paid
13700,60 months,17.27,342.47,D,10+ years,MORTGAGE,31300,Verified,car,19.03,0,702,54.5,Fully Paid
11600,60 months,7.04,229.91,A,10+ years,RENT,63800,Verified,debt_consolidation,20.74,0,776,20.8,Fully Paid
7500,60 months,10.32,160.54,B,1 year,RENT,100500,Not Verified,small_business,5.75,1,709,90.3,Fully Paid
8500,36 months,6.45,260.32,A,1 year,RENT,87000,Verified,small_business,11.06,0,752,19.7,Fully Paid
18700,36 months,13.6,635.49,C,,MORTGAGE,81000,Verified,credit_card,18.57,0,690,36.8,Fully Paid
11400,36 months,13.03,384.28,C,3 years,RENT,30900,Verified,debt_consolidation,17.64,0,685,87.2,Fully Paid
13800,36 months,17.09,492.63,D,9 years,RENT,32300,Not Verified,credit_card,17.99,0,689,39.1,Fully Paid
11300,36 months,14.07,386.59,C,3 years,MORTGAGE,27400,Source Verified,credit_card,16.62,1,718,46.5,Charged Off
4400,36 months,9.0,139.92,A,,MORTGAGE,76600,Verified,debt_consolidation,23.74,0,739,68.2,Charged Off
8200,36 months,14.01,280.3,C,10+ years,OWN,137300,Not Verified,debt_consolidation,18.71,0,700,17.2,Fully Paid
17600,36 months,6.58,540.06,A,4 years,RENT,103700,Verified,debt_consolidation,3.35,3,743,63.0,Fully Paid
20000,60 months,18.52,513.54,D,10+ years,RENT,67100,Source Verified,debt_consolidation,20.29,1,702,45.5,Fully Paid
12500,60 months,14.96,297.11,C,10+ years,MORTGAGE,40100,Verified,debt_consolidation,6.85,0,709,16.4,Fully Paid
19700,60 months,22.45,549.14,E,10+ years,MORTGAGE,34900,Source Verified,medical,26.75,0,662,,Fully Paid
33600,36 months,16.11,1183.1,D,3 years,MORTGAGE,61800,Verified,debt_consolidation,20.99,0,704,14.3,Charged Off
28400,36 months,11.2,932.47,B,10+ years,MORTGAGE,46900,Verified,credit_card,17.83,0,721,75.3,Charged Off
5600,36 months,7.67,174.63,A,6 years,MORTGAGE,72200,Source Verified,debt_consolidation,5.73,1,747,44.5,Fully Paid
3100,36 months,10.31,100.48,B,10+ years,MORTGAGE,43600,Not Verified,medical,10.23,0,711,79.9,Fully Paid
4500,36 months,10.71,146.71,B,6 years,RENT,27000,Verified,car,13.25,1,688,65.7,Fully Paid
12400,36 months,27.72,511.03,F,10+ years,RENT,68500,Not Verified,home_improvement,23.46,0,664,45.4,Charged Off
13200,36 months,10.68,430.15,B,7 years,MORTGAGE,33100,Not Verified,debt_consolidation,15.29,1,710,18.5,Fully Paid
8200,60 months,15.21,195.98,D,3 years,MORTGAGE,46600,Source Verified,credit_card,22.78,0,688,47.1,Fully Paid
11500,36 months,11.13,377.2,B,4 years,MORTGAGE,64900,Source Verified,debt_consolidation,10.08,1,715,33.9,Fully Paid
11000,36 months,7.16,340.45,A,2 years,RENT,68400,Not Verified,debt_consolidation,38.87,0,738,28.1,Fully Paid
13900,36 months,9.2,443.31,B,10+ years,MORTGAGE,19400,Verified,home_improvement,14.8,0,718,29.1,Fully Paid
19900,36 months,12.5,665.73,C,3 years,MORTGAGE,105200,Verified,debt_consolidation,16.08,1,709,75.0,Fully Paid
9100,36 months,9.77,292.65,B,5 years,RENT,49800,Not Verified,debt_consolidation,15.74,0,718,32.3,Fully Paid
8300,36 months,6.52,254.46,A,10+ years,RENT,15300,Not Verified,debt_consolidation,17.46,0,735,23.8,Fully Paid
13800,60 months,10.01,293.28,B,< 1 year,MORTGAGE,93400,Source Verified,credit_card,36.43,0,720,68.7,Fully Paid
5000,36 months,8.02,156.73,B,10+ years,MORTGAGE,121600,Verified,debt_consolidation,10.17,1,711,65.9,Fully Paid
12400,36 months,6.93,382.48,A,6 years,RENT,110100,Not Verified,debt_consolidation,20.77,0,734,24.4,Fully Paid
11700,60 months,9.27,244.41,B,6 years,MORTGAGE,69000,Verified,debt_consolidation,15.84,0,727,36.1,Fully Paid
12900,36 months,11.77,427.05,B,10+ years,MORTGAGE,61600,Verified,credit_card,20.31,0,721,77.1,Fully Paid
12900,36 months,9.41,412.68,B,10+ years,RENT,122300,Verified,debt_consolidation,14.18,0,696,46.0,Fully Paid
19900,36 months,13.0,670.51,C,8 years,MORTGAGE,22300,Not Verified,small_business,12.39,2,684,36.3,Fully Paid
9600,36 months,22.14,367.32,E,8 years,MORTGAGE,42600,Not Verified,home_improvement,6.42,0,669,38.8,Fully Paid
14300,60 months,24.19,412.96,F,7 years,MORTGAGE,57200,Source Verified,credit_card,10.34,0,661,59.3,Fully Paid
9500,36 months,15.99,333.94,D,10+ years,RENT,57500,Not Verified,credit_card,19.63,0,704,81.8,Fully Paid
8900,60 months,7.37,177.79,A,3 years,MORTGAGE,14500,Not Verified,debt_consolidation,22.63,0,730,54.7,Charged Off
16900,36 months,9.16,538.67,B,2 years,MORTGAGE,289500,Not Verified,debt_consolidation,10.12,1,727,32.1,Fully Paid
8400,60 months,6.2,163.18,A,2 years,RENT,15500,Source Verified,debt_consolidation,5.63,1,750,86.8,Fully Paid
3200,36 months,17.7,115.21,D,5 years,MORTGAGE,168200,Not Verified,debt_consolidation,14.27,0,680,72.2,Fully Paid
3400,36 months,10.75,110.91,B,2 years,RENT,52100,Not Verified,credit_card,12.08,0,717,23.8,Fully Paid
3600,60 months,10.83,77.97,B,10+ years,MORTGAGE,56900,Not Verified,other,29.05,0,703,8.9,Fully Paid
16200,36 months,20.19,603.62,E,7 years,MORTGAGE,46300,Not Verified,debt_consolidation,5.22,1,687,30.4,Charged Off
7100,36 months,6.79,218.55,A,5 years,RENT,43600,Verified,credit_card,24.61,0,710,76.8,Fully Paid
12700,36 months,10.75,414.28,B,1 year,MORTGAGE,129500,Verified,debt_consolidation,9.95,0,714,73.3,Charged Off
12400,36 months,13.88,423.08,C,,MORTGAGE,159200,Not Verified,credit_card,14.26,0,687,69.9,Fully Paid
9500,36 months,14.24,325.8,C,2 years,MORTGAGE,51600,Source Verified,debt_consolidation,15.44,1,712,84.2,Fully Paid
4900,36 months,13.34,165.9,C,10+ years,RENT,71900,Verified,major_purchase,9.21,0,711,17.7,Fully Paid
8100,60 months,15.13,193.25,D,5 years,MORTGAGE,74700,Verified,home_improvement,12.75,0,691,71.9,Charged Off
3000,36 months,14.27,102.93,C,10+ years,MORTGAGE,245200,Not Verified,debt_consolidation,14.25,1,711,72.8,Fully Paid
6300,36 months,10.3,204.17,B,10+ years,MORTGAGE,146400,Verified,credit_card,10.64,0,715,22.1,Fully Paid
5800,36 months,19.64,214.49,E,8 years,MORTGAGE,25900,Source Verified,debt_consolidation,17.02,0,668,76.8,Charged Off
21000,36 months,11.63,693.8,C,7 years,MORTGAGE,88500,Source Verified,debt_consolidation,24.22,1,675,37.6,Fully Paid
12500,36 months,11.28,410.89,B,10+ years,MORTGAGE,67000,Not Verified,debt_consolidation,30.61,0,716,96.2,Fully Paid
11500,36 months,5.0,344.67,A,10+ years,MORTGAGE,32800,Source Verified,debt_consolidation,12.84,0,748,28.2,Fully Paid
27000,36 months,10.38,876.04,B,1 year,MORTGAGE,68100,Verified,debt_consolidation,21.35,2,709,14.0,Fully Paid
11700,36 months,11.25,384.43,B,10+ years,MORTGAGE,81200,Not Verified,credit_card,32.15,0,711,47.6,Fully Paid
9400,36 months,9.57,301.42,B,10+ years,MORTGAGE,61300,Verified,debt_consolidation,18.14,0,721,,Fully Paid
9500,36 months,13.86,324.04,C,2 years,MORTGAGE,104300,Verified,debt_consolidation,18.83,0,693,91.1,Fully Paid
12000,60 months,15.06,285.86,D,10+ years,RENT,126000,Not Verified,debt_consolidation,24.03,0,666,53.9,Charged Off
13900,36 months,7.27,430.91,A,5 years,RENT,55100,Source Verified,debt_consolidation,8.12,0,761,67.8,Fully Paid
6000,36 months,25.27,239.42,F,8 years,MORTGAGE,38900,Verified,small_business,35.12,1,668,,Fully Paid
4900,60 months,10.7,105.81,C,< 1 year,RENT,51300,Verified,small_business,19.92,0,714,63.7,Fully Paid
9500,60 months,7.22,189.1,A,4 years,MORTGAGE,62400,Not Verified,credit_card,8.06,0,741,40.2,Fully Paid
23600,60 months,14.99,561.32,D,10+ years,RENT,25500,Source Verified,credit_card,26.3,0,683,43.8,Fully Paid
7100,60 months,6.08,137.53,A,6 years,RENT,21200,Not Verified,credit_card,27.46,0,739,35.9,Fully Paid
17400,36 months,17.03,620.62,D,10+ years,RENT,47400,Source Verified,debt_consolidation,10.51,0,662,68.8,Fully Paid
9800,36 months,6.47,300.23,A,10+ years,MORTGAGE,112700,Not Verified,debt_consolidation,19.03,0,762,15.9,Fully Paid
16400,36 months,5.0,491.52,A,10+ years,RENT,104900,Verified,debt_consolidation,19.34,0,757,66.8,Fully Paid
7200,36 months,19.35,265.2,E,3 years,MORTGAGE,80600,Verified,debt_consolidation,5.83,0,669,53.4,Fully Paid
13900,36 months,9.58,445.78,B,10+ years,MORTGAGE,59700,Source Verified,credit_card,17.55,2,718,86.8,Charged Off
13200,36 months,11.13,432.96,B,3 years,MORTGAGE,141100,Source Verified,credit_card,15.74,2,711,20.8,Fully Paid
11500,36 months,13.59,390.76,C,10+ years,RENT,28100,Not Verified,debt_consolidation,15.75,1,700,42.1,Fully Paid
10100,36 months,8.17,317.29,A,< 1 year,MORTGAGE,66300,Not Verified,debt_consolidation,10.42,0,743,54.8,Fully Paid
18400,36 months,12.34,614.14,C,1 year,MORTGAGE,40500,Source Verified,debt_consolidation,8.47,0,692,85.4,Charged Off
12800,36 months,9.65,410.92,B,3 years,MORTGAGE,35600,Verified,debt_consolidation,10.93,1,719,57.9,Fully Paid
11700,36 months,16.28,412.96,D,9 years,MORTGAGE,67400,Source Verified,debt_consolidation,17.83,1,676,58.3,Fully Paid
18100,36 months,16.24,638.49,D,6 years,OWN,179400,Source Verified,car,8.22,1,693,41.1,Fully Paid
19300,36 months,7.21,597.78,A,1 year,MORTGAGE,32700,Verified,debt_consolidation,24.75,0,755,18.3,Fully Paid
10700,36 months,16.12,376.81,D,9 years,RENT,178400,Verified,credit_card,10.35,0,700,63.1,Fully Paid
27000,36 months,11.72,893.18,B,4 years,MORTGAGE,41200,Not Verified,credit_card,15.59,0,703,48.9,Fully Paid
12900,36 months,12.98,434.53,C,10+ years,RENT,87500,Verified,debt_consolidation,22.83,0,708,24.7,Charged Off
16400,36 months,16.14,577.71,C,10+ years,MORTGAGE,127900,Not Verified,debt_consolidation,15.61,1,690,15.4,Fully Paid
8800,36 months,18.23,319.16,D,10+ years,RENT,236500,Not Verified,debt_consolidation,16.72,2,682,67.6,Fully Paid
20600,36 months,6.14,628.0,A,1 year,RENT,102700,Verified,credit_card,15.01,0,763,35.3,Fully Paid
40000,36 months,7.3,1240.58,A,4 years,MORTGAGE,103000,Verified,major_purchase,8.78,0,753,2.5,Fully Paid
14900,60 months,11.17,325.23,B,4 years,MORTGAGE,122200,Verified,credit_card,38.78,1,712,53.8,Fully Paid
23400,60 months,12.53,526.81,C,,OWN,224900,Source Verified,medical,16.24,0,689,74.5,Charged Off
8500,36 months,6.05,258.78,A,10+ years,MORTGAGE,62900,Verified,debt_consolidation,25.14,1,731,64.8,Fully Paid
16700,60 months,10.32,357.46,B,5 years,RENT,35900,Not Verified,debt_consolidation,28.54,0,697,65.0,Charged Off
32000,36 months,11.44,1054.32,B,6 years,MORTGAGE,61900,Source Verified,small_business,13.9,0,721,22.5,Fully Paid
7800,36 months,11.64,257.73,B,10+ years,RENT,57200,Verified,credit_card,14.8,1,731,79.5,Fully Paid
6100,36 months,9.46,195.29,B,9 years,RENT,52200,Not Verified,debt_consolidation,26.35,0,716,51.7,Charged Off
15500,60 months,15.99,376.85,D,4 years,MORTGAGE,71300,Source Verified,credit_card,25.3,0,665,71.1,Fully Paid
16200,36 months,13.06,546.31,B,10+ years,RENT,158900,Verified,home_improvement,24.2,0,717,39.4,Fully Paid
8500,60 months,7.12,168.79,A,< 1 year,MORTGAGE,87200,Not Verified,major_purchase,9.88,0,732,48.5,Fully Paid
7800,36 months,11.98,259.0,C,10+ years,MORTGAGE,41600,Verified,debt_consolidation,50.0,0,709,74.6,Charged Off
10400,36 months,14.23,356.61,C,7 years,RENT,22100,Source Verified,major_purchase,23.62,0,726,36.2,Charged Off
7500,36 months,13.19,253.39,C,10+ years,RENT,53100,Not Verified,major_purchase,23.6,0,703,77.2,Fully Paid
7700,36 months,18.54,280.46,E,10+ years,MORTGAGE,310500,Verified,debt_consolidation,10.29,0,690,48.5,Fully Paid
7100,36 months,17.06,253.35,D,9 years,RENT,111100,Not Verified,car,3.2,0,689,64.6,Fully Paid
18900,36 months,11.46,622.89,B,1 year,OWN,50600,Verified,debt_consolidation,8.05,0,710,60.9,Fully Paid
5100,36 months,11.44,168.03,C,10+ years,MORTGAGE,150700,Verified,credit_card,17.38,0,698,9.7,Fully Paid
11400,36 months,6.9,351.48,A,2 years,RENT,23800,Not Verified,debt_consolidation,11.2,0,736,49.3,Fully Paid
19700,36 months,6.41,602.98,A,7 years,RENT,133700,Source Verified,debt_consolidation,10.46,0,741,37.4,Fully Paid
38000,60 months,12.87,862.09,C,7 years,MORTGAGE,23200,Verified,debt_consolidation,15.52,0,701,68.7,Charged Off
7400,36 months,14.43,254.46,D,7 years,MORTGAGE,114000,Source Verified,debt_consolidation,5.35,0,695,83.8,Fully Paid
9900,36 months,14.2,339.32,C,10+ years,MORTGAGE,37100,Verified,debt_consolidation,25.89,1,709,91.1,Fully Paid
6100,36 months,9.94,196.66,B,10+ years,MORTGAGE,90100,Not Verified,credit_card,9.15,0,723,16.5,Fully Paid
4000,36 months,11.24,131.41,B,9 years,MORTGAGE,54000,Verified,debt_consolidation,12.27,1,693,7.3,Fully Paid
3900,60 months,11.81,86.38,B,3 years,MORTGAGE,48500,Source Verified,other,13.61,0,714,62.9,Fully Paid
10100,60 months,9.1,210.15,B,1 year,MORTGAGE,170700,Not Verified,debt_consolidation,24.88,0,706,75.1,Fully Paid
8300,36 months,15.39,289.31,D,4 years,OWN,36900,Verified,debt_consolidation,10.8,0,684,67.5,Fully Paid
23700,36 months,21.85,903.28,E,8 years,RENT,32600,Source Verified,credit_card,16.35,0,665,22.0,Charged Off
6000,36 months,10.67,195.5,B,2 years,RENT,37000,Verified,medical,21.83,0,689,22.7,Fully Paid
11000,60 months,9.4,230.48,B,9 years,OWN,34200,Source Verified,debt_consolidation,13.35,0,706,20.0,Fully Paid
40000,36 months,10.06,1291.81,B,10+ years,RENT,73700,Source Verified,other,19.46,0,732,39.3,Fully Paid
5700,36 months,13.23,192.69,C,7 years,RENT,24800,Not Verified,credit_card,13.06,1,696,58.0,Charged Off
9300,36 months,26.51,377.23,G,7 years,RENT,64800,Verified,credit_card,14.15,0,625,74.0,Charged Off
15200,36 months,9.0,483.36,B,10+ years,RENT,63200,Verified,debt_consolidation,11.35,2,713,13.3,Fully Paid
7500,36 months,10.86,245.04,B,10+ years,OWN,26100,Verified,medical,21.69,0,714,56.5,Fully Paid
11600,60 months,10.0,246.47,B,3 years,RENT,202400,Verified,credit_card,19.77,0,694,56.0,Charged Off
9900,36 months,16.8,351.98,D,10+ years,RENT,56900,Not Verified,debt_consolidation,16.23,0,653,62.4,Fully Paid
15900,36 months,9.83,511.78,B,,MORTGAGE,67100,Not Verified,debt_consolidation,34.04,0,722,55.2,Fully Paid
25300,36 months,10.2,818.74,B,,MORTGAGE,125700,Source Verified,debt_consolidation,32.76,2,724,40.9,Fully Paid
10300,36 months,8.77,326.44,B,,OWN,65600,Source Verified,debt_consolidation,17.95,1,702,19.5,Fully Paid
6400,36 months,20.12,238.24,E,10+ years,MORTGAGE,74800,Source Verified,debt_consolidation,27.76,0,678,59.4,Charged Off
10500,36 months,9.61,336.89,B,,RENT,94400,Not Verified,home_improvement,4.63,0,708,,Fully Paid
9300,60 months,8.21,189.51,A,8 years,OWN,67900,Verified,credit_card,13.62,0,759,65.4,Fully Paid
8600,60 months,10.87,186.43,B,10+ years,RENT,156100,Not Verified,debt_consolidation,15.24,0,703,89.9,Charged Off
7200,36 months,13.31,243.67,C,3 years,RENT,20300,Source Verified,small_business,23.0,1,681,23.9,Fully Paid
11700,36 months,18.02,423.1,D,10+ years,MORTGAGE,156500,Source Verified,credit_card,8.43,0,675,33.5,Fully Paid
7300,36 months,19.58,269.73,D,10+ years,MORTGAGE,20900,Verified,credit_card,26.35,0,684,36.3,Fully Paid
13500,60 months,8.98,280.11,B,3 years,OWN,69000,Not Verified,credit_card,8.08,0,718,66.1,Fully Paid
25100,36 months,10.04,810.38,B,10+ years,MORTGAGE,150000,Verified,home_improvement,22.44,0,729,34.2,Fully Paid
8800,36 months,16.28,310.6,D,10+ years,RENT,74300,Source Verified,credit_card,10.52,0,664,89.0,Fully Paid
17300,36 months,10.92,565.72,B,7 years,RENT,58400,Verified,other,22.78,0,729,,Fully Paid
15000,60 months,19.11,390.02,E,10+ years,MORTGAGE,111100,Not Verified,debt_consolidation,13.71,0,671,49.8,Fully Paid
10900,36 months,7.02,336.66,A,4 years,RENT,26900,Verified,debt_consolidation,7.13,0,734,65.4,Fully Paid
18800,60 months,12.23,420.38,B,7 years,RENT,52600,Source Verified,debt_consolidation,27.41,1,700,76.1,Fully Paid
7400,36 months,13.56,251.34,C,10+ years,MORTGAGE,79600,Verified,credit_card,6.6,0,676,81.3,Charged Off
12400,36 months,13.02,417.92,C,9 years,MORTGAGE,27400,Not Verified,credit_card,16.51,0,700,56.2,Charged Off
8000,60 months,10.5,171.95,B,10+ years,OWN,129400,Verified,home_improvement,14.8,0,730,54.6,Fully Paid
5300,36 months,12.24,176.64,C,1 year,MORTGAGE,54200,Not Verified,car,27.07,0,697,47.6,Fully Paid
9300,60 months,10.55,200.12,B,7 years,RENT,58000,Not Verified,credit_card,14.58,0,712,14.4,Fully Paid
5800,36 months,10.8,189.34,B,10+ years,RENT,80500,Source Verified,debt_consolidation,11.32,0,722,56.0,Fully Paid
5900,36 months,9.19,188.14,B,10+ years,MORTGAGE,125800,Source Verified,debt_consolidation,25.2,0,733,43.6,Fully Paid
12200,36 months,10.55,396.82,B,10+ years,RENT,67600,Verified,credit_card,29.16,0,722,41.5,Fully Paid
12400,60 months,15.62,299.05,D,10+ years,RENT,98400,Not Verified,debt_consolidation,25.05,0,681,54.5,Fully Paid
4900,36 months,19.85,181.73,E,,OWN,86200,Verified,debt_consolidation,7.14,0,691,49.7,Fully Paid
11200,60 months,14.02,260.72,C,8 years,RENT,139500,Source Verified,debt_consolidation,11.15,0,710,48.3,Fully Paid
7500,60 months,11.66,165.55,C,10+ years,MORTGAGE,95600,Source Verified,debt_consolidation,12.48,0,691,27.1,Fully Paid
9700,36 months,23.82,379.64,G,4 years,OWN,56200,Verified,debt_consolidation,35.07,0,649,39.3,Charged Off
18100,36 months,15.39,630.9,C,10+ years,RENT,87200,Not Verified,credit_card,24.88,0,696,64.5,Fully Paid
11400,36 months,17.15,407.29,D,3 years,MORTGAGE,99800,Verified,debt_consolidation,27.28,0,671,59.8,Fully Paid
30800,60 months,14.5,724.67,C,1 year,MORTGAGE,122100,Source Verified,credit_card,18.9,0,701,80.8,Fully Paid
32000,36 months,7.55,996.13,A,10+ years,OWN,76500,Not Verified,credit_card,17.98,0,739,53.8,Fully Paid
13700,60 months,6.25,266.45,A,5 years,OWN,36900,Source Verified,debt_consolidation,15.26,1,728,36.3,Fully Paid
24000,36 months,14.28,823.53,C,8 years,MORTGAGE,40300,Source Verified,home_improvement,8.08,0,705,33.9,Fully Paid
10500,36 months,12.48,351.16,C,7 years,RENT,101200,Verified,debt_consolidation,43.08,0,706,93.5,Fully Paid
7800,36 months,15.45,272.11,D,10+ years,MORTGAGE,43600,Source Verified,debt_consolidation,46.61,0,699,65.1,Charged Off
10400,36 months,9.01,330.77,B,4 years,RENT,42200,Not Verified,debt_consolidation,9.97,0,721,68.7,Fully Paid
12600,36 months,12.87,423.76,D,2 years,MORTGAGE,60000,Source Verified,debt_consolidation,26.73,0,699,52.5,Charged Off
7300,36 months,13.21,246.7,C,5 years,RENT,55100,Verified,debt_consolidation,11.53,0,689,64.5,Fully Paid
12500,36 months,14.71,431.54,C,10+ years,RENT,50200,Source Verified,other,4.32,0,689,88.2,Charged Off
16300,36 months,13.58,553.78,C,3 years,RENT,61600,Verified,credit_card,10.69,0,706,82.3,Charged Off
21100,36 months,11.52,695.99,C,10+ years,RENT,23700,Source Verified,debt_consolidation,8.73,0,709,,Fully Paid
31200,36 months,7.28,967.36,A,9 years,MORTGAGE,86100,Verified,debt_consolidation,11.17,0,754,38.3,Fully Paid
23500,36 months,9.24,749.92,B,,RENT,70900,Not Verified,credit_card,18.22,0,723,40.6,Fully Paid
8900,36 months,27.17,364.16,F,10+ years,MORTGAGE,151500,Source Verified,credit_card,13.66,0,641,59.6,Charged Off
10100,60 months,16.34,247.44,D,7 years,MORTGAGE,50100,Not Verified,home_improvement,30.22,0,684,39.7,Charged Off
6200,60 months,8.44,127.02,A,1 year,MORTGAGE,60300,Source Verified,debt_consolidation,8.58,0,758,51.1,Fully Paid
4500,36 months,18.41,163.61,E,6 years,RENT,120100,Not Verified,debt_consolidation,15.05,1,664,36.3,Fully Paid
9900,36 months,7.79,309.27,A,1 year,MORTGAGE,42100,Not Verified,debt_consolidation,25.39,0,744,29.1,Fully Paid
5100,36 months,10.07,164.73,B,2 years,RENT,114200,Source Verified,debt_consolidation,13.86,0,710,8.1,Fully Paid
8200,60 months,18.32,209.66,D,10+ years,MORTGAGE,42200,Verified,credit_card,11.29,0,676,83.7,Charged Off
6600,60 months,15.72,159.52,D,1 year,RENT,49900,Not Verified,debt_consolidation,30.16,1,693,64.6,Charged Off
5500,36 months,8.62,173.93,B,10+ years,MORTGAGE,61600,Not Verified,debt_consolidation,33.18,0,704,37.7,Fully Paid
8600,60 months,13.98,200.02,C,< 1 year,RENT,55900,Not Verified,credit_card,8.56,0,704,62.5,Fully Paid
9700,36 months,7.96,303.78,A,3 years,MORTGAGE,42800,Not Verified,small_business,19.08,1,745,60.2,Fully Paid
19700,60 months,13.28,451.06,C,1 year,MORTGAGE,47700,Verified,debt_consolidation,10.23,0,687,34.7,Fully Paid
12400,36 months,6.57,380.44,A,5 years,MORTGAGE,52200,Source Verified,credit_card,13.06,0,753,64.3,Fully Paid
4500,36 months,17.59,161.76,D,10+ years,MORTGAGE,30100,Source Verified,small_business,20.2,1,692,5.3,Charged Off
8400,36 months,7.68,261.99,A,10+ years,MORTGAGE,37000,Verified,debt_consolidation,13.97,0,717,39.7,Fully Paid
14000,36 months,10.71,456.42,B,3 years,OWN,131900,Source Verified,debt_consolidation,34.29,0,714,35.5,Fully Paid
10900,36 months,24.79,432.17,F,7 years,RENT,80800,Not Verified,debt_consolidation,14.0,0,634,41.2,Fully Paid
13100,36 months,17.99,473.53,D,4 years,RENT,213300,Verified,home_improvement,25.2,0,704,39.2,Charged Off
3400,36 months,13.96,116.14,C,< 1 year,RENT,83200,Verified,home_improvement,18.8,1,714,27.1,Fully Paid
6700,60 months,18.73,172.81,D,10+ years,RENT,69700,Verified,debt_consolidation,20.1,0,672,26.6,Charged Off
8600,36 months,17.54,308.93,D,7 years,RENT,33400,Verified,debt_consolidation,17.78,0,682,41.8,Fully Paid
16500,60 months,9.22,344.28,B,4 years,RENT,108900,Source Verified,home_improvement,15.48,0,711,28.7,Fully Paid
20100,36 months,12.48,672.23,C,10+ years,RENT,104000,Not Verified,debt_consolidation,11.9,0,693,70.3,Fully Paid
21400,60 months,10.97,464.97,B,10+ years,OTHER,59300,Not Verified,debt_consolidation,23.33,1,703,36.7,Charged Off
7100,36 months,7.45,220.69,A,3 years,MORTGAGE,94400,Source Verified,debt_consolidation,23.46,2,740,30.7,Fully Paid
20500,36 months,13.94,700.04,C,3 years,RENT,177300,Verified,debt_consolidation,11.77,0,691,39.8,Fully Paid
17500,36 months,14.48,602.2,C,4 years,RENT,46300,Source Verified,debt_consolidation,26.18,0,685,58.0,Charged Off
5000,36 months,10.35,162.16,B,3 years,MORTGAGE,48100,Verified,debt_consolidation,14.88,1,721,48.2,Fully Paid
16500,36 months,18.83,603.41,E,2 years,RENT,49600,Source Verified,small_business,20.03,0,685,66.9,Fully Paid
13600,36 months,17.23,486.44,D,7 years,RENT,40300,Verified,home_improvement,21.09,1,706,47.5,Fully Paid
30500,60 months,12.83,691.32,C,8 years,OWN,49500,Not Verified,car,12.14,2,684,56.5,Fully Paid
9400,36 months,11.16,308.46,B,5 years,OWN,19800,Source Verified,debt_consolidation,6.84,1,725,45.7,Fully Paid
9800,60 months,10.54,210.83,B,4 years,RENT,106800,Verified,debt_consolidation,12.86,0,723,17.5,Fully Paid
25600,36 months,12.76,859.61,C,< 1 year,RENT,47400,Not Verified,home_improvement,17.05,0,697,9.6,Fully Paid
7200,60 months,14.06,167.76,D,10+ years,MORTGAGE,35900,Not Verified,debt_consolidation,12.29,1,683,48.4,Fully Paid
21700,36 months,7.27,672.72,A,< 1 year,RENT,59200,Not Verified,debt_consolidation,17.0,0,759,44.5,Fully Paid
17400,36 months,9.68,558.84,B,2 years,MORTGAGE,125800,Not Verified,credit_card,31.33,0,696,57.5,Fully Paid
17400,60 months,13.17,397.42,C,,MORTGAGE,88200,Verified,debt_consolidation,9.77,1,706,30.5,Fully Paid
26300,36 months,21.48,997.35,E,10+ years,MORTGAGE,135000,Verified,debt_consolidation,8.58,0,657,81.8,Charged Off
12200,36 months,13.78,415.66,C,10+ years,RENT,85600,Source Verified,medical,21.59,1,701,66.1,Fully Paid
9700,36 months,10.82,316.74,B,10+ years,RENT,55800,Not Verified,debt_consolidation,21.23,0,735,47.7,Fully Paid
4800,36 months,12.52,160.62,C,10+ years,MORTGAGE,65000,Source Verified,debt_consolidation,14.75,1,685,71.5,Fully Paid
19600,36 months,9.64,629.13,B,10+ years,OWN,40100,Source Verified,small_business,18.78,0,745,28.9,Fully Paid
8900,60 months,19.83,234.95,E,1 year,OWN,50000,Verified,debt_consolidation,39.56,1,670,70.1,Fully Paid
4900,36 months,17.64,176.26,D,6 years,MORTGAGE,48000,Verified,debt_consolidation,14.1,0,653,53.3,Fully Paid
16000,60 months,6.8,315.31,A,4 years,MORTGAGE,70900,Source Verified,major_purchase,16.51,0,743,43.0,Fully Paid
16700,36 months,10.01,538.94,B,,MORTGAGE,28900,Verified,debt_consolidation,33.45,0,721,32.0,Fully Paid
35400,60 months,10.64,763.34,B,< 1 year,RENT,38400,Verified,debt_consolidation,26.22,0,705,54.2,Charged Off
3800,36 months,10.16,122.9,B,10+ years,MORTGAGE,57500,Not Verified,debt_consolidation,4.84,0,725,20.5,Fully Paid
22000,60 months,14.75,520.5,D,1 year,MORTGAGE,93700,Verified,home_improvement,20.34,1,704,49.1,Fully Paid
23400,36 months,16.8,831.95,D,6 years,OTHER,84000,Source Verified,other,13.38,0,684,16.7,Fully Paid
4800,36 months,9.86,154.57,B,2 years,RENT,55900,Verified,debt_consolidation,23.92,1,687,32.6,Fully Paid
5700,60 months,7.32,113.73,A,10+ years,MORTGAGE,109500,Verified,credit_card,11.46,0,745,86.2,Fully Paid
29500,36 months,17.97,1066.05,E,8 years,RENT,111200,Verified,home_improvement,36.94,0,641,43.7,Charged Off
27400,36 months,7.2,848.54,A,2 years,RENT,72200,Verified,credit_card,17.7,0,741,52.9,Fully Paid
6600,36 months,16.86,234.85,D,10+ years,MORTGAGE,37900,Verified,debt_consolidation,29.84,0,691,28.4,Charged Off
3300,36 months,13.55,112.07,C,10+ years,MORTGAGE,156100,Source Verified,debt_consolidation,14.39,1,691,30.8,Fully Paid
13300,36 months,17.54,477.76,D,3 years,RENT,65700,Not Verified,small_business,13.54,1,697,26.9,Fully Paid
13200,36 months,23.29,512.97,F,10+ years,MORTGAGE,59400,Not Verified,debt_consolidation,20.76,0,648,13.3,Fully Paid
36400,36 months,8.43,1147.88,A,5 years,MORTGAGE,127600,Verified,debt_consolidation,3.28,0,740,57.4,Fully Paid
17200,60 months,7.37,343.59,A,3 years,MORTGAGE,58000,Not Verified,debt_consolidation,30.64,0,710,27.7,Fully Paid
8500,36 months,11.07,278.56,B,2 years,MORTGAGE,55300,Not Verified,medical,21.85,1,728,,Charged Off
8700,36 months,16.08,306.21,D,8 years,RENT,40700,Verified,other,14.82,0,689,73.4,Charged Off
11300,60 months,17.41,283.33,E,2 years,RENT,66900,Source Verified,other,16.43,2,659,20.7,Charged Off
20200,36 months,27.36,828.58,G,3 years,RENT,54500,Verified,debt_consolidation,18.46,0,668,49.0,Fully Paid
20900,60 months,11.3,457.55,B,9 years,RENT,120900,Source Verified,debt_consolidation,14.69,0,705,40.9,Fully Paid
5900,36 months,14.33,202.59,C,3 years,RENT,60500,Source Verified,debt_consolidation,18.63,0,702,7.6,Fully Paid
11300,36 months,17.08,403.33,D,5 years,MORTGAGE,87600,Source Verified,home_improvement,20.33,0,690,32.9,Fully Paid
15100,36 months,16.4,533.86,D,< 1 year,RENT,37200,Source Verified,home_improvement,25.14,0,695,78.4,Fully Paid
27500,36 months,15.91,965.6,C,8 years,RENT,106900,Not Verified,small_business,24.32,0,697,43.7,Fully Paid
5400,36 months,10.71,176.05,B,< 1 year,OWN,191100,Source Verified,credit_card,12.06,1,707,43.1,Fully Paid
12200,36 months,14.89,422.26,C,9 years,RENT,130900,Source Verified,debt_consolidation,13.69,0,709,61.5,Charged Off
15800,60 months,9.86,334.62,B,7 years,MORTGAGE,144800,Not Verified,debt_consolidation,8.9,0,712,91.0,Fully Paid
4700,36 months,13.44,159.36,D,7 years,OWN,62000,Source Verified,debt_consolidation,24.75,0,688,60.4,Fully Paid
15800,36 months,15.64,552.68,D,9 years,OTHER,65500,Not Verified,debt_consolidation,14.72,0,660,38.4,Fully Paid
16900,36 months,10.27,547.46,B,5 years,RENT,63000,Source Verified,debt_consolidation,19.17,0,717,51.2,Fully Paid
9000,36 months,6.58,276.17,A,8 years,RENT,51400,Verified,debt_consolidation,8.82,1,769,59.5,Fully Paid
10700,36 months,10.72,348.89,B,2 years,MORTGAGE,79300,Source Verified,home_improvement,17.22,0,716,36.7,Fully Paid
18500,36 months,15.42,645.12,D,10+ years,RENT,29500,Verified,car,16.11,1,695,77.7,Fully Paid
13000,36 months,12.1,432.41,B,10+ years,RENT,58900,Not Verified,debt_consolidation,21.81,0,709,38.1,Fully Paid
7500,36 months,19.26,275.91,E,< 1 year,OWN,42100,Not Verified,debt_consolidation,14.87,0,679,54.8,Fully Paid
24000,60 months,7.13,476.7,A,8 years,OTHER,94100,Source Verified,credit_card,10.08,0,721,65.7,Fully Paid
19800,36 months,6.67,608.38,A,< 1 year,RENT,37200,Verified,credit_card,11.95,0,746,44.3,Fully Paid
5800,36 months,18.39,210.82,D,10+ years,MORTGAGE,33200,Not Verified,debt_consolidation,12.49,0,670,32.1,Fully Paid
26400,36 months,18.0,954.42,E,3 years,RENT,36100,Not Verified,debt_consolidation,15.85,0,683,72.7,Fully Paid
10400,60 months,10.98,226.02,B,8 years,RENT,47500,Source Verified,credit_card,11.08,1,711,28.3,Fully Paid
10800,60 months,14.51,254.16,C,5 years,MORTGAGE,99300,Verified,credit_card,11.15,0,708,45.0,Fully Paid
7200,60 months,11.43,158.09,B,10+ years,RENT,84200,Verified,credit_card,29.89,0,736,73.8,Charged Off
31100,60 months,12.64,701.9,C,,OWN,105800,Not Verified,debt_consolidation,23.62,0,722,86.0,Charged Off
4300,36 months,9.24,137.22,B,3 years,MORTGAGE,76900,Source Verified,debt_consolidation,18.86,1,711,28.0,Fully Paid
13700,36 months,6.43,419.45,A,8 years,MORTGAGE,107800,Source Verified,credit_card,21.81,0,741,78.8,Fully Paid
16100,36 months,6.98,496.97,A,7 years,MORTGAGE,60400,Source Verified,debt_consolidation,21.82,1,717,86.6,Fully Paid
27900,60 months,17.34,698.5,D,< 1 year,OWN,22900,Source Verified,debt_consolidation,24.06,2,694,52.5,Charged Off
8600,36 months,11.97,285.52,B,10+ years,RENT,65500,Verified,credit_card,25.93,0,739,90.8,Fully Paid
6700,36 months,12.04,222.66,C,10+ years,RENT,103600,Verified,debt_consolidation,19.28,0,698,53.2,Charged Off
5600,36 months,5.77,169.78,A,3 years,RENT,101700,Verified,debt_consolidation,16.42,1,745,84.1,Fully Paid
11000,60 months,11.1,239.72,B,6 years,MORTGAGE,74800,Verified,debt_consolidation,16.06,0,695,73.0,Fully Paid
11900,36 months,15.93,417.96,C,10+ years,RENT,179200,Verified,debt_consolidation,37.58,0,683,42.3,Charged Off
14500,36 months,11.06,475.12,B,5 years,OWN,80100,Source Verified,debt_consolidation,11.17,0,719,18.8,Fully Paid
13300,36 months,7.62,414.45,A,10+ years,RENT,152000,Not Verified,credit_card,48.45,0,751,78.5,Fully Paid
16800,36 months,12.7,563.63,B,3 years,RENT,28100,Verified,debt_consolidation,12.93,0,714,58.3,Fully Paid
8700,36 months,14.27,298.49,C,7 years,MORTGAGE,44200,Not Verified,debt_consolidation,17.86,0,694,26.3,Fully Paid
6900,60 months,11.01,150.06,B,9 years,RENT,121200,Not Verified,debt_consolidation,20.21,0,715,14.9,Fully Paid
12500,36 months,14.77,431.91,C,,MORTGAGE,64400,Verified,debt_consolidation,26.81,0,725,71.9,Fully Paid
17200,36 months,10.15,556.21,B,3 years,MORTGAGE,390500,Source Verified,other,15.83,1,735,41.2,Fully Paid
6900,60 months,12.64,155.73,C,6 years,RENT,49800,Source Verified,debt_consolidation,18.66,0,677,41.4,Fully Paid
9000,60 months,10.93,195.37,B,10+ years,MORTGAGE,82100,Verified,debt_consolidation,12.76,0,719,67.4,Fully Paid
8100,36 months,14.39,278.38,C,9 years,RENT,124000,Source Verified,debt_consolidation,16.96,3,704,88.3,Fully Paid
40000,36 months,18.53,1456.75,E,10+ years,RENT,76300,Not Verified,debt_consolidation,15.1,1,657,49.1,Fully Paid
10600,36 months,11.77,350.91,B,4 years,RENT,113900,Verified,home_improvement,20.87,1,701,66.1,Fully Paid
10400,36 months,10.31,337.09,B,,MORTGAGE,68400,Not Verified,debt_consolidation,22.59,0,719,30.3,Fully Paid
5000,36 months,18.64,182.37,D,2 years,RENT,39300,Verified,credit_card,21.78,1,674,32.8,Fully Paid
8700,36 months,9.83,280.03,B,,OWN,107200,Not Verified,debt_consolidation,18.46,0,721,92.4,Fully Paid
9600,36 months,17.01,342.31,D,10+ years,OWN,31600,Verified,credit_card,17.33,0,675,42.3,Charged Off
11400,36 months,12.76,382.79,C,6 years,RENT,16300,Not Verified,car,19.49,0,702,46.7,Fully Paid
6700,36 months,16.29,236.51,C,4 years,OWN,32400,Verified,debt_consolidation,13.53,0,687,65.6,Fully Paid
26100,36 months,14.36,896.61,C,7 years,RENT,114000,Not Verified,debt_consolidation,13.72,0,697,48.9,Fully Paid
4200,36 months,8.31,132.21,A,,MORTGAGE,20200,Source Verified,car,27.77,0,735,32.6,Fully Paid
19500,36 months,12.57,653.0,C,10+ years,RENT,110500,Source Verified,debt_consolidation,39.39,0,689,87.8,Fully Paid
9200,36 months,19.37,338.96,D,10+ years,MORTGAGE,222800,Not Verified,other,27.0,1,675,72.0,Charged Off
33600,36 months,11.46,1107.35,B,,MORTGAGE,50200,Verified,home_improvement,13.67,1,712,67.7,Fully Paid
24700,36 months,13.73,840.95,D,3 years,MORTGAGE,68100,Source Verified,major_purchase,19.83,0,683,70.9,Fully Paid
6700,60 months,13.38,153.75,C,5 years,RENT,68400,Source Verified,debt_consolidation,22.67,0,731,59.3,Fully Paid
8500,60 months,18.37,217.56,D,1 year,RENT,31800,Verified,debt_consolidation,14.04,0,684,53.1,Fully Paid
8100,60 months,14.48,190.49,C,3 years,RENT,97200,Source Verified,debt_consolidation,8.66,0,694,6.3,Fully Paid
4800,36 months,12.24,159.98,C,5 years,MORTGAGE,102300,Verified,debt_consolidation,28.77,1,708,31.8,Fully Paid
40000,36 months,12.87,1345.25,B,1 year,RENT,45900,Source Verified,credit_card,12.61,0,703,58.8,Fully Paid
12200,36 months,9.93,393.26,B,10+ years,RENT,268400,Not Verified,debt_consolidation,29.26,0,695,46.2,Fully Paid
8300,36 months,6.29,253.59,A,10+ years,MORTGAGE,71200,Verified,debt_consolidation,8.53,0,750,39.3,Fully Paid
19700,36 months,13.8,671.39,C,10+ years,MORTGAGE,41400,Not Verified,debt_consolidation,22.9,0,704,58.3,Charged Off
8600,60 months,14.34,201.63,D,1 year,MORTGAGE,83000,Verified,debt_consolidation,41.64,0,689,66.7,Fully Paid
11900,36 months,13.69,404.92,D,10+ years,MORTGAGE,64900,Source Verified,credit_card,22.08,1,673,64.3,Fully Paid
21100,36 months,16.92,751.43,D,10+ years,RENT,48400,Not Verified,debt_consolidation,23.62,0,660,41.4,Fully Paid
14100,60 months,7.55,282.87,A,2 years,MORTGAGE,103900,Source Verified,debt_consolidation,9.99,0,727,32.3,Fully Paid
11900,36 months,8.34,374.77,A,10+ years,MORTGAGE,83200,Source Verified,other,7.5,2,747,55.6,Fully Paid
20600,60 months,12.18,460.11,C,7 years,MORTGAGE,62200,Verified,debt_consolidation,29.29,0,683,92.8,Fully Paid
13000,36 months,14.19,445.51,D,10+ years,OWN,65600,Not Verified,debt_consolidation,14.71,1,683,23.7,Fully Paid
28700,36 months,16.14,1010.99,D,10+ years,MORTGAGE,90600,Source Verified,debt_consolidation,15.74,0,682,42.0,Fully Paid
11600,36 months,14.04,396.69,C,10+ years,MORTGAGE,53000,Not Verified,debt_consolidation,21.1,2,704,64.0,Charged Off
8000,36 months,11.87,265.22,B,6 years,OWN,35100,Verified,debt_consolidation,33.39,0,719,64.3,Fully Paid
10400,36 months,14.22,356.56,C,10+ years,MORTGAGE,52500,Source Verified,debt_consolidation,21.09,0,697,64.4,Fully Paid
11800,36 months,7.9,369.22,A,10+ years,RENT,41900,Verified,debt_consolidation,19.28,0,716,15.4,Fully Paid
16200,36 months,20.53,606.43,F,10+ years,MORTGAGE,82200,Not Verified,debt_consolidation,13.06,0,665,56.8,Charged Off
8500,60 months,10.62,183.2,B,10+ years,RENT,40200,Source Verified,other,16.14,0,711,71.2,Charged Off
25000,36 months,17.58,898.55,E,10+ years,RENT,88700,Verified,credit_card,6.17,1,663,50.1,Fully Paid
12000,36 months,13.5,407.22,D,3 years,MORTGAGE,113500,Verified,debt_consolidation,19.88,0,701,54.5,Fully Paid
17500,36 months,10.67,570.2,B,10+ years,OWN,242000,Source Verified,credit_card,16.11,1,721,40.7,Fully Paid
5600,36 months,6.37,171.3,A,1 year,RENT,66600,Not Verified,home_improvement,17.25,1,749,38.3,Fully Paid
17300,36 months,7.5,538.14,A,3 years,MORTGAGE,77400,Source Verified,debt_consolidation,23.88,0,748,36.4,Fully Paid
11400,36 months,12.54,381.59,C,8 years,RENT,59300,Verified,debt_consolidation,15.35,0,712,38.2,Fully Paid
9300,36 months,10.48,302.19,B,5 years,RENT,92300,Source Verified,debt_consolidation,8.61,0,702,23.1,Fully Paid
18400,36 months,18.53,670.11,E,4 years,MORTGAGE,110400,Not Verified,credit_card,29.23,0,672,34.9,Charged Off
8400,60 months,10.42,180.22,B,4 years,RENT,92600,Source Verified,debt_consolidation,15.44,0,723,72.9,Fully Paid
25100,60 months,11.69,554.41,B,10+ years,MORTGAGE,26700,Verified,credit_card,10.54,0,737,71.8,Charged Off
10200,36 months,12.71,342.26,C,5 years,RENT,127200,Not Verified,debt_consolidation,13.8,1,699,75.8,Charged Off
11900,36 months,9.9,383.42,B,10+ years,MORTGAGE,40000,Source Verified,debt_consolidation,14.63,0,721,29.8,Fully Paid
9700,36 months,6.53,297.43,A,10+ years,MORTGAGE,53900,Verified,car,20.98,0,753,56.4,Fully Paid
39900,36 months,15.3,1389.02,D,1 year,MORTGAGE,41900,Source Verified,home_improvement,20.53,1,690,46.8,Fully Paid
5600,60 months,11.11,122.06,B,4 years,MORTGAGE,45400,Source Verified,credit_card,14.06,0,702,37.9,Fully Paid
7600,36 months,15.36,264.8,D,< 1 year,MORTGAGE,62100,Source Verified,credit_card,6.22,0,686,35.2,Fully Paid
10300,36 months,10.04,332.55,B,2 years,MORTGAGE,63800,Not Verified,debt_consolidation,12.26,1,693,69.9,Fully Paid
16400,60 months,14.28,383.98,C,8 years,MORTGAGE,58600,Source Verified,debt_consolidation,10.62,0,699,45.0,Fully Paid
1600,36 months,9.9,51.55,B,5 years,MORTGAGE,116800,Not Verified,debt_consolidation,19.95,1,722,57.1,Charged Off
11600,36 months,11.35,381.69,B,10+ years,RENT,58000,Not Verified,debt_consolidation,41.35,0,718,89.4,Fully Paid
25800,36 months,7.41,801.47,A,10+ years,RENT,49100,Not Verified,debt_consolidation,14.06,0,730,42.9,Fully Paid
16600,36 months,10.95,543.07,B,10+ years,RENT,71000,Not Verified,small_business,39.24,0,726,18.3,Charged Off
24600,36 months,14.58,847.72,C,10+ years,MORTGAGE,110500,Verified,debt_consolidation,12.73,1,729,57.5,Fully Paid
5000,36 months,16.86,177.92,D,3 years,RENT,33400,Source Verified,credit_card,8.97,0,690,72.5,Fully Paid
12600,36 months,13.26,426.12,C,10+ years,RENT,76800,Verified,debt_consolidation,13.19,0,687,62.8,Charged Off
10300,36 months,15.2,358.06,D,10+ years,RENT,100000,Source Verified,other,9.93,1,690,75.5,Charged Off
20300,36 months,10.33,658.17,B,,RENT,21600,Verified,debt_consolidation,12.16,0,725,55.1,Fully Paid
20000,36 months,6.46,612.62,A,9 years,MORTGAGE,23400,Not Verified,other,6.11,0,730,53.3,Fully Paid
15100,60 months,10.0,320.83,B,< 1 year,MORTGAGE,55100,Source Verified,credit_card,21.97,0,736,21.4,Fully Paid
20500,36 months,9.23,654.09,B,4 years,RENT,43800,Not Verified,debt_consolidation,18.46,0,733,39.3,Fully Paid
13300,36 months,11.15,436.37,B,3 years,RENT,45400,Not Verified,debt_consolidation,36.38,0,708,63.1,Fully Paid
8800,36 months,7.19,272.48,A,1 year,MORTGAGE,84400,Not Verified,debt_consolidation,13.88,0,732,68.8,Fully Paid
17200,36 months,23.4,669.4,E,4 years,RENT,117500,Verified,debt_consolidation,24.23,0,676,73.1,Fully Paid
9800,36 months,13.6,333.04,C,< 1 year,RENT,33500,Source Verified,credit_card,18.79,0,693,52.0,Fully Paid
21500,60 months,16.69,530.75,D,10+ years,RENT,44100,Verified,credit_card,5.02,1,694,59.1,Fully Paid
19900,36 months,11.91,660.11,B,10+ years,RENT,52700,Source Verified,debt_consolidation,19.1,0,697,49.6,Fully Paid
13000,60 months,6.72,255.7,A,3 years,MORTGAGE,37300,Verified,credit_card,5.28,0,744,58.4,Fully Paid
26900,36 months,12.39,898.48,C,10+ years,RENT,80300,Not Verified,debt_consolidation,8.35,0,708,55.0,Fully Paid
8700,36 months,16.47,307.89,D,8 years,MORTGAGE,61400,Not Verified,debt_consolidation,11.97,0,706,27.5,Fully Paid
21400,60 months,10.19,456.69,B,3 years,MORTGAGE,72200,Source Verified,credit_card,24.31,0,723,78.2,Fully Paid
29100,36 months,15.27,1012.61,D,10+ years,MORTGAGE,70100,Not Verified,debt_consolidation,23.55,0,698,64.7,Charged Off
8000,36 months,15.91,280.9,D,5 years,RENT,140600,Not Verified,small_business,6.12,1,684,41.4,Fully Paid
13700,36 months,19.35,504.62,E,10+ years,OWN,187200,Source Verified,major_purchase,23.11,1,684,70.6,Fully Paid
5000,36 months,12.32,166.84,C,10+ years,MORTGAGE,217900,Not Verified,car,16.39,0,692,,Fully Paid
5200,60 months,16.25,127.15,D,3 years,RENT,65100,Verified,debt_consolidation,23.74,0,677,60.7,Fully Paid
16900,36 months,15.35,588.74,C,< 1 year,MORTGAGE,123600,Source Verified,debt_consolidation,34.82,0,698,56.1,Fully Paid
11000,36 months,7.24,340.86,A,10+ years,MORTGAGE,135800,Verified,home_improvement,14.87,0,752,63.5,Fully Paid
28700,60 months,13.26,656.84,D,6 years,RENT,329500,Source Verified,home_improvement,10.24,0,679,68.6,Fully Paid
6600,60 months,6.78,130.0,A,10+ years,MORTGAGE,71900,Not Verified,debt_consolidation,21.75,0,742,59.5,Fully Paid
12000,36 months,6.95,370.25,A,3 years,MORTGAGE,63200,Verified,credit_card,9.48,0,751,11.6,Fully Paid
19000,36 months,15.76,665.73,D,9 years,RENT,101900,Source Verified,debt_consolidation,10.95,0,705,48.8,Charged Off
8300,36 months,6.75,255.33,A,2 years,RENT,45800,Not Verified,debt_consolidation,24.55,0,767,45.0,Fully Paid
9900,60 months,11.69,218.67,B,10+ years,MORTGAGE,67800,Verified,credit_card,25.61,0,724,61.1,Fully Paid
22700,36 months,9.65,728.74,B,2 years,RENT,124000,Not Verified,debt_consolidation,17.3,0,711,46.3,Fully Paid
5500,60 months,13.42,126.33,C,10+ years,MORTGAGE,24700,Not Verified,major_purchase,16.76,0,705,41.8,Fully Paid
17000,36 months,11.79,562.94,C,10+ years,RENT,44700,Verified,credit_card,22.31,1,689,47.6,Charged Off
6900,36 months,12.59,231.13,C,8 years,RENT,75700,Source Verified,major_purchase,12.47,0,691,82.9,Fully Paid
15100,36 months,13.36,511.4,C,7 years,MORTGAGE,49500,Not Verified,debt_consolidation,6.86,0,698,45.2,Fully Paid
12200,36 months,14.69,421.07,D,2 years,RENT,45100,Verified,medical,19.53,1,700,57.2,Charged Off
23700,36 months,14.34,813.93,D,3 years,MORTGAGE,58000,Verified,debt_consolidation,16.98,0,701,84.1,Charged Off
11200,36 months,14.83,387.32,C,10+ years,MORTGAGE,117100,Source Verified,credit_card,26.71,0,690,88.3,Charged Off
6600,36 months,14.75,227.98,C,10+ years,RENT,72300,Source Verified,debt_consolidation,29.78,0,711,61.7,Fully Paid
3700,60 months,12.04,82.38,C,10+ years,MORTGAGE,41900,Not Verified,other,12.71,0,679,66.1,Charged Off
6600,36 months,16.29,232.98,D,10+ years,RENT,113400,Not Verified,credit_card,11.77,0,669,45.8,Charged Off
9000,36 months,6.2,274.61,A,2 years,MORTGAGE,44900,Not Verified,home_improvement,22.56,0,747,70.9,Fully Paid
21000,36 months,10.84,685.92,B,10+ years,MORTGAGE,62500,Not Verified,debt_consolidation,12.97,0,712,85.6,Fully Paid
7700,36 months,16.15,271.28,C,1 year,MORTGAGE,112700,Verified,other,20.42,0,688,61.9,Fully Paid
16700,60 months,14.61,393.88,C,5 years,RENT,62300,Not Verified,credit_card,16.93,2,720,15.1,Fully Paid
11800,60 months,9.71,249.03,B,2 years,MORTGAGE,49000,Not Verified,debt_consolidation,19.42,0,727,51.3,Fully Paid
4400,60 months,13.4,101.02,C,10+ years,RENT,118700,Source Verified,debt_consolidation,10.24,0,700,35.0,Fully Paid
10800,36 months,14.27,370.54,D,3 years,MORTGAGE,25400,Verified,major_purchase,28.18,1,703,38.8,Fully Paid
7800,60 months,13.15,178.07,C,2 years,OWN,57100,Source Verified,debt_consolidation,17.31,0,694,34.1,Fully Paid
16100,36 months,13.47,546.12,C,4 years,OWN,65600,Source Verified,debt_consolidation,14.04,0,688,16.2,Fully Paid
9600,60 months,16.64,236.73,D,< 1 year,RENT,220000,Source Verified,debt_consolidation,22.05,0,682,8.2,Fully Paid
6400,36 months,13.7,217.81,C,6 years,RENT,65600,Not Verified,debt_consolidation,18.35,0,710,27.9,Fully Paid
9400,60 months,10.94,204.1,B,3 years,RENT,157100,Not Verified,credit_card,11.38,0,709,22.4,Fully Paid
7900,36 months,11.2,259.38,B,10+ years,MORTGAGE,60600,Source Verified,home_improvement,12.22,2,702,74.4,Fully Paid
7800,36 months,13.64,265.22,C,10+ years,MORTGAGE,89400,Verified,medical,23.55,1,700,75.6,Charged Off
12700,36 months,13.61,431.65,C,,RENT,131900,Not Verified,credit_card,13.67,0,702,78.1,Fully Paid
11800,36 months,10.48,383.42,B,5 years,RENT,43300,Verified,debt_consolidation,9.48,0,727,34.3,Fully Paid
7300,36 months,12.55,244.39,C,4 years,RENT,29900,Not Verified,major_purchase,10.73,0,686,56.4,Fully Paid
23400,60 months,15.47,562.47,D,1 year,MORTGAGE,34000,Verified,credit_card,15.12,0,683,88.0,Charged Off
21400,36 months,17.47,767.98,C,6 years,MORTGAGE,56300,Source Verified,credit_card,18.34,0,699,81.8,Fully Paid
11700,36 months,15.19,406.67,D,10+ years,RENT,86600,Not Verified,debt_consolidation,14.69,0,672,34.3,Fully Paid
15700,60 months,10.68,338.86,B,8 years,RENT,59800,Not Verified,credit_card,18.54,0,714,78.9,Fully Paid
5500,60 months,11.92,122.12,C,6 years,MORTGAGE,47500,Not Verified,major_purchase,19.73,0,706,44.5,Fully Paid
20200,36 months,11.27,663.91,B,,RENT,88600,Verified,credit_card,33.7,0,697,27.0,Fully Paid
8100,36 months,7.04,250.25,A,1 year,MORTGAGE,102000,Verified,credit_card,23.98,1,743,51.9,Fully Paid
3400,36 months,10.59,110.65,B,10+ years,RENT,41800,Source Verified,home_improvement,20.43,0,734,72.5,Fully Paid
12100,36 months,17.54,434.66,D,< 1 year,MORTGAGE,46600,Verified,debt_consolidation,15.89,1,697,45.2,Charged Off
14600,60 months,11.04,317.73,B,< 1 year,RENT,55300,Source Verified,other,29.62,0,689,22.9,Charged Off
13000,36 months,10.84,424.62,B,3 years,MORTGAGE,102900,Source Verified,home_improvement,4.75,0,716,41.5,Fully Paid
15500,36 months,12.28,516.9,B,10+ years,MORTGAGE,80100,Verified,credit_card,28.63,2,729,28.5,Fully Paid
11800,60 months,14.86,279.85,C,6 years,RENT,74500,Not Verified,debt_consolidation,23.46,0,708,63.1,Charged Off
18100,36 months,11.41,596.09,B,1 year,RENT,181800,Source Verified,other,15.54,0,730,63.2,Fully Paid
25100,36 months,15.39,874.9,D,7 years,MORTGAGE,169400,Verified,home_improvement,26.2,1,690,21.0,Fully Paid
13300,36 months,6.17,405.64,A,9 years,RENT,146000,Not Verified,small_business,8.85,1,748,39.7,Fully Paid
34500,36 months,12.55,1154.98,C,5 years,MORTGAGE,122400,Not Verified,debt_consolidation,8.78,1,713,,Fully Paid
32300,36 months,28.85,1350.92,G,10+ years,MORTGAGE,60900,Source Verified,home_improvement,19.99,0,650,89.7,Charged Off
17400,60 months,10.29,372.19,B,1 year,OWN,132600,Not Verified,credit_card,31.05,1,725,68.4,Charged Off
17300,36 months,22.3,663.38,D,10+ years,RENT,70800,Verified,other,14.27,0,678,32.3,Fully Paid
6400,60 months,10.76,138.39,C,2 years,RENT,50700,Not Verified,home_improvement,11.83,0,692,39.1,Fully Paid
12700,36 months,13.93,433.62,C,6 years,RENT,47100,Not Verified,debt_consolidation,30.54,0,697,47.7,Charged Off
6800,60 months,5.87,131.05,A,10+ years,MORTGAGE,132200,Verified,debt_consolidation,17.92,0,744,25.8,Fully Paid
31400,36 months,17.94,1134.24,D,9 years,OWN,111000,Verified,credit_card,9.87,1,706,28.3,Fully Paid
9200,36 months,11.43,303.07,B,10+ years,RENT,83800,Not Verified,credit_card,10.25,0,726,51.6,Fully Paid
10000,36 months,8.7,316.6,A,5 years,OWN,164000,Verified,debt_consolidation,17.32,1,725,23.1,Fully Paid
18800,36 months,22.65,724.32,E,1 year,RENT,67600,Verified,credit_card,18.69,0,672,35.8,Charged Off
5100,60 months,12.89,115.75,C,3 years,MORTGAGE,103400,Source Verified,debt_consolidation,18.3,0,706,36.3,Fully Paid
9400,60 months,14.19,219.65,C,10+ years,OWN,14300,Verified,debt_consolidation,26.71,0,698,42.3,Fully Paid
40000,36 months,13.44,1356.25,C,7 years,MORTGAGE,41200,Verified,debt_consolidation,18.88,0,688,35.1,Fully Paid
36600,60 months,19.51,959.72,D,< 1 year,RENT,46400,Not Verified,debt_consolidation,5.33,0,682,60.9,Fully Paid
40000,36 months,14.21,1371.19,E,6 years,MORTGAGE,19100,Source Verified,debt_consolidation,13.63,0,679,86.8,Fully Paid
9900,36 months,10.22,320.47,B,10+ years,RENT,159100,Not Verified,debt_consolidation,14.77,0,719,59.0,Fully Paid
5400,36 months,14.92,186.98,C,4 years,RENT,146300,Verified,debt_consolidation,26.35,0,693,39.6,Fully Paid
10300,36 months,12.04,342.3,C,6 years,MORTGAGE,29900,Source Verified,credit_card,23.78,1,706,77.6,Fully Paid
7900,60 months,16.53,194.34,D,10+ years,RENT,163400,Verified,credit_card,50.0,0,678,82.6,Charged Off
15000,36 months,14.74,518.07,D,10+ years,MORTGAGE,56100,Verified,car,21.2,0,666,27.0,Fully Paid
10900,60 months,18.36,278.93,D,10+ years,MORTGAGE,65700,Source Verified,debt_consolidation,17.21,0,675,26.9,Fully Paid
6500,60 months,16.54,159.94,D,10+ years,RENT,73300,Verified,debt_consolidation,24.92,1,655,33.8,Fully Paid
14000,36 months,13.31,473.81,C,10+ years,OWN,106100,Verified,debt_consolidation,7.34,0,716,35.4,Fully Paid
6300,36 months,12.36,210.34,C,7 years,MORTGAGE,87700,Verified,credit_card,25.51,0,700,45.6,Charged Off
10200,36 months,5.94,310.03,A,< 1 year,MORTGAGE,202600,Verified,debt_consolidation,31.87,2,751,65.5,Fully Paid
12800,60 months,7.07,253.88,A,,MORTGAGE,54000,Source Verified,debt_consolidation,15.14,0,754,34.1,Fully Paid
19500,60 months,11.65,430.33,B,4 years,RENT,144300,Not Verified,medical,20.06,0,720,47.0,Fully Paid
40000,36 months,10.51,1300.29,B,10+ years,RENT,77100,Verified,debt_consolidation,21.69,0,702,71.5,Fully Paid
14100,36 months,6.42,431.64,A,10+ years,OWN,73200,Not Verified,credit_card,20.96,0,729,22.1,Fully Paid
7600,36 months,10.99,248.78,B,5 years,RENT,42200,Source Verified,major_purchase,14.65,0,708,40.3,Fully Paid
8300,36 months,7.64,258.72,A,10+ years,RENT,25800,Verified,home_improvement,22.07,0,742,31.0,Fully Paid
6100,36 months,8.27,191.91,A,7 years,RENT,37100,Not Verified,small_business,24.65,0,744,54.4,Fully Paid
7400,60 months,26.25,222.66,F,8 years,RENT,227500,Not Verified,debt_consolidation,22.86,0,678,41.5,Charged Off
7800,36 months,12.88,262.36,C,10+ years,MORTGAGE,83400,Verified,debt_consolidation,13.5,0,685,29.2,Fully Paid
6300,36 months,12.73,211.45,C,5 years,RENT,143200,Not Verified,other,18.92,2,694,55.9,Fully Paid
22300,36 months,13.94,761.51,C,< 1 year,MORTGAGE,60100,Not Verified,debt_consolidation,11.55,0,688,37.7,Fully Paid
16900,60 months,14.3,395.87,C,4 years,MORTGAGE,55500,Source Verified,debt_consolidation,16.87,0,690,52.7,Charged Off
4000,36 months,7.97,125.29,A,1 year,RENT,92600,Verified,debt_consolidation,15.06,1,765,26.5,Fully Paid
5700,36 months,17.88,205.73,D,10+ years,RENT,90000,Source Verified,debt_consolidation,31.61,0,664,64.4,Fully Paid
6100,36 months,11.0,199.71,B,7 years,RENT,78200,Not Verified,major_purchase,35.65,1,707,29.1,Charged Off
40000,36 months,6.97,1234.54,A,1 year,MORTGAGE,74600,Not Verified,debt_consolidation,17.17,1,725,57.7,Fully Paid
15200,36 months,15.87,533.41,D,2 years,RENT,48900,Source Verified,debt_consolidation,10.88,0,688,70.5,Fully Paid
23500,36 months,16.28,829.44,D,10+ years,RENT,57500,Verified,debt_consolidation,21.01,1,681,47.5,Fully Paid
10800,60 months,13.83,250.35,C,2 years,RENT,42700,Verified,debt_consolidation,21.97,0,671,32.0,Charged Off
11800,36 months,24.2,464.19,F,3 years,MORTGAGE,62900,Not Verified,debt_consolidation,8.53,0,659,10.0,Fully Paid
8400,36 months,16.42,297.06,D,5 years,OWN,38700,Source Verified,debt_consolidation,18.7,0,686,47.8,Fully Paid
10300,36 months,6.71,316.67,A,10+ years,MORTGAGE,43200,Verified,car,30.02,1,727,26.0,Charged Off
10800,36 months,7.96,338.23,A,1 year,RENT,58500,Verified,debt_consolidation,33.91,0,743,51.9,Charged Off
24900,36 months,15.21,865.73,D,1 year,RENT,188700,Not Verified,debt_consolidation,8.23,1,679,85.9,Charged Off
10300,36 months,16.45,364.41,D,10+ years,MORTGAGE,80200,Verified,home_improvement,9.64,1,670,62.4,Fully Paid
5300,36 months,9.89,170.74,B,9 years,OWN,47600,Source Verified,debt_consolidation,8.89,0,730,52.1,Fully Paid
40000,60 months,7.75,806.28,A,2 years,RENT,90200,Verified,debt_consolidation,10.63,1,771,60.3,Fully Paid
16400,36 months,13.01,552.66,C,5 years,MORTGAGE,99400,Source Verified,debt_consolidation,14.35,1,699,84.2,Fully Paid
4500,36 months,10.18,145.58,B,< 1 year,MORTGAGE,40000,Not Verified,home_improvement,18.94,0,719,20.3,Fully Paid
5300,36 months,14.83,183.29,C,< 1 year,RENT,97600,Not Verified,other,18.63,0,714,29.5,Fully Paid
21900,60 months,6.98,433.44,A,3 years,RENT,106600,Verified,debt_consolidation,3.43,0,751,80.8,Fully Paid
19600,36 months,7.23,607.25,A,5 years,RENT,62900,Source Verified,debt_consolidation,14.45,0,716,66.2,Fully Paid
7100,60 months,9.65,149.63,B,3 years,RENT,60800,Verified,credit_card,17.07,0,734,88.1,Fully Paid
6800,60 months,10.0,144.48,B,10+ years,RENT,75500,Not Verified,debt_consolidation,10.81,0,722,16.6,Fully Paid
9200,60 months,18.06,233.92,D,5 years,OWN,45900,Not Verified,credit_card,20.02,2,685,65.5,Charged Off
7800,60 months,15.05,185.77,D,< 1 year,RENT,88500,Verified,debt_consolidation,20.65,0,698,70.8,Fully Paid
14100,36 months,7.05,435.69,A,5 years,MORTGAGE,192600,Source Verified,credit_card,9.01,0,726,53.3,Fully Paid
9200,36 months,16.98,327.91,D,10+ years,OWN,63800,Source Verified,credit_card,16.8,1,659,9.5,Fully Paid
28800,36 months,13.18,972.88,C,< 1 year,MORTGAGE,41400,Verified,debt_consolidation,25.01,1,720,15.8,Fully Paid
2200,36 months,9.96,70.95,B,1 year,MORTGAGE,162000,Not Verified,credit_card,11.38,1,708,41.4,Fully Paid
12900,60 months,11.61,284.42,B,10+ years,OWN,90300,Not Verified,debt_consolidation,15.29,0,727,65.9,Fully Paid
40000,60 months,10.96,868.9,B,10+ years,MORTGAGE,45500,Verified,debt_consolidation,46.31,0,716,49.5,Fully Paid
17900,60 months,9.92,379.62,B,10+ years,OWN,94500,Not Verified,credit_card,22.52,0,741,76.8,Fully Paid
10000,36 months,8.1,313.83,A,10+ years,RENT,34800,Not Verified,car,16.76,1,738,50.4,Fully Paid
15800,36 months,17.02,563.47,D,1 year,RENT,50700,Not Verified,debt_consolidation,27.83,0,689,54.6,Charged Off
13500,36 months,10.95,441.65,B,3 years,OWN,97300,Not Verified,car,8.44,0,706,31.1,Fully Paid
17400,36 months,10.75,567.6,B,10+ years,MORTGAGE,92200,Source Verified,debt_consolidation,12.52,3,718,62.6,Fully Paid
13800,36 months,8.97,438.64,B,6 years,RENT,42600,Not Verified,debt_consolidation,24.21,0,718,,Fully Paid
26100,36 months,11.01,854.6,B,10+ years,MORTGAGE,34900,Source Verified,other,12.6,0,697,73.8,Fully Paid
15000,36 months,13.87,511.72,C,< 1 year,OWN,53700,Not Verified,credit_card,18.15,1,690,34.7,Fully Paid
12000,36 months,19.38,442.18,E,6 years,OWN,60800,Source Verified,debt_consolidation,22.36,1,667,62.1,Charged Off
29100,60 months,6.45,568.69,A,7 years,MORTGAGE,50900,Not Verified,debt_consolidation,10.32,0,755,83.8,Fully Paid
22400,36 months,11.44,738.02,B,10+ years,OWN,47600,Not Verified,debt_consolidation,16.05,0,721,83.8,Fully Paid
17500,36 months,6.25,534.37,A,10+ years,OTHER,74000,Verified,credit_card,26.03,0,754,77.5,Fully Paid
17000,36 months,10.17,549.9,B,2 years,RENT,36600,Verified,debt_consolidation,20.65,0,716,88.6,Fully Paid
4700,60 months,10.21,100.35,B,6 years,RENT,59300,Source Verified,debt_consolidation,4.56,0,717,28.1,Fully Paid
25600,36 months,7.09,791.51,A,< 1 year,MORTGAGE,34700,Not Verified,small_business,21.17,0,765,35.3,Fully Paid
16300,60 months,10.73,352.21,B,6 years,RENT,40300,Verified,debt_consolidation,16.95,0,726,17.4,Fully Paid
9000,36 months,9.97,290.28,B,8 years,MORTGAGE,73500,Source Verified,debt_consolidation,13.97,3,727,24.1,Fully Paid
21300,36 months,8.53,672.68,A,10+ years,RENT,79100,Verified,debt_consolidation,9.45,0,766,40.1,Fully Paid
13300,60 months,11.06,289.57,C,7 years,MORTGAGE,39800,Verified,credit_card,12.41,0,711,35.6,Fully Paid
11700,60 months,11.82,259.2,B,10+ years,RENT,99400,Source Verified,debt_consolidation,19.06,0,722,39.9,Fully Paid
12500,36 months,14.16,428.19,C,10+ years,MORTGAGE,78800,Verified,debt_consolidation,9.42,1,704,60.6,Fully Paid
18500,36 months,13.02,623.52,C,10+ years,MORTGAGE,31200,Source Verified,credit_card,18.38,3,716,56.1,Fully Paid
5100,36 months,10.65,166.12,B,1 year,RENT,121900,Not Verified,debt_consolidation,33.7,0,724,58.1,Fully Paid
20000,60 months,13.6,461.23,C,5 years,MORTGAGE,96300,Not Verified,debt_consolidation,26.14,0,712,26.2,Fully Paid
5300,36 months,11.73,175.35,B,5 years,OWN,94300,Verified,credit_card,12.44,0,696,60.2,Fully Paid
12900,36 months,17.38,462.36,D,2 years,OTHER,97800,Not Verified,debt_consolidation,9.6,0,672,83.0,Charged Off
33200,36 months,19.41,1223.87,E,1 year,RENT,49800,Source Verified,credit_card,16.06,0,672,40.0,Charged Off
13700,36 months,10.52,445.41,B,10+ years,RENT,53200,Verified,debt_consolidation,9.03,0,712,33.9,Fully Paid
10800,36 months,12.01,358.77,C,10+ years,RENT,73400,Not Verified,debt_consolidation,11.93,0,705,69.8,Fully Paid
7600,36 months,10.43,246.77,B,10+ years,MORTGAGE,33400,Source Verified,debt_consolidation,13.07,0,696,48.2,Charged Off
6200,36 months,9.32,198.08,B,10+ years,MORTGAGE,67000,Not Verified,debt_consolidation,34.96,0,716,45.5,Fully Paid
3700,60 months,17.37,92.69,E,,RENT,124800,Verified,credit_card,13.63,0,668,57.8,Charged Off
5500,36 months,14.01,188.0,C,8 years,MORTGAGE,208400,Source Verified,debt_consolidation,6.84,1,688,75.5,Fully Paid
25900,60 months,7.71,521.57,A,3 years,MORTGAGE,129100,Verified,credit_card,13.45,0,743,43.6,Fully Paid
5900,36 months,6.26,180.19,A,10+ years,MORTGAGE,105200,Source Verified,credit_card,30.37,0,720,50.7,Fully Paid
8200,36 months,6.67,251.96,A,3 years,RENT,83400,Verified,credit_card,11.8,1,764,69.5,Fully Paid
16000,36 months,20.33,597.31,E,,RENT,98500,Not Verified,debt_consolidation,30.43,1,668,33.7,Fully Paid
8400,36 months,16.63,297.94,D,10+ years,MORTGAGE,75900,Source Verified,debt_consolidation,50.0,0,682,38.3,Charged Off
11600,60 months,28.95,367.85,G,< 1 year,MORTGAGE,97400,Source Verified,credit_card,10.3,0,665,20.7,Fully Paid
21200,36 months,7.17,656.24,A,< 1 year,RENT,57600,Verified,debt_consolidation,32.52,0,736,63.0,Fully Paid
15100,60 months,23.24,427.76,E,10+ years,RENT,67000,Source Verified,debt_consolidation,17.5,0,659,20.2,Charged Off
14000,60 months,16.6,344.93,D,6 years,RENT,61300,Verified,debt_consolidation,13.03,0,670,63.4,Fully Paid
15000,36 months,28.2,622.08,G,10+ years,OWN,43500,Verified,debt_consolidation,5.61,0,640,65.7,Fully Paid
13000,60 months,11.4,285.25,B,10+ years,MORTGAGE,21900,Not Verified,credit_card,20.59,1,721,49.7,Fully Paid
3500,36 months,11.79,115.9,C,10+ years,MORTGAGE,89900,Source Verified,home_improvement,10.27,0,685,58.4,Fully Paid
5700,36 months,9.99,183.9,B,5 years,MORTGAGE,124600,Not Verified,medical,5.62,0,697,43.9,Fully Paid
11800,36 months,14.52,406.28,C,7 years,RENT,89400,Not Verified,credit_card,9.16,0,693,56.0,Fully Paid
21300,36 months,7.23,659.92,A,10+ years,MORTGAGE,74000,Source Verified,debt_consolidation,25.89,2,754,38.4,Fully Paid
12900,60 months,10.48,277.14,B,< 1 year,MORTGAGE,59000,Source Verified,debt_consolidation,11.86,1,742,63.8,Fully Paid
13200,60 months,17.05,328.41,D,1 year,OWN,37900,Not Verified,home_improvement,48.47,0,691,13.8,Fully Paid
11800,36 months,6.48,361.55,A,4 years,MORTGAGE,134200,Not Verified,debt_consolidation,17.86,0,734,43.4,Fully Paid
10000,36 months,6.39,305.99,A,2 years,OWN,49800,Source Verified,credit_card,24.65,1,750,32.1,Fully Paid
6700,36 months,13.35,226.88,C,6 years,RENT,53800,Verified,debt_consolidation,30.01,0,703,19.6,Charged Off
15900,36 months,14.95,550.79,C,10+ years,OWN,59400,Verified,credit_card,39.29,1,706,76.9,Fully Paid
7500,60 months,10.94,162.84,B,10+ years,MORTGAGE,33700,Not Verified,debt_consolidation,14.09,1,700,35.6,Fully Paid
14600,36 months,10.89,477.23,B,10+ years,MORTGAGE,87400,Not Verified,debt_consolidation,13.82,2,718,70.9,Fully Paid
4700,36 months,6.88,144.86,A,10+ years,MORTGAGE,80800,Verified,major_purchase,10.93,1,741,65.6,Fully Paid
9900,36 months,12.01,328.87,B,4 years,RENT,111900,Not Verified,credit_card,20.35,0,711,21.5,Fully Paid
10600,36 months,24.73,419.94,F,7 years,MORTGAGE,61400,Source Verified,debt_consolidation,13.86,0,665,74.1,Charged Off
8800,36 months,13.17,297.23,C,2 years,RENT,47000,Verified,debt_consolidation,26.63,1,699,51.4,Charged Off
5300,36 months,13.88,180.83,C,1 year,RENT,66100,Verified,other,17.27,1,680,47.8,Fully Paid
8100,60 months,13.94,188.22,C,1 year,OWN,99900,Verified,debt_consolidation,13.0,0,716,25.6,Fully Paid
14600,36 months,14.4,501.83,C,2 years,MORTGAGE,53600,Not Verified,credit_card,29.45,2,720,38.3,Fully Paid
6500,36 months,8.6,205.49,A,9 years,MORTGAGE,52500,Not Verified,home_improvement,24.04,0,758,38.6,Fully Paid
12700,60 months,10.62,273.73,B,2 years,OWN,63600,Source Verified,debt_consolidation,26.48,0,713,48.0,Fully Paid
16100,36 months,11.94,534.29,C,10+ years,MORTGAGE,97900,Verified,major_purchase,19.61,0,705,61.0,Fully Paid
20700,36 months,15.85,726.22,D,3 years,MORTGAGE,110300,Not Verified,debt_consolidation,20.08,0,670,90.8,Fully Paid
10800,36 months,10.83,352.71,C,10+ years,MORTGAGE,57900,Verified,debt_consolidation,43.6,0,701,,Charged Off
5200,36 months,9.8,167.3,B,10+ years,OTHER,121200,Verified,car,23.06,1,716,53.6,Fully Paid
8000,36 months,6.98,246.94,A,10+ years,MORTGAGE,57700,Not Verified,other,22.63,0,745,71.4,Fully Paid
30600,36 months,15.82,1073.09,C,4 years,RENT,49300,Not Verified,debt_consolidation,22.53,0,726,43.4,Fully Paid
5800,36 months,5.63,175.48,A,7 years,MORTGAGE,91100,Source Verified,credit_card,30.33,1,746,18.5,Charged Off
16100,60 months,15.18,384.54,D,10+ years,MORTGAGE,70400,Source Verified,debt_consolidation,35.53,0,683,76.6,Fully Paid
32500,36 months,10.83,1061.39,B,1 year,RENT,62000,Not Verified,debt_consolidation,19.4,1,719,49.4,Fully Paid
39900,36 months,14.21,1367.76,C,3 years,RENT,64700,Source Verified,debt_consolidation,17.41,0,705,65.3,Fully Paid
22000,60 months,23.08,621.2,F,10+ years,RENT,41100,Not Verified,debt_consolidation,18.91,1,657,50.7,Fully Paid
5600,36 months,11.95,185.87,B,10+ years,MORTGAGE,32500,Not Verified,credit_card,16.05,0,733,45.5,Fully Paid
14500,36 months,17.75,522.39,D,10+ years,RENT,36600,Source Verified,credit_card,11.24,0,682,68.6,Fully Paid
25600,36 months,8.24,805.05,A,5 years,MORTGAGE,72100,Verified,credit_card,18.5,1,739,,Fully Paid
6800,60 months,21.18,184.65,E,5 years,MORTGAGE,91300,Not Verified,other,34.34,0,672,45.3,Fully Paid
11100,36 months,17.97,401.12,E,10+ years,RENT,92300,Not Verified,debt_consolidation,18.39,1,675,45.2,Fully Paid
13900,36 months,13.11,469.08,C,5 years,RENT,42400,Verified,debt_consolidation,19.19,2,686,52.0,Charged Off
19100,36 months,13.19,645.3,C,1 year,RENT,31000,Not Verified,credit_card,21.17,0,699,19.5,Fully Paid
11400,60 months,23.02,321.5,F,10+ years,RENT,43700,Verified,major_purchase,9.61,0,651,38.5,Charged Off
15500,36 months,17.14,553.7,D,5 years,RENT,29600,Not Verified,major_purchase,10.14,0,695,43.6,Fully Paid
14200,60 months,7.29,283.12,A,4 years,MORTGAGE,155700,Source Verified,debt_consolidation,10.21,0,751,79.8,Fully Paid
7900,60 months,16.01,192.15,C,2 years,RENT,54200,Verified,credit_card,16.88,0,685,50.6,Fully Paid
16900,36 months,5.94,513.67,A,5 years,RENT,44300,Verified,debt_consolidation,18.82,0,736,23.9,Fully Paid
4700,36 months,11.77,155.59,B,7 years,MORTGAGE,72100,Not Verified,credit_card,15.34,0,719,68.3,Fully Paid
8000,36 months,14.26,274.43,C,3 years,MORTGAGE,58000,Not Verified,debt_consolidation,28.37,0,703,21.8,Fully Paid
15200,60 months,12.79,344.21,C,10+ years,RENT,50900,Source Verified,home_improvement,11.98,0,702,14.8,Fully Paid
10700,36 months,6.66,328.72,A,10+ years,MORTGAGE,18900,Not Verified,debt_consolidation,11.81,0,757,57.2,Fully Paid
15100,36 months,10.76,492.64,B,10+ years,OWN,34200,Source Verified,debt_consolidation,7.08,0,720,32.1,Fully Paid
6600,36 months,15.31,229.79,D,3 years,RENT,48100,Not Verified,debt_consolidation,8.5,0,690,27.6,Fully Paid
17200,36 months,9.68,552.42,B,10+ years,RENT,92800,Verified,debt_consolidation,18.5,0,717,27.2,Fully Paid
14700,36 months,15.76,515.07,D,10+ years,MORTGAGE,56500,Source Verified,other,13.2,0,675,44.8,Fully Paid
11800,36 months,12.93,397.19,C,7 years,MORTGAGE,89700,Not Verified,debt_consolidation,29.75,1,690,57.9,Fully Paid
11000,36 months,10.15,355.71,C,2 years,MORTGAGE,36200,Source Verified,debt_consolidation,29.29,0,709,52.3,Fully Paid
20900,36 months,13.69,711.17,D,9 years,MORTGAGE,111600,Verified,debt_consolidation,9.44,0,704,13.9,Fully Paid
12700,36 months,16.39,448.94,D,2 years,MORTGAGE,29600,Not Verified,debt_consolidation,23.26,1,702,49.0,Fully Paid
14200,60 months,7.44,284.13,A,1 year,MORTGAGE,76600,Source Verified,debt_consolidation,13.29,0,760,44.9,Fully Paid
5900,60 months,13.49,135.73,C,5 years,MORTGAGE,100900,Verified,credit_card,24.33,1,693,52.2,Charged Off
40000,36 months,9.96,1289.94,B,,RENT,39600,Verified,debt_consolidation,21.84,2,687,66.6,Fully Paid
17100,36 months,21.1,645.12,E,10+ years,MORTGAGE,175200,Not Verified,debt_consolidation,19.17,1,675,77.3,Charged Off
12900,36 months,9.87,415.46,B,2 years,MORTGAGE,161800,Not Verified,debt_consolidation,13.1,0,723,44.8,Fully Paid
6100,60 months,12.52,137.3,C,,MORTGAGE,191700,Not Verified,debt_consolidation,26.0,1,681,52.4,Charged Off
8300,36 months,13.97,283.55,C,10+ years,RENT,68800,Not Verified,debt_consolidation,8.28,2,686,61.9,Fully Paid
15200,36 months,10.79,496.12,B,1 year,OWN,44600,Verified,debt_consolidation,31.76,0,732,25.3,Fully Paid
13900,36 months,21.03,523.9,E,2 years,MORTGAGE,38000,Source Verified,home_improvement,26.64,0,666,44.0,Charged Off
21600,36 months,18.08,781.76,E,3 years,MORTGAGE,77600,Not Verified,debt_consolidation,18.78,0,656,82.8,Charged Off
8400,36 months,14.37,288.6,C,8 years,MORTGAGE,49900,Not Verified,credit_card,21.69,1,675,40.2,Fully Paid
15500,36 months,9.43,496.0,B,10+ years,RENT,58200,Verified,credit_card,19.53,1,713,42.9,Fully Paid
6800,36 months,15.36,236.92,C,10+ years,RENT,50600,Source Verified,credit_card,19.04,0,690,,Fully Paid
8900,60 months,11.3,194.84,B,10+ years,MORTGAGE,62500,Source Verified,medical,18.52,0,729,54.7,Fully Paid
7000,36 months,12.38,233.77,C,9 years,OWN,50500,Source Verified,credit_card,11.38,0,707,67.8,Fully Paid
14900,36 months,7.7,464.85,A,10+ years,MORTGAGE,209600,Not Verified,debt_consolidation,12.06,1,758,50.0,Fully Paid
3700,36 months,12.06,123.0,B,10+ years,MORTGAGE,34800,Verified,medical,22.88,0,712,39.4,Fully Paid
8600,36 months,8.84,272.84,B,1 year,RENT,65100,Verified,debt_consolidation,8.52,0,690,21.0,Fully Paid
18200,36 months,7.62,567.14,A,10+ years,RENT,90500,Verified,credit_card,21.39,0,739,15.6,Fully Paid
17300,36 months,9.53,554.41,B,7 years,MORTGAGE,34800,Source Verified,debt_consolidation,12.73,1,733,42.6,Fully Paid
9700,60 months,18.15,247.11,D,1 year,OWN,53100,Not Verified,debt_consolidation,19.85,0,687,61.9,Fully Paid
13800,36 months,8.06,432.82,A,10+ years,MORTGAGE,46300,Verified,debt_consolidation,23.4,0,733,60.5,Fully Paid
13800,36 months,11.06,452.19,B,2 years,MORTGAGE,90400,Verified,credit_card,5.02,1,711,50.3,Fully Paid
11100,60 months,22.37,308.91,E,10+ years,MORTGAGE,74300,Verified,home_improvement,14.83,0,680,45.0,Fully Paid
19300,36 months,6.13,588.28,A,10+ years,MORTGAGE,105900,Source Verified,debt_consolidation,25.41,0,748,56.3,Fully Paid
16600,36 months,12.49,555.25,C,10+ years,MORTGAGE,48600,Source Verified,debt_consolidation,4.78,0,698,81.9,Fully Paid
6100,36 months,6.41,186.71,A,10+ years,MORTGAGE,74000,Not Verified,debt_consolidation,19.86,0,733,53.4,Fully Paid
3100,60 months,11.06,67.49,B,6 years,MORTGAGE,97100,Verified,debt_consolidation,26.07,0,695,38.6,Fully Paid
13100,36 months,15.0,454.12,C,7 years,RENT,48900,Source Verified,credit_card,23.02,0,721,76.6,Fully Paid
12300,36 months,14.82,425.3,C,5 years,MORTGAGE,61900,Not Verified,credit_card,28.38,0,696,29.4,Fully Paid
3700,36 months,20.55,138.54,E,10+ years,MORTGAGE,81300,Not Verified,debt_consolidation,11.47,1,669,79.8,Fully Paid
10600,36 months,14.56,365.17,C,10+ years,RENT,44100,Not Verified,car,12.4,1,696,25.1,Fully Paid
8700,36 months,12.22,289.88,C,10+ years,MORTGAGE,64900,Verified,credit_card,13.12,0,702,44.2,Fully Paid
8400,36 months,12.92,282.71,C,10+ years,MORTGAGE,46000,Not Verified,other,22.78,1,684,68.4,Fully Paid
5500,36 months,12.24,183.31,C,2 years,RENT,88000,Source Verified,debt_consolidation,7.63,0,705,12.5,Fully Paid
17100,60 months,12.37,383.59,C,1 year,MORTGAGE,15900,Verified,debt_consolidation,11.53,0,709,64.4,Fully Paid
9600,36 months,11.71,317.53,B,3 years,MORTGAGE,75400,Source Verified,credit_card,34.34,0,703,15.0,Fully Paid
15800,36 months,16.41,558.68,D,10+ years,RENT,149400,Not Verified,medical,16.15,0,668,33.9,Fully Paid
9500,36 months,6.73,292.16,A,2 years,OWN,46200,Not Verified,debt_consolidation,30.79,2,762,38.9,Fully Paid
9300,36 months,19.79,344.63,E,10+ years,MORTGAGE,70300,Source Verified,debt_consolidation,10.03,0,657,68.3,Fully Paid
8600,60 months,10.81,186.17,B,9 years,RENT,125000,Not Verified,debt_consolidation,22.18,0,710,50.4,Fully Paid
16200,60 months,11.91,359.62,B,2 years,MORTGAGE,76400,Not Verified,other,8.48,1,718,51.8,Fully Paid
7300,36 months,15.51,254.88,B,10+ years,MORTGAGE,36500,Verified,credit_card,23.4,0,737,53.8,Fully Paid
8700,36 months,19.23,319.92,E,1 year,RENT,113500,Verified,major_purchase,18.77,0,695,33.0,Charged Off
13300,60 months,15.56,320.33,D,8 years,RENT,85900,Not Verified,credit_card,13.02,0,677,50.0,Fully Paid
10600,36 months,16.81,376.92,D,6 years,RENT,95000,Verified,debt_consolidation,11.8,0,675,84.1,Fully Paid
6100,60 months,6.6,119.64,A,10+ years,RENT,43600,Verified,car,20.51,1,747,49.2,Fully Paid
7100,36 months,17.39,254.51,C,2 years,OWN,28500,Verified,debt_consolidation,4.95,1,697,51.9,Charged Off
16000,36 months,5.48,482.99,A,3 years,MORTGAGE,42400,Source Verified,debt_consolidation,17.77,0,739,32.1,Fully Paid
17100,36 months,17.27,611.96,D,5 years,MORTGAGE,102100,Source Verified,major_purchase,12.94,0,698,37.8,Fully Paid
16600,36 months,11.71,549.06,C,10+ years,MORTGAGE,52300,Source Verified,debt_consolidation,21.84,0,704,67.3,Fully Paid
12800,60 months,8.32,261.5,A,2 years,MORTGAGE,99300,Not Verified,credit_card,9.32,0,757,44.9,Fully Paid
8700,36 months,9.71,279.54,B,10+ years,MORTGAGE,74700,Source Verified,credit_card,18.25,0,702,,Fully Paid
4400,36 months,23.8,172.16,F,1 year,RENT,74200,Verified,credit_card,18.55,1,653,74.8,Charged Off
5000,36 months,6.66,153.61,A,7 years,MORTGAGE,95100,Not Verified,debt_consolidation,16.67,0,753,18.9,Fully Paid
5800,36 months,10.22,187.75,B,10+ years,MORTGAGE,59200,Not Verified,debt_consolidation,5.8,0,711,40.1,Fully Paid
23000,36 months,13.92,785.19,D,< 1 year,MORTGAGE,215400,Source Verified,debt_consolidation,29.59,0,701,47.1,Fully Paid
21600,36 months,5.63,653.5,A,8 years,RENT,65400,Not Verified,small_business,17.02,0,739,38.1,Fully Paid
13700,36 months,13.86,467.3,C,10+ years,RENT,161500,Source Verified,credit_card,21.16,0,705,13.3,Fully Paid
11400,36 months,17.4,408.71,E,,RENT,63000,Source Verified,debt_consolidation,15.22,1,674,34.9,Fully Paid
20500,36 months,6.52,628.49,A,,RENT,76400,Verified,debt_consolidation,48.17,0,744,35.5,Fully Paid
4300,60 months,14.73,101.69,C,10+ years,MORTGAGE,197400,Source Verified,debt_consolidation,21.77,0,715,55.2,Fully Paid
7700,60 months,16.22,188.15,D,8 years,MORTGAGE,53700,Source Verified,credit_card,12.69,0,683,46.7,Fully Paid
11400,36 months,11.4,375.38,C,10+ years,MORTGAGE,44800,Not Verified,debt_consolidation,20.94,1,692,49.8,Charged Off
14100,60 months,9.77,297.99,B,10+ years,OWN,124000,Source Verified,debt_consolidation,11.78,2,725,78.6,Fully Paid
5500,60 months,13.16,125.59,C,5 years,RENT,31400,Not Verified,debt_consolidation,25.91,0,702,75.4,Charged Off
18000,36 months,10.15,582.08,B,10+ years,MORTGAGE,62200,Verified,debt_consolidation,7.52,0,726,35.3,Fully Paid
7700,36 months,13.08,259.74,C,10+ years,MORTGAGE,177500,Verified,credit_card,14.44,0,692,47.6,Fully Paid
25600,36 months,18.07,926.4,D,10+ years,RENT,68000,Verified,debt_consolidation,16.15,1,696,39.8,Fully Paid
25600,36 months,13.32,866.52,C,10+ years,MORTGAGE,32700,Verified,debt_consolidation,19.97,0,715,9.3,Fully Paid
11600,60 months,16.32,284.07,D,3 years,RENT,25800,Not Verified,debt_consolidation,20.12,2,678,28.5,Charged Off
8100,36 months,16.22,285.65,D,6 years,MORTGAGE,19800,Verified,credit_card,29.41,0,688,27.1,Charged Off
12900,36 months,12.78,433.29,C,10+ years,MORTGAGE,83100,Verified,debt_consolidation,10.33,0,706,69.2,Fully Paid
11800,36 months,20.32,440.46,E,1 year,RENT,40900,Not Verified,debt_consolidation,22.74,0,666,43.7,Fully Paid
11400,60 months,5.89,219.81,A,8 years,MORTGAGE,78600,Verified,car,5.34,0,750,67.2,Fully Paid
16700,36 months,21.09,629.95,E,10+ years,MORTGAGE,51900,Verified,debt_consolidation,18.55,0,652,48.1,Fully Paid
11200,60 months,7.41,223.95,A,3 years,MORTGAGE,42700,Source Verified,major_purchase,8.25,0,743,73.9,Fully Paid
15500,36 months,23.97,607.87,E,4 years,MORTGAGE,82900,Verified,medical,9.44,1,645,20.7,Fully Paid
4600,36 months,10.0,148.43,B,10+ years,RENT,28600,Not Verified,debt_consolidation,12.11,1,717,58.7,Fully Paid
12300,36 months,5.17,369.58,A,9 years,OTHER,55000,Verified,debt_consolidation,10.37,0,739,55.0,Fully Paid
8100,60 months,11.88,179.69,C,10+ years,MORTGAGE,20900,Source Verified,debt_consolidation,12.25,0,696,39.6,Fully Paid
17100,60 months,24.7,498.9,G,2 years,OWN,67300,Source Verified,debt_consolidation,11.34,0,657,14.6,Fully Paid
23100,36 months,17.59,830.38,D,3 years,RENT,37700,Verified,credit_card,5.24,0,670,50.5,Fully Paid
33100,36 months,7.05,1022.79,A,10+ years,MORTGAGE,42600,Not Verified,small_business,26.26,0,735,50.0,Fully Paid
19900,36 months,9.9,641.18,B,1 year,MORTGAGE,137300,Verified,credit_card,16.18,0,719,12.0,Fully Paid
4900,36 months,9.37,156.66,B,2 years,MORTGAGE,43100,Not Verified,debt_consolidation,26.55,0,698,27.9,Fully Paid
13600,36 months,9.87,438.0,B,2 years,MORTGAGE,83500,Not Verified,debt_consolidation,14.0,0,730,45.4,Fully Paid
25000,36 months,21.55,948.95,E,1 year,RENT,38800,Not Verified,debt_consolidation,17.28,2,670,20.1,Charged Off
13800,60 months,23.75,395.0,E,7 years,MORTGAGE,51100,Verified,debt_consolidation,15.91,0,667,75.1,Charged Off
12200,60 months,11.6,268.92,B,6 years,RENT,106100,Not Verified,small_business,23.68,0,713,88.5,Fully Paid
24700,36 months,15.01,856.35,C,,MORTGAGE,28100,Not Verified,credit_card,19.75,1,693,28.4,Fully Paid
9100,36 months,11.64,300.69,C,10+ years,OWN,23600,Verified,home_improvement,25.54,0,666,37.7,Charged Off
14700,60 months,5.52,280.92,A,8 years,RENT,163300,Source Verified,debt_consolidation,21.4,0,752,83.4,Fully Paid
17800,36 months,13.78,606.46,C,10+ years,MORTGAGE,75800,Not Verified,credit_card,21.14,0,715,87.1,Fully Paid
16900,36 months,5.89,513.29,A,6 years,MORTGAGE,83500,Source Verified,debt_consolidation,21.98,0,730,33.7,Fully Paid
28200,36 months,13.65,959.02,C,6 years,MORTGAGE,117800,Source Verified,debt_consolidation,33.24,0,728,63.4,Charged Off
16500,36 months,7.95,516.67,A,1 year,MORTGAGE,164800,Verified,credit_card,42.6,0,771,17.5,Charged Off
4800,36 months,9.95,154.77,B,10+ years,RENT,45900,Source Verified,credit_card,9.97,0,713,40.3,Fully Paid
12400,36 months,6.52,380.16,A,10+ years,MORTGAGE,75600,Not Verified,debt_consolidation,7.69,0,763,45.3,Fully Paid
26800,60 months,6.97,530.29,A,3 years,MORTGAGE,54800,Verified,credit_card,13.44,0,748,36.3,Fully Paid
13600,36 months,15.1,472.11,C,2 years,MORTGAGE,72900,Verified,debt_consolidation,42.44,1,684,60.0,Charged Off
12000,36 months,15.69,420.05,C,7 years,OWN,145200,Source Verified,credit_card,21.08,0,690,74.4,Charged Off
11800,36 months,13.04,397.82,C,10+ years,MORTGAGE,97500,Not Verified,debt_consolidation,7.76,0,714,83.2,Fully Paid
16900,36 months,11.46,556.97,B,3 years,RENT,39500,Not Verified,credit_card,13.66,0,705,44.4,Fully Paid
23200,60 months,14.81,549.62,C,10+ years,MORTGAGE,20500,Source Verified,debt_consolidation,18.53,0,697,61.5,Fully Paid
7500,36 months,22.66,289.0,E,10+ years,RENT,44400,Source Verified,debt_consolidation,42.23,0,660,22.9,Fully Paid
5400,36 months,9.73,173.56,B,4 years,MORTGAGE,94700,Verified,small_business,12.01,0,730,81.8,Fully Paid
10400,36 months,5.54,314.23,A,10+ years,RENT,93200,Not Verified,credit_card,13.54,0,762,50.4,Fully Paid
12400,36 months,19.39,456.98,E,3 years,MORTGAGE,68700,Not Verified,debt_consolidation,24.94,0,675,61.8,Charged Off
7300,60 months,13.06,166.32,C,< 1 year,OWN,58700,Source Verified,major_purchase,6.53,0,690,,Fully Paid
12600,36 months,13.05,424.85,C,4 years,RENT,106200,Source Verified,debt_consolidation,27.3,1,697,19.5,Fully Paid
26600,36 months,6.44,814.54,A,,RENT,75300,Not Verified,small_business,9.1,0,753,76.8,Fully Paid
19100,60 months,6.11,370.23,A,10+ years,OWN,115800,Source Verified,other,23.44,0,727,22.5,Fully Paid
19100,36 months,13.16,645.03,C,2 years,MORTGAGE,38100,Not Verified,credit_card,23.47,0,711,59.8,Fully Paid
15000,36 months,7.28,465.08,A,4 years,RENT,60800,Not Verified,major_purchase,15.55,0,764,18.8,Fully Paid
9100,36 months,23.95,356.78,F,3 years,RENT,40200,Verified,major_purchase,17.33,1,662,32.0,Fully Paid
26300,36 months,11.58,868.27,B,6 years,MORTGAGE,75000,Not Verified,debt_consolidation,26.03,1,693,43.7,Fully Paid
12200,60 months,10.27,260.84,B,10+ years,RENT,61400,Not Verified,debt_consolidation,8.32,0,710,27.3,Fully Paid
17800,60 months,11.58,392.18,B,8 years,MORTGAGE,81500,Verified,major_purchase,8.23,0,699,58.1,Fully Paid
16100,36 months,9.82,518.14,B,4 years,RENT,53100,Source Verified,debt_consolidation,7.64,0,722,18.3,Fully Paid
8200,60 months,20.4,219.08,F,< 1 year,RENT,138500,Verified,debt_consolidation,11.29,0,671,46.7,Fully Paid
13800,60 months,16.92,342.37,D,7 years,MORTGAGE,95300,Verified,debt_consolidation,19.76,0,693,38.3,Fully Paid
12600,36 months,12.44,421.15,C,7 years,MORTGAGE,64600,Source Verified,debt_consolidation,13.06,1,707,60.2,Fully Paid
6700,36 months,11.95,222.38,B,8 years,RENT,139700,Verified,debt_consolidation,14.48,1,738,60.5,Fully Paid
4100,36 months,17.68,147.57,D,10+ years,RENT,52800,Not Verified,car,15.68,0,680,59.1,Fully Paid
11200,60 months,6.75,220.45,A,9 years,MORTGAGE,91300,Verified,debt_consolidation,7.55,0,751,51.9,Fully Paid
4600,36 months,8.26,144.7,A,2 years,MORTGAGE,47200,Not Verified,credit_card,11.18,0,752,37.5,Fully Paid
22700,36 months,24.92,901.59,F,7 years,OWN,71900,Not Verified,medical,35.88,0,668,56.0,Charged Off
40000,36 months,10.74,1304.63,B,10+ years,MORTGAGE,73700,Not Verified,debt_consolidation,21.43,0,725,66.4,Fully Paid
40000,36 months,7.56,1245.35,A,10+ years,MORTGAGE,146200,Verified,debt_consolidation,10.3,2,747,63.1,Fully Paid
8100,36 months,7.83,253.19,A,5 years,RENT,74100,Verified,car,20.28,0,752,49.8,Fully Paid
5200,36 months,19.22,191.19,E,2 years,MORTGAGE,119200,Verified,credit_card,18.77,0,673,24.3,Charged Off
24300,36 months,6.44,744.11,A,3 years,RENT,77200,Verified,debt_consolidation,18.55,0,734,49.2,Fully Paid
15000,36 months,14.75,518.15,D,10+ years,RENT,45100,Not Verified,credit_card,27.06,0,682,45.6,Fully Paid
16300,36 months,14.04,557.41,C,2 years,MORTGAGE,159000,Source Verified,debt_consolidation,16.36,0,700,54.4,Fully Paid
14900,36 months,13.98,509.1,D,< 1 year,RENT,30300,Not Verified,debt_consolidation,23.46,0,677,86.3,Fully Paid
12300,36 months,11.47,405.43,B,1 year,OTHER,65100,Source Verified,small_business,16.88,0,718,55.6,Fully Paid
15100,36 months,12.93,508.27,C,3 years,MORTGAGE,119700,Source Verified,medical,29.75,0,701,62.0,Charged Off
5800,36 months,21.48,219.95,F,2 years,RENT,203200,Verified,debt_consolidation,21.63,0,659,83.3,Charged Off
26200,36 months,13.5,889.1,C,2 years,RENT,42900,Not Verified,debt_consolidation,17.33,0,721,72.9,Fully Paid
14300,36 months,20.36,534.07,E,< 1 year,OWN,52400,Verified,debt_consolidation,11.48,0,684,43.2,Fully Paid
10000,36 months,9.3,319.4,B,2 years,MORTGAGE,59500,Source Verified,debt_consolidation,32.94,0,699,60.1,Fully Paid
7500,36 months,13.39,254.12,C,< 1 year,MORTGAGE,43500,Source Verified,credit_card,5.74,1,709,56.3,Fully Paid
7300,36 months,12.89,245.58,C,2 years,MORTGAGE,79500,Not Verified,debt_consolidation,32.44,0,710,60.5,Fully Paid
13900,60 months,17.73,350.93,D,4 years,RENT,166500,Verified,debt_consolidation,32.13,0,683,54.3,Fully Paid
14600,36 months,13.39,494.68,C,9 years,RENT,113000,Verified,car,15.63,1,690,64.4,Fully Paid
7800,60 months,10.27,166.77,B,4 years,MORTGAGE,90200,Not Verified,credit_card,23.13,0,714,53.5,Fully Paid
13100,36 months,20.61,490.92,E,10+ years,OWN,87400,Not Verified,home_improvement,18.96,0,668,21.5,Charged Off
16600,60 months,14.18,387.8,C,6 years,MORTGAGE,40100,Source Verified,credit_card,6.39,0,712,37.9,Fully Paid
9600,36 months,12.94,323.18,C,10+ years,MORTGAGE,81500,Not Verified,debt_consolidation,20.23,1,688,13.9,Fully Paid
11800,60 months,14.96,280.47,C,10+ years,RENT,90800,Not Verified,major_purchase,24.21,0,693,49.9,Fully Paid
15700,36 months,10.27,508.59,B,1 year,MORTGAGE,118000,Source Verified,debt_consolidation,21.53,1,723,54.2,Charged Off
17700,36 months,12.55,592.55,C,1 year,MORTGAGE,120400,Not Verified,debt_consolidation,10.4,0,707,37.4,Fully Paid
40000,36 months,9.94,1289.56,B,4 years,MORTGAGE,94800,Not Verified,debt_consolidation,14.71,0,728,14.4,Fully Paid
12800,36 months,11.47,421.91,B,< 1 year,RENT,68600,Not Verified,credit_card,8.66,1,706,8.4,Fully Paid
7600,36 months,7.57,236.65,A,10+ years,MORTGAGE,53300,Not Verified,debt_consolidation,7.14,0,754,44.7,Fully Paid
4300,36 months,10.38,139.52,B,,MORTGAGE,46500,Not Verified,debt_consolidation,17.81,0,709,76.9,Fully Paid
10700,36 months,10.27,346.62,B,10+ years,RENT,48100,Not Verified,debt_consolidation,31.72,1,712,61.5,Fully Paid
16200,36 months,26.66,658.42,G,6 years,MORTGAGE,85300,Not Verified,debt_consolidation,8.36,1,635,27.1,Fully Paid
16000,36 months,10.63,521.02,B,10+ years,MORTGAGE,162100,Verified,debt_consolidation,17.39,0,707,22.9,Fully Paid
8500,36 months,10.45,276.07,B,10+ years,MORTGAGE,95700,Source Verified,debt_consolidation,42.69,0,727,55.1,Fully Paid
11000,60 months,6.86,217.09,A,10+ years,MORTGAGE,184000,Not Verified,small_business,13.96,0,736,37.6,Fully Paid
32500,36 months,9.42,1039.86,B,10+ years,MORTGAGE,38900,Source Verified,debt_consolidation,14.86,0,727,16.7,Fully Paid
7400,60 months,9.55,155.59,B,4 years,OWN,104200,Not Verified,credit_card,33.33,0,701,76.2,Fully Paid
21200,36 months,12.95,713.8,C,10+ years,OWN,38800,Source Verified,debt_consolidation,19.77,0,710,75.6,Fully Paid
13500,60 months,7.09,267.89,A,10+ years,MORTGAGE,81900,Verified,debt_consolidation,30.22,0,720,63.5,Fully Paid
4600,36 months,10.22,148.9,B,< 1 year,MORTGAGE,85600,Not Verified,debt_consolidation,17.2,0,718,,Fully Paid
32800,60 months,10.37,702.89,C,2 years,RENT,36700,Not Verified,credit_card,17.17,0,701,56.5,Fully Paid
3200,36 months,20.92,120.43,E,8 years,RENT,43300,Not Verified,credit_card,28.83,0,679,57.1,Charged Off
32600,36 months,7.76,1017.96,A,2 years,MORTGAGE,27100,Not Verified,debt_consolidation,20.47,2,745,67.1,Fully Paid
9500,60 months,7.13,188.69,A,5 years,MORTGAGE,34800,Source Verified,debt_consolidation,25.16,0,737,,Fully Paid
13000,36 months,8.63,411.16,B,4 years,RENT,52500,Source Verified,debt_consolidation,17.74,0,712,49.1,Fully Paid
10000,60 months,11.1,217.92,C,10+ years,MORTGAGE,107600,Source Verified,credit_card,10.78,0,704,21.8,Fully Paid
40000,36 months,8.39,1260.66,A,5 years,MORTGAGE,203600,Not Verified,debt_consolidation,29.89,0,749,47.6,Fully Paid
6000,36 months,9.29,191.61,B,1 year,RENT,54300,Not Verified,debt_consolidation,14.69,2,706,29.6,Fully Paid
18600,60 months,10.02,395.38,C,5 years,MORTGAGE,62500,Verified,major_purchase,21.8,0,704,20.1,Fully Paid
10100,36 months,21.55,383.38,E,2 years,RENT,39700,Not Verified,debt_consolidation,24.3,0,682,73.0,Fully Paid
25500,36 months,12.29,850.5,B,10+ years,RENT,57900,Verified,debt_consolidation,37.76,0,714,20.7,Fully Paid
2500,36 months,14.71,86.31,C,7 years,RENT,80400,Verified,home_improvement,23.09,0,690,52.7,Fully Paid
4100,60 months,12.41,92.05,B,5 years,RENT,81300,Source Verified,debt_consolidation,15.63,0,742,83.8,Fully Paid
7800,36 months,12.63,261.42,C,4 years,RENT,67100,Not Verified,debt_consolidation,22.65,0,683,31.0,Fully Paid
4000,36 months,13.75,136.23,C,10+ years,RENT,55700,Source Verified,credit_card,23.88,0,677,73.4,Charged Off
24400,60 months,14.69,576.51,D,10+ years,MORTGAGE,128800,Source Verified,credit_card,5.64,0,704,47.3,Fully Paid
6500,36 months,16.3,229.48,D,10+ years,RENT,39000,Verified,debt_consolidation,15.56,0,696,58.9,Fully Paid
13600,36 months,20.25,507.16,E,,MORTGAGE,36500,Verified,debt_consolidation,15.39,0,677,50.5,Fully Paid
9700,36 months,14.0,331.52,D,10+ years,RENT,71100,Verified,home_improvement,15.39,0,675,32.9,Charged Off
5100,60 months,11.55,112.29,B,6 years,MORTGAGE,98400,Not Verified,debt_consolidation,36.41,0,721,55.4,Charged Off
15400,36 months,15.88,540.51,C,6 years,RENT,102600,Source Verified,credit_card,21.95,0,693,72.5,Fully Paid
11300,36 months,10.77,368.72,B,< 1 year,RENT,54700,Not Verified,debt_consolidation,16.57,1,728,48.6,Fully Paid
6000,36 months,8.04,188.13,A,7 years,MORTGAGE,53500,Verified,major_purchase,20.7,0,728,42.8,Fully Paid
19400,36 months,16.43,686.17,D,7 years,RENT,72100,Verified,debt_consolidation,18.9,0,678,43.9,Fully Paid
16000,60 months,14.1,373.12,C,10+ years,MORTGAGE,35400,Not Verified,debt_consolidation,24.85,0,692,61.7,Fully Paid
4900,36 months,13.85,167.11,C,10+ years,MORTGAGE,95400,Verified,credit_card,14.29,0,697,42.5,Fully Paid
2900,36 months,13.58,98.52,C,10+ years,RENT,61000,Not Verified,debt_consolidation,29.74,0,697,72.5,Fully Paid
11000,60 months,13.74,254.47,C,7 years,MORTGAGE,143400,Not Verified,debt_consolidation,32.48,0,701,74.3,Fully Paid
4100,36 months,6.79,126.2,A,10+ years,MORTGAGE,111200,Not Verified,debt_consolidation,11.83,2,725,27.1,Fully Paid
18300,60 months,8.1,371.93,A,9 years,RENT,49600,Verified,debt_consolidation,27.46,0,750,58.8,Fully Paid
6700,36 months,25.8,269.23,F,1 year,MORTGAGE,53700,Source Verified,debt_consolidation,7.45,0,663,42.9,Charged Off
9400,36 months,13.29,318.04,C,6 years,MORTGAGE,31900,Source Verified,credit_card,7.78,0,711,71.9,Fully Paid
8800,36 months,16.02,309.47,D,< 1 year,MORTGAGE,30600,Source Verified,debt_consolidation,11.91,0,688,32.8,Fully Paid
29800,36 months,16.15,1049.89,D,4 years,MORTGAGE,61900,Verified,other,14.79,0,675,52.4,Charged Off
5400,60 months,5.66,103.55,A,2 years,RENT,80900,Source Verified,credit_card,16.58,0,748,54.4,Fully Paid
7700,36 months,20.15,286.75,E,2 years,MORTGAGE,47700,Not Verified,debt_consolidation,15.83,1,661,48.4,Fully Paid
13400,36 months,10.92,438.19,B,5 years,MORTGAGE,73800,Not Verified,debt_consolidation,15.31,0,722,49.9,Fully Paid
5000,36 months,19.81,185.33,E,6 years,MORTGAGE,86600,Source Verified,debt_consolidation,20.79,0,689,30.7,Charged Off
16900,36 months,13.24,571.38,C,3 years,RENT,61500,Verified,debt_consolidation,4.33,0,702,23.0,Fully Paid
15300,36 months,20.09,569.3,E,< 1 year,RENT,39000,Verified,small_business,16.64,0,660,33.5,Fully Paid
10500,60 months,8.43,215.07,A,8 years,MORTGAGE,32100,Source Verified,debt_consolidation,13.28,0,725,,Charged Off
31600,36 months,19.53,1166.82,E,10+ years,MORTGAGE,114000,Verified,credit_card,19.85,0,659,49.4,Charged Off
20700,60 months,7.77,417.45,A,10+ years,MORTGAGE,58000,Verified,debt_consolidation,13.59,1,752,31.5,Fully Paid
19900,36 months,14.02,680.33,C,10+ years,MORTGAGE,44500,Verified,debt_consolidation,10.4,0,692,75.6,Fully Paid
18600,36 months,14.81,643.05,D,10+ years,RENT,19700,Not Verified,credit_card,25.08,0,675,16.1,Fully Paid
24300,36 months,11.52,801.55,B,2 years,MORTGAGE,22700,Not Verified,home_improvement,4.53,0,729,76.5,Fully Paid
30800,36 months,14.04,1053.27,C,3 years,MORTGAGE,62000,Not Verified,debt_consolidation,42.24,0,699,25.8,Charged Off
16000,36 months,7.57,498.21,A,< 1 year,RENT,42500,Verified,debt_consolidation,17.73,0,739,36.5,Fully Paid
24300,60 months,18.04,617.59,D,1 year,MORTGAGE,103900,Verified,debt_consolidation,13.39,5,674,4.2,Fully Paid
16600,36 months,13.84,566.06,C,10+ years,MORTGAGE,73100,Not Verified,debt_consolidation,11.97,0,680,81.9,Fully Paid
11000,36 months,6.75,338.39,A,10+ years,RENT,99300,Not Verified,debt_consolidation,28.66,0,745,31.0,Fully Paid
6700,36 months,14.22,229.71,C,7 years,OTHER,34100,Not Verified,debt_consolidation,23.35,1,722,71.2,Fully Paid
11900,36 months,13.77,405.39,C,10+ years,MORTGAGE,177900,Source Verified,debt_consolidation,18.72,1,682,25.8,Fully Paid
7700,36 months,12.41,257.26,C,3 years,RENT,24200,Not Verified,debt_consolidation,21.69,0,710,,Fully Paid
18500,36 months,14.71,638.68,C,1 year,RENT,79500,Not Verified,debt_consolidation,21.42,0,714,58.3,Fully Paid
23900,36 months,6.14,728.6,A,10+ years,MORTGAGE,84400,Verified,major_purchase,17.34,1,743,80.9,Fully Paid
12300,36 months,11.36,404.79,C,5 years,MORTGAGE,87100,Verified,credit_card,19.55,0,676,47.8,Charged Off
15100,36 months,12.33,503.92,C,8 years,RENT,53700,Verified,debt_consolidation,20.61,0,698,41.8,Fully Paid
18300,36 months,14.3,628.12,C,3 years,MORTGAGE,50200,Verified,debt_consolidation,31.33,1,701,73.1,Charged Off
16900,36 months,14.64,582.87,C,10+ years,MORTGAGE,196400,Not Verified,debt_consolidation,23.11,1,697,93.9,Fully Paid
10600,36 months,11.55,349.8,B,4 years,MORTGAGE,72700,Not Verified,debt_consolidation,12.86,0,707,20.4,Fully Paid
10000,36 months,11.9,331.67,C,8 years,RENT,124600,Verified,credit_card,18.27,0,696,54.1,Fully Paid
20700,36 months,5.98,629.55,A,10+ years,MORTGAGE,58700,Verified,debt_consolidation,50.0,0,742,31.0,Fully Paid
6100,60 months,9.71,128.74,B,10+ years,MORTGAGE,44500,Not Verified,debt_consolidation,13.2,0,677,90.1,Fully Paid
6300,36 months,15.39,219.6,D,6 years,MORTGAGE,64600,Source Verified,credit_card,8.01,0,700,26.0,Fully Paid
16400,60 months,20.28,437.06,E,10+ years,RENT,162200,Source Verified,debt_consolidation,9.57,0,693,75.9,Fully Paid
6500,60 months,7.78,131.11,A,4 years,MORTGAGE,144500,Source Verified,credit_card,24.78,1,737,42.6,Fully Paid
6600,60 months,7.67,132.78,A,7 years,MORTGAGE,65600,Not Verified,major_purchase,32.77,0,725,26.3,Fully Paid
16400,36 months,6.87,505.41,A,,OWN,104600,Source Verified,debt_consolidation,26.23,0,749,76.6,Fully Paid
20100,36 months,10.02,648.76,B,5 years,RENT,71500,Source Verified,credit_card,33.51,0,719,29.5,Fully Paid
40000,36 months,6.64,1228.51,A,4 years,RENT,137700,Not Verified,debt_consolidation,15.84,0,739,41.1,Fully Paid
12700,36 months,15.56,443.74,D,10+ years,MORTGAGE,41700,Not Verified,debt_consolidation,27.76,0,682,69.1,Charged Off
6200,36 months,5.66,187.66,A,9 years,MORTGAGE,53000,Source Verified,debt_consolidation,23.98,0,758,51.8,Fully Paid
16600,36 months,19.23,610.42,D,6 years,MORTGAGE,186100,Verified,debt_consolidation,28.58,0,695,68.4,Fully Paid
9900,36 months,11.2,325.05,B,3 years,OWN,91300,Not Verified,credit_card,14.58,0,722,32.6,Fully Paid
21700,36 months,11.23,712.8,B,10+ years,MORTGAGE,36100,Source Verified,debt_consolidation,19.91,0,725,85.0,Fully Paid
11400,36 months,19.44,420.42,D,2 years,OWN,34700,Source Verified,credit_card,13.97,0,682,85.3,Fully Paid
31500,60 months,11.17,687.56,C,6 years,RENT,39000,Verified,credit_card,12.23,0,681,52.8,Fully Paid
5400,36 months,14.85,186.8,C,10+ years,MORTGAGE,32000,Not Verified,credit_card,5.09,0,726,50.7,Fully Paid
12700,36 months,16.47,449.45,D,10+ years,RENT,86700,Verified,other,16.28,0,685,62.1,Fully Paid
14700,36 months,6.73,452.08,A,3 years,RENT,66600,Verified,debt_consolidation,36.41,1,745,66.0,Fully Paid
23400,60 months,9.44,490.76,A,2 years,MORTGAGE,41500,Verified,medical,7.12,0,746,84.7,Fully Paid
7300,36 months,20.62,273.61,E,10+ years,RENT,66700,Source Verified,home_improvement,21.5,0,662,59.9,Charged Off
9100,36 months,14.81,314.61,C,10+ years,MORTGAGE,54900,Not Verified,debt_consolidation,23.49,0,698,43.5,Fully Paid
24000,36 months,27.93,991.82,G,10+ years,MORTGAGE,48500,Source Verified,debt_consolidation,8.69,0,653,74.5,Fully Paid
20700,36 months,10.41,671.92,B,7 years,RENT,145500,Source Verified,major_purchase,26.6,0,723,63.7,Fully Paid
9900,36 months,10.96,323.93,B,9 years,RENT,41600,Not Verified,car,12.12,0,712,65.5,Fully Paid
9300,36 months,11.38,306.15,B,,MORTGAGE,92100,Source Verified,debt_consolidation,17.82,0,737,49.6,Fully Paid
11300,36 months,11.64,373.38,B,10+ years,MORTGAGE,67200,Verified,debt_consolidation,32.91,0,721,37.1,Fully Paid
10000,36 months,12.48,334.44,B,3 years,RENT,26100,Not Verified,credit_card,26.72,1,722,59.8,Charged Off
10200,60 months,10.72,220.35,B,10+ years,MORTGAGE,64100,Not Verified,debt_consolidation,14.06,0,694,22.5,Fully Paid
8400,60 months,21.45,229.38,E,5 years,MORTGAGE,120100,Source Verified,car,20.39,0,665,74.3,Fully Paid
14600,60 months,15.73,352.95,D,10+ years,MORTGAGE,109900,Not Verified,home_improvement,5.9,0,678,37.0,Charged Off
10700,36 months,12.23,356.57,C,7 years,MORTGAGE,31500,Source Verified,debt_consolidation,18.87,0,707,67.9,Fully Paid
8900,60 months,13.9,206.63,C,9 years,MORTGAGE,87400,Source Verified,debt_consolidation,25.68,0,696,41.2,Fully Paid
16800,60 months,5.02,317.19,A,1 year,MORTGAGE,62100,Not Verified,debt_consolidation,27.69,0,743,12.9,Fully Paid
7500,36 months,12.13,249.57,C,10+ years,RENT,28200,Not Verified,debt_consolidation,15.0,1,698,81.2,Charged Off
19000,36 months,6.65,583.63,A,8 years,MORTGAGE,87400,Source Verified,credit_card,16.66,1,741,60.8,Fully Paid
15700,60 months,5.8,302.07,A,7 years,MORTGAGE,48800,Not Verified,car,18.76,1,759,49.0,Fully Paid
19200,36 months,15.83,673.4,D,,RENT,44900,Source Verified,medical,10.18,1,702,30.9,Fully Paid
5500,36 months,10.37,178.43,B,< 1 year,MORTGAGE,45100,Not Verified,debt_consolidation,29.36,0,689,61.8,Fully Paid
7400,60 months,25.45,219.16,G,,MORTGAGE,76000,Verified,debt_consolidation,29.75,0,646,81.9,Charged Off
10100,60 months,17.39,253.13,D,8 years,RENT,32100,Not Verified,credit_card,35.1,0,683,44.6,Charged Off
26900,60 months,7.09,533.8,A,4 years,RENT,77000,Source Verified,major_purchase,23.05,0,746,36.9,Fully Paid
28900,36 months,14.78,998.72,C,10+ years,MORTGAGE,139100,Source Verified,other,22.01,0,722,73.3,Charged Off
8500,60 months,8.45,174.19,B,1 year,MORTGAGE,35800,Verified,car,21.62,0,708,68.4,Fully Paid
12400,36 months,11.53,409.08,C,2 years,MORTGAGE,53200,Verified,debt_consolidation,2.55,0,676,62.9,Fully Paid
20600,60 months,19.57,540.86,E,7 years,MORTGAGE,89300,Verified,debt_consolidation,16.18,0,680,73.9,Charged Off
14300,60 months,13.56,329.48,D,10+ years,RENT,48100,Source Verified,home_improvement,15.38,2,686,40.0,Fully Paid
29200,36 months,13.34,988.65,C,5 years,MORTGAGE,108800,Not Verified,credit_card,19.01,0,692,58.9,Fully Paid
9000,60 months,6.91,177.83,A,1 year,RENT,77500,Verified,debt_consolidation,28.22,0,740,49.5,Fully Paid
14200,36 months,18.46,516.65,E,10+ years,OWN,67800,Source Verified,debt_consolidation,15.01,0,654,68.7,Fully Paid
11400,36 months,20.45,426.28,E,2 years,OWN,122600,Verified,credit_card,10.92,0,677,64.8,Fully Paid
9700,60 months,6.21,188.48,A,9 years,MORTGAGE,130300,Verified,debt_consolidation,18.37,0,736,83.6,Fully Paid
10200,36 months,19.57,376.84,D,4 years,MORTGAGE,40000,Not Verified,credit_card,17.78,0,691,90.2,Fully Paid
10400,36 months,10.59,338.47,B,2 years,OWN,135100,Not Verified,debt_consolidation,25.46,0,702,46.7,Fully Paid
8800,36 months,17.52,316.03,D,10+ years,RENT,47800,Source Verified,credit_card,14.32,0,691,46.8,Fully Paid
7200,36 months,19.6,266.11,E,10+ years,MORTGAGE,24900,Not Verified,debt_consolidation,8.61,0,673,49.8,Fully Paid
23200,60 months,10.95,503.85,B,10+ years,MORTGAGE,82900,Verified,debt_consolidation,20.86,0,732,70.1,Fully Paid
10700,60 months,13.83,248.03,C,1 year,MORTGAGE,35600,Verified,credit_card,6.22,0,711,95.4,Fully Paid
20500,60 months,12.37,459.85,C,6 years,RENT,53400,Not Verified,credit_card,19.0,0,685,60.6,Fully Paid
18200,36 months,7.38,565.13,A,1 year,MORTGAGE,64900,Source Verified,debt_consolidation,18.31,0,746,43.7,Fully Paid
5700,36 months,15.95,200.25,D,10+ years,RENT,41200,Verified,medical,11.89,0,691,54.0,Charged Off
22900,36 months,12.32,764.11,C,< 1 year,RENT,26500,Source Verified,debt_consolidation,5.53,0,683,82.5,Fully Paid
18200,60 months,13.0,414.11,C,7 years,RENT,42200,Source Verified,debt_consolidation,8.75,0,694,46.0,Fully Paid
16500,36 months,9.97,532.18,B,10+ years,RENT,65400,Verified,debt_consolidation,10.52,0,711,80.6,Fully Paid
14600,36 months,12.57,488.91,B,10+ years,MORTGAGE,38700,Source Verified,debt_consolidation,12.52,0,709,62.1,Fully Paid
12500,36 months,10.66,407.22,B,< 1 year,RENT,155000,Verified,home_improvement,30.71,0,715,35.0,Fully Paid
8100,36 months,17.74,291.78,D,3 years,MORTGAGE,119500,Verified,debt_consolidation,15.32,0,677,73.4,Charged Off
8600,36 months,9.41,275.12,B,10+ years,MORTGAGE,58400,Source Verified,credit_card,20.02,0,719,9.5,Fully Paid
13900,36 months,16.26,490.47,D,10+ years,MORTGAGE,63600,Not Verified,credit_card,18.89,1,696,96.5,Fully Paid
6700,36 months,6.78,206.2,A,10+ years,MORTGAGE,39300,Verified,debt_consolidation,17.73,0,735,67.0,Fully Paid
15700,36 months,5.66,475.21,A,10+ years,MORTGAGE,39500,Source Verified,major_purchase,17.48,0,756,54.9,Fully Paid
27600,36 months,12.44,922.53,C,9 years,OWN,201100,Source Verified,debt_consolidation,8.12,0,702,43.7,Fully Paid
14600,36 months,10.91,477.36,B,6 years,RENT,41400,Source Verified,debt_consolidation,13.98,0,686,41.9,Fully Paid
14000,36 months,22.75,540.11,F,10+ years,RENT,37900,Verified,debt_consolidation,31.75,1,657,45.2,Charged Off
15600,60 months,9.53,327.86,B,< 1 year,MORTGAGE,59300,Verified,debt_consolidation,13.12,1,728,21.3,Fully Paid
5300,36 months,23.77,207.29,F,2 years,RENT,132600,Not Verified,debt_consolidation,10.08,0,663,23.7,Fully Paid
6800,36 months,16.3,240.08,D,2 years,RENT,152700,Not Verified,debt_consolidation,13.94,0,683,49.3,Fully Paid
4800,36 months,9.9,154.66,B,10+ years,MORTGAGE,73100,Verified,home_improvement,10.23,0,729,66.8,Fully Paid
8900,36 months,14.29,305.44,C,10+ years,RENT,72000,Verified,debt_consolidation,15.11,0,680,37.8,Charged Off
4200,36 months,11.7,138.9,C,10+ years,MORTGAGE,19500,Verified,debt_consolidation,24.32,0,714,27.2,Fully Paid
29400,60 months,6.36,573.32,A,5 years,RENT,106300,Verified,debt_consolidation,20.08,0,743,43.8,Fully Paid
5300,36 months,25.78,212.92,G,1 year,MORTGAGE,39800,Verified,debt_consolidation,26.14,1,649,77.8,Fully Paid
23900,36 months,14.26,819.87,C,,RENT,113900,Verified,debt_consolidation,12.07,0,687,72.7,Fully Paid
13400,60 months,10.87,290.48,B,4 years,RENT,138200,Source Verified,debt_consolidation,10.01,1,699,60.2,Fully Paid
8300,60 months,10.53,178.52,B,9 years,MORTGAGE,53000,Not Verified,debt_consolidation,25.13,1,716,82.1,Fully Paid
17500,36 months,10.28,566.98,B,10+ years,MORTGAGE,58600,Source Verified,car,21.99,1,706,60.3,Fully Paid
11600,60 months,18.54,297.98,D,5 years,RENT,68200,Source Verified,home_improvement,16.35,0,689,14.5,Fully Paid
20300,60 months,16.09,494.63,D,8 years,MORTGAGE,50600,Verified,debt_consolidation,12.05,0,688,22.8,Fully Paid
22100,60 months,13.07,503.64,C,10+ years,RENT,61100,Not Verified,debt_consolidation,16.84,0,696,28.9,Fully Paid
9300,60 months,16.85,230.38,D,3 years,MORTGAGE,237100,Source Verified,credit_card,3.65,0,674,21.9,Fully Paid
6000,36 months,10.24,194.28,B,1 year,RENT,116100,Source Verified,major_purchase,16.47,0,716,41.5,Charged Off
19200,36 months,13.04,647.29,C,3 years,RENT,115600,Not Verified,credit_card,26.04,0,713,26.8,Fully Paid
7200,36 months,15.72,252.14,C,4 years,RENT,21200,Verified,credit_card,8.14,0,682,58.4,Fully Paid
12700,36 months,12.08,422.31,B,4 years,MORTGAGE,28000,Source Verified,debt_consolidation,33.92,0,727,9.3,Charged Off
6600,36 months,12.27,220.07,C,10+ years,MORTGAGE,68600,Not Verified,debt_consolidation,22.73,0,713,60.0,Fully Paid
9300,36 months,8.31,292.76,B,< 1 year,MORTGAGE,33400,Verified,debt_consolidation,8.46,0,716,38.9,Fully Paid
17600,36 months,9.99,567.82,B,10+ years,MORTGAGE,126100,Source Verified,home_improvement,22.49,0,710,55.7,Fully Paid
19300,36 months,12.51,645.75,C,5 years,MORTGAGE,60100,Verified,debt_consolidation,11.21,1,685,25.7,Fully Paid
6800,36 months,14.39,233.7,C,9 years,MORTGAGE,34500,Not Verified,credit_card,22.23,1,696,27.0,Fully Paid
6200,60 months,11.82,137.35,C,3 years,OWN,93900,Not Verified,debt_consolidation,30.9,0,702,76.5,Fully Paid
8500,36 months,10.13,274.79,B,3 years,MORTGAGE,164200,Verified,debt_consolidation,16.62,0,712,13.5,Fully Paid
4500,60 months,8.59,92.52,B,4 years,RENT,116200,Verified,small_business,19.46,1,695,47.5,Fully Paid
7500,36 months,14.92,259.7,C,8 years,MORTGAGE,24200,Not Verified,debt_consolidation,19.55,0,697,69.8,Fully Paid
8500,36 months,9.53,272.4,B,10+ years,MORTGAGE,56200,Source Verified,debt_consolidation,12.05,1,719,74.0,Fully Paid
4100,36 months,15.31,142.75,D,2 years,MORTGAGE,124300,Verified,debt_consolidation,19.3,0,705,39.9,Charged Off
12200,36 months,12.88,410.36,C,9 years,MORTGAGE,156200,Source Verified,credit_card,18.4,0,706,77.3,Fully Paid
9600,60 months,9.63,202.23,B,10+ years,MORTGAGE,71200,Not Verified,small_business,27.08,0,699,21.1,Fully Paid
21300,36 months,17.35,763.12,D,1 year,MORTGAGE,99900,Source Verified,debt_consolidation,9.78,0,684,13.1,Fully Paid
15400,36 months,9.96,496.63,B,2 years,OTHER,113200,Source Verified,debt_consolidation,35.66,1,706,31.3,Charged Off
6900,36 months,6.75,212.26,A,10+ years,MORTGAGE,140900,Not Verified,credit_card,17.77,1,733,22.6,Fully Paid
15200,36 months,16.57,538.67,D,7 years,MORTGAGE,86200,Verified,debt_consolidation,21.17,0,686,33.5,Fully Paid
4900,36 months,7.75,152.98,A,5 years,RENT,77500,Source Verified,debt_consolidation,21.83,1,757,76.8,Fully Paid
19600,36 months,7.73,611.75,A,5 years,MORTGAGE,61900,Verified,debt_consolidation,27.44,1,769,31.0,Fully Paid
8300,60 months,12.47,186.61,C,8 years,MORTGAGE,65600,Verified,credit_card,33.05,2,691,34.2,Fully Paid
14800,36 months,11.09,485.16,B,10+ years,MORTGAGE,34100,Source Verified,credit_card,18.33,0,719,62.3,Charged Off
7000,36 months,10.22,226.59,B,7 years,OWN,25800,Source Verified,credit_card,15.66,0,705,75.5,Fully Paid
12400,36 months,16.43,438.58,D,10+ years,RENT,74900,Verified,medical,26.89,1,686,13.1,Fully Paid
27400,60 months,19.08,711.98,E,10+ years,RENT,105900,Source Verified,debt_consolidation,33.92,1,680,78.3,Charged Off
4300,60 months,10.47,92.36,B,9 years,MORTGAGE,95600,Verified,debt_consolidation,34.7,0,719,63.3,Fully Paid
12700,36 months,13.23,429.32,C,3 years,MORTGAGE,108800,Source Verified,debt_consolidation,26.51,0,696,57.4,Fully Paid
10800,36 months,5.98,328.46,A,3 years,RENT,252000,Verified,debt_consolidation,30.58,0,746,42.9,Fully Paid
4300,36 months,9.62,137.98,B,1 year,MORTGAGE,79900,Source Verified,debt_consolidation,11.87,0,705,67.4,Fully Paid
8600,36 months,16.26,303.46,D,10+ years,MORTGAGE,42500,Verified,debt_consolidation,27.1,0,671,35.8,Charged Off
27400,36 months,12.47,916.24,C,8 years,MORTGAGE,72200,Source Verified,debt_consolidation,32.27,1,697,58.0,Charged Off
17600,36 months,17.39,630.91,D,10+ years,RENT,26600,Source Verified,credit_card,21.26,0,686,82.5,Charged Off
21500,36 months,10.06,694.35,B,3 years,OWN,124300,Not Verified,home_improvement,10.25,1,714,30.6,Fully Paid
11800,36 months,5.71,357.43,A,4 years,RENT,51900,Not Verified,debt_consolidation,12.88,0,739,37.8,Fully Paid
14600,36 months,14.78,504.54,C,4 years,MORTGAGE,93600,Verified,debt_consolidation,28.75,1,704,57.0,Fully Paid
12000,36 months,10.76,391.5,B,3 years,MORTGAGE,48000,Not Verified,credit_card,7.99,0,708,73.4,Charged Off
8800,36 months,11.89,291.82,B,4 years,MORTGAGE,37800,Not Verified,other,12.28,0,701,68.0,Fully Paid
8700,60 months,15.03,207.11,C,5 years,RENT,45400,Source Verified,credit_card,22.5,1,684,42.2,Charged Off
12600,36 months,10.18,407.63,B,10+ years,RENT,34700,Not Verified,credit_card,17.67,0,714,82.2,Fully Paid
14600,36 months,9.83,469.94,B,10+ years,MORTGAGE,68800,Verified,debt_consolidation,17.65,0,694,66.4,Fully Paid
15000,36 months,12.11,499.0,C,10+ years,RENT,239500,Not Verified,debt_consolidation,10.65,0,693,34.2,Fully Paid
26000,60 months,8.7,535.94,B,6 years,MORTGAGE,43500,Source Verified,debt_consolidation,12.59,1,718,92.9,Fully Paid
23300,36 months,9.87,750.4,B,2 years,MORTGAGE,49200,Source Verified,small_business,11.4,0,711,73.7,Fully Paid
19500,60 months,7.89,394.36,A,< 1 year,MORTGAGE,150400,Source Verified,credit_card,38.16,0,768,36.0,Fully Paid
7700,36 months,16.14,271.24,C,7 years,OWN,44100,Not Verified,credit_card,10.37,0,722,38.4,Fully Paid
12300,36 months,10.66,400.71,B,3 years,OWN,114000,Not Verified,debt_consolidation,19.27,0,709,17.7,Fully Paid
8500,60 months,7.37,169.8,A,4 years,OWN,17000,Verified,credit_card,19.87,0,740,51.8,Fully Paid
8100,36 months,15.96,284.61,D,7 years,RENT,102400,Source Verified,debt_consolidation,22.01,2,699,78.6,Fully Paid
9900,36 months,15.43,345.28,D,< 1 year,MORTGAGE,48100,Not Verified,credit_card,10.37,1,685,43.0,Fully Paid
11700,60 months,19.35,305.76,D,10+ years,OWN,108000,Verified,debt_consolidation,19.44,0,690,65.3,Fully Paid
15400,36 months,22.22,589.89,E,5 years,RENT,112400,Not Verified,other,26.32,0,672,44.8,Charged Off
13800,60 months,14.69,326.06,C,2 years,MORTGAGE,49000,Not Verified,debt_consolidation,13.25,1,711,37.9,Fully Paid
7600,36 months,15.53,265.43,D,9 years,OWN,24500,Not Verified,debt_consolidation,30.05,0,678,52.2,Charged Off
32400,36 months,17.23,1158.86,D,9 years,RENT,31000,Not Verified,credit_card,10.96,0,680,37.9,Fully Paid
22700,60 months,10.99,493.44,B,7 years,MORTGAGE,100300,Not Verified,credit_card,20.59,1,710,37.4,Charged Off
13500,36 months,12.03,448.59,B,7 years,OWN,69700,Verified,small_business,9.54,0,711,65.0,Fully Paid
14000,60 months,8.38,286.42,A,10+ years,OWN,78900,Verified,small_business,22.79,0,745,58.0,Charged Off
22100,36 months,10.76,721.02,B,6 years,OWN,66800,Verified,debt_consolidation,33.96,0,722,32.4,Fully Paid
21400,36 months,21.44,811.09,E,,MORTGAGE,89800,Not Verified,debt_consolidation,25.5,0,678,26.7,Charged Off
2100,36 months,11.47,69.22,B,10+ years,MORTGAGE,178500,Source Verified,credit_card,19.31,0,716,57.8,Fully Paid
10400,36 months,13.85,354.69,C,4 years,RENT,43600,Not Verified,credit_card,10.07,1,701,69.9,Fully Paid
8100,36 months,12.7,271.75,C,10+ years,MORTGAGE,61100,Verified,debt_consolidation,14.73,0,706,36.0,Fully Paid
9500,60 months,18.13,241.91,D,6 years,RENT,77400,Verified,debt_consolidation,35.03,0,665,64.7,Charged Off
7900,36 months,10.71,257.55,B,5 years,RENT,62300,Source Verified,debt_consolidation,8.74,0,715,38.5,Fully Paid
19700,60 months,12.38,442.01,C,4 years,RENT,127400,Source Verified,debt_consolidation,13.86,0,685,41.6,Fully Paid
17100,60 months,11.07,372.39,B,8 years,RENT,120600,Source Verified,debt_consolidation,27.79,0,733,46.8,Fully Paid
4600,36 months,11.04,150.69,B,10+ years,MORTGAGE,50000,Verified,credit_card,12.61,0,723,69.7,Fully Paid
14200,60 months,10.74,306.9,B,5 years,RENT,115800,Verified,car,15.87,1,701,61.3,Fully Paid
14400,36 months,15.46,502.43,C,5 years,OTHER,20800,Source Verified,debt_consolidation,18.11,2,699,72.4,Charged Off
8700,36 months,11.36,286.31,B,10+ years,OWN,141200,Source Verified,debt_consolidation,15.69,0,741,25.7,Fully Paid
8400,36 months,20.27,313.33,E,1 year,RENT,79900,Not Verified,small_business,8.55,0,688,58.0,Charged Off
12700,36 months,8.66,401.85,B,3 years,MORTGAGE,49500,Verified,credit_card,16.21,0,703,,Fully Paid
9900,36 months,12.17,329.63,B,10+ years,OWN,78100,Source Verified,debt_consolidation,13.66,0,698,12.9,Fully Paid
10600,36 months,7.23,328.41,A,< 1 year,MORTGAGE,74600,Not Verified,debt_consolidation,13.87,1,761,44.6,Fully Paid
6300,36 months,5.61,190.55,A,6 years,MORTGAGE,42600,Source Verified,debt_consolidation,12.54,0,740,45.4,Fully Paid
12300,60 months,7.4,245.88,A,10+ years,MORTGAGE,46700,Not Verified,debt_consolidation,9.62,0,751,68.7,Fully Paid
6200,36 months,13.33,209.89,C,10+ years,RENT,66200,Not Verified,credit_card,24.57,0,698,58.2,Fully Paid
23800,36 months,7.82,743.83,A,< 1 year,RENT,27000,Verified,credit_card,20.42,0,742,56.5,Fully Paid
13200,36 months,16.56,467.73,D,10+ years,RENT,77900,Not Verified,credit_card,10.73,0,691,12.6,Fully Paid
17800,36 months,10.96,582.41,B,10+ years,MORTGAGE,135800,Not Verified,home_improvement,15.67,0,718,75.7,Fully Paid
10700,36 months,20.06,397.98,E,10+ years,RENT,67000,Verified,credit_card,12.12,0,678,30.5,Fully Paid
25800,60 months,26.64,782.27,F,2 years,RENT,30500,Verified,debt_consolidation,11.28,0,653,15.9,Fully Paid
16300,60 months,11.17,355.78,B,5 years,MORTGAGE,26000,Not Verified,debt_consolidation,38.94,0,715,81.2,Charged Off
25400,60 months,14.01,591.15,C,3 years,OWN,102700,Not Verified,debt_consolidation,11.23,0,708,35.6,Charged Off
22700,36 months,11.33,746.72,C,1 year,RENT,28600,Not Verified,major_purchase,10.34,0,701,19.4,Fully Paid
5800,36 months,12.83,194.95,C,10+ years,RENT,17600,Source Verified,debt_consolidation,21.29,0,696,58.1,Fully Paid
17300,36 months,12.74,580.74,B,10+ years,MORTGAGE,59400,Source Verified,debt_consolidation,26.26,1,710,49.8,Charged Off
5300,60 months,12.36,118.86,C,< 1 year,OWN,83400,Not Verified,debt_consolidation,21.31,0,715,25.7,Fully Paid
26800,36 months,17.75,965.53,D,8 years,RENT,103900,Source Verified,debt_consolidation,29.17,1,667,49.4,Fully Paid
36000,36 months,16.94,1282.42,D,2 years,MORTGAGE,46100,Verified,debt_consolidation,33.96,0,689,70.8,Fully Paid
12400,36 months,13.83,422.78,C,6 years,MORTGAGE,49400,Not Verified,debt_consolidation,16.06,0,708,55.6,Charged Off
17200,36 months,19.78,637.29,E,,RENT,47500,Source Verified,debt_consolidation,20.69,1,664,62.8,Charged Off
28100,60 months,7.0,556.41,A,10+ years,RENT,67000,Source Verified,debt_consolidation,8.57,0,748,43.0,Fully Paid
14300,60 months,17.14,356.47,D,7 years,MORTGAGE,74600,Source Verified,debt_consolidation,14.72,0,694,46.8,Fully Paid
16600,36 months,16.08,584.26,D,4 years,MORTGAGE,126000,Not Verified,debt_consolidation,6.26,0,674,41.1,Fully Paid
17700,36 months,11.58,584.35,B,6 years,RENT,120000,Not Verified,debt_consolidation,15.12,0,731,28.9,Fully Paid
17900,36 months,11.24,588.06,B,5 years,RENT,100100,Source Verified,credit_card,11.99,0,741,48.6,Fully Paid
5700,36 months,16.38,201.47,D,10+ years,MORTGAGE,52700,Verified,debt_consolidation,12.19,0,686,76.6,Fully Paid
22200,60 months,14.79,525.69,C,10+ years,MORTGAGE,56600,Not Verified,other,23.36,1,712,53.1,Fully Paid
12600,60 months,12.75,285.08,C,10+ years,OWN,95400,Verified,credit_card,20.96,0,687,16.7,Charged Off
12300,36 months,13.37,416.63,C,,MORTGAGE,60400,Not Verified,debt_consolidation,18.77,0,709,51.3,Fully Paid
5900,36 months,17.7,212.41,D,1 year,MORTGAGE,60100,Verified,debt_consolidation,10.77,2,685,36.9,Fully Paid
15000,36 months,20.58,561.9,F,2 years,RENT,72700,Verified,debt_consolidation,24.79,0,670,96.5,Fully Paid
10100,36 months,18.44,367.37,E,5 years,MORTGAGE,86300,Verified,debt_consolidation,23.19,1,645,47.3,Fully Paid
40000,36 months,12.74,1342.75,C,10+ years,RENT,93400,Not Verified,debt_consolidation,9.21,0,696,38.6,Fully Paid
9000,36 months,13.5,305.42,C,2 years,MORTGAGE,148300,Not Verified,credit_card,13.3,0,702,77.3,Fully Paid
8000,60 months,16.62,197.19,D,2 years,MORTGAGE,74100,Verified,home_improvement,21.57,1,695,44.2,Fully Paid
9900,36 months,7.7,308.86,A,2 years,MORTGAGE,230200,Verified,medical,9.31,0,759,81.8,Fully Paid
6100,36 months,10.2,197.4,B,2 years,MORTGAGE,52200,Source Verified,major_purchase,20.03,0,730,78.0,Fully Paid
19100,36 months,10.83,623.77,B,10+ years,OWN,115600,Source Verified,debt_consolidation,32.42,0,722,56.9,Fully Paid
19700,36 months,10.78,642.9,B,10+ years,MORTGAGE,61800,Not Verified,major_purchase,18.14,0,718,29.5,Fully Paid
16100,60 months,15.24,385.05,D,1 year,MORTGAGE,69300,Verified,debt_consolidation,13.4,0,674,,Fully Paid
11600,60 months,6.71,228.11,A,10+ years,RENT,49300,Source Verified,credit_card,21.62,1,755,47.6,Fully Paid
20600,36 months,9.47,659.59,B,6 years,MORTGAGE,43900,Verified,debt_consolidation,21.76,0,720,25.2,Fully Paid
8800,36 months,10.05,284.16,B,5 years,MORTGAGE,198800,Source Verified,credit_card,28.1,0,719,55.7,Charged Off
9900,36 months,10.4,321.31,B,2 years,RENT,83700,Not Verified,debt_consolidation,24.53,0,716,47.0,Fully Paid
6400,60 months,13.63,147.69,C,< 1 year,MORTGAGE,108900,Source Verified,credit_card,44.53,0,708,58.5,Fully Paid
8900,36 months,13.94,303.92,C,1 year,MORTGAGE,72000,Source Verified,debt_consolidation,29.12,0,678,41.3,Fully Paid
9300,36 months,10.06,300.35,B,9 years,MORTGAGE,132400,Source Verified,credit_card,18.59,0,703,25.3,Fully Paid
8700,36 months,10.78,283.92,B,10+ years,RENT,55400,Verified,credit_card,16.64,1,708,48.8,Charged Off
11600,36 months,13.64,394.44,C,10+ years,MORTGAGE,65200,Not Verified,debt_consolidation,20.86,0,714,59.7,Charged Off
10700,36 months,17.65,384.95,E,10+ years,RENT,28000,Verified,debt_consolidation,25.05,1,664,44.2,Charged Off
16200,36 months,17.4,580.8,D,7 years,RENT,53100,Verified,debt_consolidation,12.51,1,698,72.8,Charged Off
10600,60 months,13.41,243.41,C,3 years,MORTGAGE,101600,Verified,debt_consolidation,18.77,0,720,57.1,Charged Off
6800,36 months,12.49,227.45,C,10+ years,RENT,64500,Verified,debt_consolidation,15.58,0,723,34.2,Fully Paid
16200,36 months,10.52,526.69,B,1 year,MORTGAGE,50800,Source Verified,debt_consolidation,20.85,1,726,30.4,Fully Paid
17700,36 months,6.9,545.72,A,10+ years,MORTGAGE,83200,Not Verified,credit_card,11.41,0,740,82.5,Fully Paid
5000,60 months,12.8,113.25,D,10+ years,RENT,71900,Verified,credit_card,11.36,1,697,60.5,Fully Paid
5900,36 months,7.23,182.8,A,8 years,MORTGAGE,27200,Source Verified,debt_consolidation,25.84,0,748,92.7,Fully Paid
6700,60 months,7.1,132.98,A,10+ years,MORTGAGE,22400,Not Verified,debt_consolidation,22.21,0,731,60.5,Fully Paid
31600,36 months,14.95,1094.65,C,8 years,MORTGAGE,53400,Source Verified,other,17.99,1,698,20.7,Fully Paid
6700,36 months,19.45,247.12,D,10+ years,MORTGAGE,76400,Verified,major_purchase,11.29,0,667,69.0,Charged Off
14400,36 months,9.95,464.31,B,5 years,OWN,118100,Not Verified,credit_card,14.27,2,702,29.0,Fully Paid
18200,36 months,15.79,637.97,D,1 year,MORTGAGE,97300,Source Verified,credit_card,15.24,0,696,54.3,Fully Paid
8200,36 months,16.02,288.37,C,10+ years,MORTGAGE,50300,Not Verified,other,11.64,0,715,52.6,Fully Paid
8100,60 months,20.82,218.31,E,3 years,RENT,68800,Verified,debt_consolidation,19.77,0,680,72.9,Charged Off
6200,36 months,14.73,214.11,C,10+ years,RENT,44100,Verified,debt_consolidation,25.7,0,703,67.9,Fully Paid
20400,36 months,15.22,709.37,D,9 years,MORTGAGE,101500,Verified,debt_consolidation,32.88,1,686,58.3,Fully Paid
13100,36 months,7.54,407.73,A,2 years,OWN,122400,Verified,debt_consolidation,21.11,0,761,38.1,Fully Paid
7600,36 months,10.38,246.59,B,10+ years,RENT,36400,Verified,debt_consolidation,8.22,0,699,55.9,Fully Paid
13900,36 months,14.86,480.9,D,10+ years,OWN,35400,Not Verified,debt_consolidation,38.21,1,698,38.5,Charged Off
22000,36 months,10.24,712.36,B,3 years,MORTGAGE,25700,Source Verified,car,26.52,0,718,58.3,Fully Paid
10000,36 months,7.1,309.23,A,7 years,RENT,25000,Source Verified,debt_consolidation,31.99,0,755,51.0,Fully Paid
26500,36 months,6.37,810.63,A,1 year,MORTGAGE,190600,Not Verified,home_improvement,15.18,0,760,55.6,Fully Paid
6400,60 months,16.8,158.37,D,3 years,RENT,39800,Not Verified,home_improvement,21.78,0,658,51.2,Charged Off
13400,60 months,6.49,262.12,A,1 year,MORTGAGE,59800,Not Verified,debt_consolidation,13.22,1,748,21.0,Fully Paid
10900,60 months,15.92,264.6,D,10+ years,MORTGAGE,94900,Not Verified,major_purchase,15.88,0,688,50.6,Fully Paid
14800,60 months,13.83,343.07,C,9 years,MORTGAGE,37300,Source Verified,home_improvement,9.79,0,701,29.5,Fully Paid
19900,36 months,8.04,623.96,B,< 1 year,RENT,24400,Not Verified,debt_consolidation,20.07,1,737,28.6,Fully Paid
6100,36 months,15.3,212.36,D,10+ years,RENT,87900,Not Verified,debt_consolidation,9.88,1,677,38.7,Charged Off
3500,36 months,14.68,120.78,C,9 years,RENT,60500,Source Verified,debt_consolidation,8.12,0,682,25.6,Fully Paid
32200,60 months,20.97,870.57,E,8 years,MORTGAGE,44400,Not Verified,car,19.56,0,659,58.5,Fully Paid
7500,36 months,11.4,246.96,C,6 years,MORTGAGE,37100,Not Verified,car,18.75,0,704,49.5,Charged Off
6500,60 months,16.95,161.37,D,3 years,MORTGAGE,44100,Source Verified,debt_consolidation,25.12,1,689,62.0,Fully Paid
17500,36 months,14.81,605.02,C,4 years,MORTGAGE,49700,Source Verified,debt_consolidation,21.28,0,713,35.7,Fully Paid
17900,36 months,6.33,547.23,A,7 years,MORTGAGE,27800,Not Verified,debt_consolidation,13.31,1,739,33.3,Fully Paid
10000,36 months,16.74,355.23,D,4 years,MORTGAGE,52500,Verified,credit_card,19.71,0,677,86.5,Fully Paid
8900,36 months,11.23,292.34,B,4 years,RENT,80200,Verified,debt_consolidation,9.33,0,703,18.3,Fully Paid
12700,36 months,13.94,433.69,C,7 years,MORTGAGE,134700,Not Verified,debt_consolidation,37.45,0,689,34.4,Charged Off
10000,60 months,13.29,229.02,D,10+ years,RENT,98300,Not Verified,debt_consolidation,16.94,1,662,85.7,Fully Paid
20100,60 months,18.43,515.12,D,10+ years,MORTGAGE,50600,Not Verified,debt_consolidation,14.81,0,686,57.0,Fully Paid
18300,36 months,20.48,684.58,E,7 years,MORTGAGE,35300,Source Verified,debt_consolidation,14.69,2,671,49.4,Fully Paid
7400,36 months,9.78,238.01,B,7 years,RENT,114200,Source Verified,debt_consolidation,20.9,0,693,33.0,Fully Paid
13600,60 months,6.59,266.67,A,4 years,MORTGAGE,171300,Not Verified,major_purchase,25.0,1,740,79.2,Charged Off
6400,36 months,19.76,237.07,E,7 years,MORTGAGE,37100,Not Verified,credit_card,18.3,1,677,46.0,Fully Paid
32600,36 months,10.41,1058.2,B,< 1 year,OWN,22200,Not Verified,debt_consolidation,5.88,0,713,59.5,Fully Paid
22000,60 months,11.11,479.54,B,4 years,MORTGAGE,42300,Not Verified,other,30.37,0,704,47.0,Fully Paid
7800,36 months,5.47,235.42,A,10+ years,RENT,59500,Not Verified,debt_consolidation,35.32,0,768,76.5,Fully Paid
8300,36 months,11.04,271.89,B,10+ years,RENT,42100,Source Verified,debt_consolidation,42.72,0,706,21.2,Charged Off
5000,36 months,26.12,201.77,F,10+ years,RENT,62600,Verified,credit_card,14.09,0,667,67.9,Fully Paid
8800,36 months,21.07,331.86,E,5 years,OWN,28700,Source Verified,debt_consolidation,21.08,0,673,28.0,Charged Off
14300,36 months,12.81,480.52,C,10+ years,RENT,61600,Verified,car,15.0,1,696,20.6,Fully Paid
7800,36 months,7.23,241.66,A,1 year,RENT,74200,Source Verified,debt_consolidation,20.67,1,736,53.0,Fully Paid
15500,60 months,9.57,326.06,B,5 years,MORTGAGE,131100,Source Verified,credit_card,24.95,0,711,93.4,Fully Paid
11600,36 months,19.78,429.8,E,,RENT,107500,Source Verified,debt_consolidation,16.1,0,682,24.0,Fully Paid
13900,36 months,16.56,492.53,D,2 years,RENT,154700,Verified,debt_consolidation,10.09,1,681,93.0,Charged Off
24400,36 months,13.74,830.86,D,10+ years,MORTGAGE,59200,Source Verified,other,12.89,0,675,45.1,Fully Paid
6700,36 months,11.87,222.12,B,10+ years,MORTGAGE,81200,Source Verified,credit_card,32.34,1,709,59.0,Charged Off
9600,36 months,14.8,331.85,D,,RENT,83000,Source Verified,debt_consolidation,43.1,0,682,47.8,Charged Off
20400,36 months,15.46,711.78,C,10+ years,MORTGAGE,71200,Not Verified,debt_consolidation,9.95,1,690,61.0,Fully Paid
5100,36 months,10.9,166.73,B,10+ years,RENT,89900,Verified,debt_consolidation,15.49,1,698,20.4,Fully Paid
40000,60 months,10.38,857.38,B,1 year,RENT,45200,Not Verified,major_purchase,16.54,0,719,35.3,Fully Paid
11100,60 months,17.83,280.84,D,10+ years,RENT,52200,Source Verified,debt_consolidation,37.11,1,667,39.0,Fully Paid
40000,36 months,16.46,1415.38,D,7 years,MORTGAGE,87500,Source Verified,debt_consolidation,41.7,0,690,72.3,Fully Paid
8500,60 months,13.07,193.71,C,5 years,MORTGAGE,147200,Not Verified,credit_card,13.99,2,690,50.3,Fully Paid
9100,36 months,12.13,302.82,C,10+ years,RENT,55400,Source Verified,debt_consolidation,16.39,1,698,,Charged Off
13200,36 months,13.11,445.46,C,10+ years,MORTGAGE,66900,Not Verified,debt_consolidation,14.13,0,686,54.6,Fully Paid
14600,36 months,8.24,459.13,B,10+ years,MORTGAGE,83300,Not Verified,credit_card,16.25,1,714,24.9,Fully Paid
17100,36 months,8.01,535.93,A,10+ years,RENT,41700,Verified,debt_consolidation,21.32,0,756,46.5,Fully Paid
13700,36 months,17.88,494.46,D,10+ years,MORTGAGE,108100,Source Verified,car,28.46,0,679,69.5,Fully Paid
40000,36 months,18.06,1447.3,D,10+ years,MORTGAGE,80200,Not Verified,credit_card,9.0,1,675,65.1,Charged Off
11900,36 months,14.06,407.06,C,3 years,RENT,104000,Not Verified,debt_consolidation,4.95,0,691,43.3,Fully Paid
8300,36 months,6.48,254.31,A,6 years,MORTGAGE,39500,Verified,debt_consolidation,12.52,1,764,55.0,Fully Paid
7800,36 months,13.28,263.87,C,9 years,OWN,78600,Verified,small_business,21.57,0,703,86.4,Fully Paid
10700,36 months,15.25,372.23,C,1 year,RENT,33000,Not Verified,home_improvement,5.7,0,711,73.5,Fully Paid
15000,36 months,13.25,507.22,C,10+ years,MORTGAGE,144600,Not Verified,credit_card,25.86,0,697,75.7,Fully Paid
7400,36 months,12.66,248.13,B,,RENT,47900,Not Verified,car,12.83,0,712,40.8,Fully Paid
6400,36 months,9.2,204.11,B,10+ years,MORTGAGE,84300,Verified,debt_consolidation,10.32,0,692,18.3,Fully Paid
7800,36 months,12.81,262.1,C,10+ years,RENT,28400,Source Verified,car,35.67,0,695,47.4,Fully Paid
6400,36 months,24.5,252.77,E,10+ years,MORTGAGE,49900,Verified,debt_consolidation,18.11,0,670,16.4,Charged Off
8000,60 months,14.69,189.02,C,10+ years,OWN,56800,Not Verified,credit_card,15.29,1,704,83.2,Fully Paid
6000,60 months,7.43,120.03,A,3 years,RENT,45000,Not Verified,debt_consolidation,22.34,0,739,16.9,Fully Paid
6800,60 months,11.65,150.06,C,7 years,MORTGAGE,32500,Verified,debt_consolidation,16.6,0,718,92.6,Charged Off
14000,36 months,12.06,465.4,B,3 years,RENT,100500,Source Verified,debt_consolidation,20.35,0,725,17.3,Fully Paid
4900,36 months,13.41,166.07,C,6 years,RENT,126500,Not Verified,small_business,22.84,0,692,,Fully Paid
21100,36 months,24.58,834.25,E,10+ years,RENT,58100,Not Verified,medical,29.2,0,673,70.1,Charged Off
9400,36 months,14.68,324.38,C,2 years,MORTGAGE,40100,Source Verified,medical,6.75,0,699,52.5,Fully Paid
13000,36 months,13.65,442.1,C,6 years,MORTGAGE,121700,Verified,debt_consolidation,15.41,0,698,83.5,Fully Paid
8600,60 months,12.79,194.75,D,4 years,RENT,50500,Source Verified,debt_consolidation,9.03,0,688,36.1,Charged Off
11500,36 months,6.88,354.46,A,10+ years,MORTGAGE,86100,Source Verified,credit_card,30.44,0,746,30.2,Fully Paid
6500,60 months,12.9,147.56,C,10+ years,MORTGAGE,66000,Verified,credit_card,11.84,0,698,31.5,Fully Paid
11700,36 months,15.06,405.93,C,10+ years,MORTGAGE,98100,Verified,other,9.96,2,692,64.9,Fully Paid
8400,60 months,10.57,180.84,B,3 years,MORTGAGE,60500,Source Verified,credit_card,24.69,0,724,48.9,Fully Paid
14400,60 months,10.27,307.87,B,10+ years,RENT,54600,Source Verified,credit_card,19.8,1,706,52.7,Fully Paid
6800,36 months,6.51,208.44,A,< 1 year,RENT,39400,Source Verified,debt_consolidation,12.18,0,735,67.2,Fully Paid
17100,36 months,9.84,550.49,B,< 1 year,MORTGAGE,29400,Not Verified,debt_consolidation,12.5,0,724,79.8,Fully Paid
19300,36 months,13.48,654.76,C,2 years,MORTGAGE,82700,Not Verified,other,16.02,0,709,70.6,Fully Paid
15500,36 months,15.61,541.95,C,3 years,RENT,59000,Source Verified,debt_consolidation,12.61,1,699,61.2,Fully Paid
10500,36 months,6.16,320.19,A,8 years,MORTGAGE,166100,Source Verified,home_improvement,15.5,0,729,48.0,Fully Paid
11000,36 months,14.16,376.81,C,10+ years,RENT,155700,Source Verified,car,11.65,0,700,48.1,Charged Off
11500,60 months,14.76,272.14,C,2 years,OWN,77800,Source Verified,debt_consolidation,7.19,0,700,65.8,Fully Paid
13700,36 months,8.33,431.4,B,6 years,MORTGAGE,135400,Not Verified,debt_consolidation,29.67,0,698,51.0,Fully Paid
21700,36 months,9.37,693.8,B,7 years,OWN,21900,Verified,credit_card,26.47,0,717,3.6,Fully Paid
11400,60 months,14.81,270.07,C,2 years,RENT,51200,Verified,medical,9.62,0,697,55.9,Fully Paid
20000,36 months,19.55,738.69,E,1 year,MORTGAGE,42600,Not Verified,debt_consolidation,8.73,0,659,64.1,Fully Paid
7400,36 months,8.9,234.97,B,10+ years,MORTGAGE,54900,Source Verified,small_business,21.46,0,731,16.6,Fully Paid
14300,36 months,19.38,526.93,E,4 years,RENT,40800,Not Verified,home_improvement,15.86,0,682,44.8,Fully Paid
6000,60 months,7.68,120.74,A,5 years,MORTGAGE,69400,Source Verified,debt_consolidation,19.53,0,760,60.7,Fully Paid
12400,36 months,10.29,401.8,B,2 years,MORTGAGE,79500,Source Verified,credit_card,13.35,0,713,,Fully Paid
11500,36 months,12.85,386.65,C,10+ years,RENT,112400,Verified,home_improvement,14.69,0,699,18.7,Fully Paid
5100,36 months,14.14,174.65,C,9 years,RENT,128100,Verified,credit_card,6.78,0,715,59.9,Fully Paid
15100,36 months,14.28,518.14,C,10+ years,MORTGAGE,54900,Source Verified,home_improvement,25.33,0,709,74.3,Charged Off
28600,36 months,17.12,1021.38,D,1 year,RENT,77900,Source Verified,debt_consolidation,19.45,0,667,65.5,Charged Off
10800,36 months,13.85,368.33,C,4 years,MORTGAGE,41200,Verified,debt_consolidation,13.28,0,678,75.1,Fully Paid
6000,36 months,10.3,194.45,B,5 years,RENT,111500,Not Verified,debt_consolidation,13.16,1,726,57.7,Fully Paid
9200,36 months,8.32,289.65,A,4 years,MORTGAGE,79700,Source Verified,debt_consolidation,3.39,0,728,53.3,Fully Paid
6600,36 months,7.85,206.36,A,9 years,RENT,33900,Not Verified,debt_consolidation,10.44,0,740,36.6,Fully Paid
40000,36 months,12.63,1340.64,B,7 years,MORTGAGE,48900,Not Verified,credit_card,36.83,1,733,44.1,Charged Off
25400,60 months,10.94,551.5,B,10+ years,MORTGAGE,110200,Source Verified,credit_card,27.15,0,720,72.6,Fully Paid
12800,36 months,7.11,395.87,A,4 years,MORTGAGE,116300,Not Verified,debt_consolidation,19.59,0,749,21.5,Fully Paid
16100,36 months,14.77,556.3,D,10+ years,RENT,48900,Source Verified,credit_card,26.59,0,671,36.7,Charged Off
4800,36 months,6.69,147.53,A,2 years,RENT,45800,Verified,other,8.7,1,750,32.1,Fully Paid
37100,36 months,22.04,1417.63,E,7 years,MORTGAGE,54800,Verified,credit_card,15.85,0,671,63.9,Fully Paid
4500,60 months,17.45,112.93,D,4 years,RENT,66800,Source Verified,credit_card,25.03,2,707,16.1,Fully Paid
19700,60 months,8.44,403.61,A,10+ years,MORTGAGE,31100,Source Verified,credit_card,13.5,0,767,26.8,Fully Paid
14200,36 months,10.93,464.42,B,8 years,OWN,85300,Not Verified,debt_consolidation,9.89,0,733,44.3,Fully Paid
6600,36 months,10.45,214.36,C,10+ years,OTHER,76200,Source Verified,major_purchase,17.78,0,685,67.3,Fully Paid
6700,36 months,30.0,284.43,G,2 years,RENT,147200,Source Verified,debt_consolidation,16.33,0,654,42.1,Fully Paid
10700,36 months,10.64,348.48,B,5 years,RENT,65700,Source Verified,debt_consolidation,11.55,0,711,34.2,Fully Paid
5000,36 months,9.4,159.93,B,10+ years,MORTGAGE,117800,Verified,debt_consolidation,17.99,0,729,50.0,Fully Paid
14300,36 months,14.06,489.16,C,10+ years,RENT,83300,Source Verified,credit_card,18.12,0,703,37.3,Fully Paid
13400,36 months,15.49,467.74,D,2 years,RENT,88000,Verified,credit_card,14.65,0,699,42.3,Fully Paid
19200,36 months,8.75,608.32,A,10+ years,RENT,78700,Not Verified,debt_consolidation,11.58,0,768,46.5,Fully Paid
9900,36 months,13.93,338.02,C,4 years,MORTGAGE,50400,Source Verified,debt_consolidation,24.72,0,711,47.8,Fully Paid
10900,60 months,15.09,259.83,D,9 years,RENT,62400,Source Verified,debt_consolidation,18.21,0,702,67.3,Fully Paid
10800,60 months,12.56,243.31,B,10+ years,MORTGAGE,24000,Not Verified,debt_consolidation,10.98,1,721,75.9,Charged Off
10700,60 months,15.59,257.88,D,10+ years,RENT,50600,Not Verified,home_improvement,15.06,0,706,39.8,Charged Off
15100,36 months,9.27,482.08,B,4 years,MORTGAGE,23800,Not Verified,debt_consolidation,15.39,0,703,62.8,Fully Paid
13000,36 months,12.68,436.02,C,5 years,RENT,81900,Verified,other,7.01,0,718,46.1,Fully Paid
15200,36 months,9.46,486.62,B,< 1 year,RENT,71900,Source Verified,debt_consolidation,11.57,0,704,28.2,Fully Paid
14000,36 months,17.58,503.19,D,7 years,MORTGAGE,82600,Verified,debt_consolidation,14.04,0,704,11.0,Fully Paid
32200,36 months,13.1,1086.5,C,,MORTGAGE,41000,Source Verified,debt_consolidation,35.94,0,683,20.5,Charged Off
17300,36 months,13.94,590.77,C,10+ years,MORTGAGE,50400,Verified,credit_card,7.46,0,685,75.0,Fully Paid
8800,60 months,15.39,211.16,D,10+ years,OWN,80600,Verified,debt_consolidation,26.0,0,690,24.4,Fully Paid
19200,36 months,11.55,633.6,B,10+ years,RENT,65500,Verified,debt_consolidation,22.61,1,703,64.3,Charged Off
24000,36 months,17.52,861.89,D,10+ years,RENT,80100,Not Verified,home_improvement,36.25,0,670,79.6,Charged Off
15800,36 months,19.84,585.9,E,1 year,RENT,108000,Source Verified,debt_consolidation,19.97,0,654,36.1,Fully Paid
21000,36 months,23.69,820.48,F,5 years,RENT,60000,Not Verified,credit_card,20.25,0,667,26.1,Fully Paid
20600,36 months,18.82,753.24,E,1 year,MORTGAGE,67100,Not Verified,debt_consolidation,17.92,0,668,76.0,Charged Off
10500,36 months,19.67,388.45,E,1 year,MORTGAGE,75600,Not Verified,home_improvement,35.64,1,667,79.9,Charged Off
28500,36 months,10.49,926.19,B,2 years,MORTGAGE,31900,Not Verified,debt_consolidation,14.23,0,731,38.9,Fully Paid
20700,36 months,12.5,692.49,B,2 years,OWN,82400,Verified,major_purchase,4.67,1,732,65.3,Fully Paid
17200,36 months,6.18,524.66,A,10+ years,RENT,98500,Verified,credit_card,11.54,0,730,45.0,Fully Paid
40000,36 months,27.37,1640.96,G,4 years,RENT,35900,Verified,credit_card,5.87,0,647,35.7,Fully Paid
20800,36 months,11.44,685.31,B,8 years,MORTGAGE,43500,Verified,credit_card,50.0,0,702,75.3,Fully Paid
3600,60 months,8.86,74.49,B,3 years,RENT,64800,Source Verified,debt_consolidation,22.48,2,703,58.7,Charged Off
5600,36 months,16.09,197.13,C,< 1 year,MORTGAGE,60700,Verified,debt_consolidation,34.1,1,694,30.0,Fully Paid
16100,36 months,14.67,555.51,C,< 1 year,MORTGAGE,38600,Source Verified,debt_consolidation,11.79,0,696,69.7,Charged Off
10100,60 months,11.93,224.31,B,5 years,MORTGAGE,35100,Source Verified,debt_consolidation,8.2,0,720,68.5,Fully Paid
11900,60 months,12.06,265.07,C,10+ years,RENT,86700,Not Verified,debt_consolidation,5.86,3,697,44.7,Fully Paid
9400,36 months,16.81,334.25,D,8 years,OWN,147200,Source Verified,debt_consolidation,5.01,0,682,48.2,Fully Paid
8400,36 months,13.49,285.02,C,3 years,RENT,23800,Verified,credit_card,25.12,0,710,28.0,Fully Paid
13300,36 months,9.89,428.47,B,3 years,RENT,144900,Not Verified,credit_card,17.25,0,708,53.6,Fully Paid
7100,36 months,6.51,217.64,A,10+ years,MORTGAGE,34700,Source Verified,credit_card,15.57,0,748,48.1,Fully Paid
11400,36 months,10.76,371.93,B,2 years,MORTGAGE,107500,Source Verified,credit_card,13.14,0,730,73.4,Fully Paid
6900,36 months,7.28,213.94,A,2 years,MORTGAGE,126200,Source Verified,debt_consolidation,30.19,0,746,36.8,Fully Paid
3900,60 months,7.83,78.76,A,6 years,OWN,72600,Source Verified,credit_card,18.83,0,746,68.5,Fully Paid
5500,36 months,11.77,182.08,C,6 years,MORTGAGE,79800,Not Verified,debt_consolidation,34.83,0,696,27.7,Fully Paid
24500,36 months,9.52,785.04,B,10+ years,RENT,121000,Source Verified,debt_consolidation,17.03,0,717,60.4,Fully Paid
33700,36 months,13.85,1149.33,C,10+ years,MORTGAGE,45500,Verified,debt_consolidation,50.0,0,698,42.1,Fully Paid
4300,36 months,10.26,139.27,B,10+ years,OWN,39300,Verified,major_purchase,11.13,0,717,35.1,Fully Paid
22400,36 months,10.57,728.79,B,2 years,RENT,80400,Source Verified,debt_consolidation,20.87,0,720,51.6,Fully Paid
6800,36 months,12.26,226.7,C,8 years,OWN,67900,Verified,debt_consolidation,12.17,0,706,22.6,Fully Paid
7200,36 months,15.97,253.02,D,8 years,OWN,174300,Not Verified,debt_consolidation,28.49,0,677,57.7,Fully Paid
3000,36 months,10.4,97.37,B,1 year,MORTGAGE,100900,Source Verified,debt_consolidation,9.27,0,709,34.1,Fully Paid
6600,36 months,11.27,216.92,C,1 year,MORTGAGE,78700,Source Verified,debt_consolidation,15.64,0,700,70.8,Fully Paid
21200,36 months,13.39,718.3,C,8 years,OWN,103700,Not Verified,debt_consolidation,9.99,0,686,47.6,Fully Paid
12900,60 months,13.78,298.69,C,10+ years,OWN,55900,Not Verified,debt_consolidation,26.9,0,710,39.3,Fully Paid
7700,36 months,9.23,245.68,B,8 years,MORTGAGE,59400,Source Verified,debt_consolidation,24.6,0,735,70.5,Fully Paid
10200,36 months,14.65,351.84,C,10+ years,MORTGAGE,61400,Source Verified,debt_consolidation,21.95,0,694,39.5,Fully Paid
13400,36 months,29.36,564.16,G,1 year,RENT,15100,Source Verified,debt_consolidation,18.09,0,661,48.6,Charged Off
34300,36 months,12.27,1143.68,B,9 years,RENT,203200,Verified,debt_consolidation,21.37,0,714,45.2,Fully Paid
13800,36 months,9.81,444.06,B,9 years,MORTGAGE,31300,Not Verified,debt_consolidation,31.1,0,703,47.1,Fully Paid
9100,36 months,12.83,305.87,C,2 years,MORTGAGE,97400,Verified,debt_consolidation,22.36,0,707,9.1,Fully Paid
22900,36 months,9.59,734.52,B,4 years,MORTGAGE,38200,Source Verified,credit_card,27.55,1,712,15.7,Fully Paid
34700,36 months,6.48,1063.2,A,2 years,RENT,124500,Verified,debt_consolidation,20.34,1,757,45.1,Fully Paid
10300,36 months,16.98,367.12,D,3 years,MORTGAGE,89500,Not Verified,debt_consolidation,12.04,0,667,54.7,Charged Off
8400,36 months,11.87,278.48,B,9 years,MORTGAGE,46300,Not Verified,debt_consolidation,11.7,0,715,81.3,Fully Paid
22700,60 months,11.19,495.71,C,10+ years,MORTGAGE,80500,Source Verified,debt_consolidation,14.74,1,697,73.7,Fully Paid
26100,36 months,20.69,979.17,E,10+ years,MORTGAGE,50600,Not Verified,credit_card,17.31,0,675,40.2,Fully Paid
14500,60 months,11.18,316.57,B,2 years,RENT,166100,Not Verified,credit_card,37.6,0,702,34.1,Charged Off
13400,60 months,16.7,330.87,D,10+ years,RENT,43100,Not Verified,other,10.82,0,703,69.0,Fully Paid
16100,36 months,12.89,541.62,C,< 1 year,MORTGAGE,72800,Not Verified,debt_consolidation,15.19,0,700,92.3,Fully Paid
15600,36 months,13.75,531.28,C,10+ years,MORTGAGE,33100,Source Verified,home_improvement,9.09,0,687,70.6,Fully Paid
16200,36 months,9.87,521.74,B,8 years,RENT,75700,Verified,credit_card,31.68,2,724,36.8,Fully Paid
12400,60 months,18.49,318.19,D,4 years,MORTGAGE,222800,Source Verified,debt_consolidation,25.66,0,698,57.8,Fully Paid
30600,36 months,7.28,948.76,A,3 years,MORTGAGE,73200,Source Verified,credit_card,16.32,0,761,34.9,Fully Paid
18600,60 months,7.37,371.56,A,3 years,OWN,77800,Verified,debt_consolidation,14.83,0,738,48.9,Fully Paid
15800,36 months,19.92,586.54,E,8 years,RENT,79400,Source Verified,debt_consolidation,11.96,0,676,49.1,Fully Paid
15600,60 months,14.21,364.69,C,6 years,RENT,89100,Not Verified,credit_card,18.02,0,670,13.5,Charged Off
19500,60 months,19.67,513.06,E,7 years,RENT,69700,Verified,home_improvement,8.64,0,660,35.2,Fully Paid
7300,36 months,5.74,221.22,A,2 years,OWN,135800,Source Verified,medical,35.41,1,729,50.1,Fully Paid
14800,60 months,13.11,337.58,C,10+ years,OWN,70300,Source Verified,debt_consolidation,19.11,1,698,38.5,Charged Off
40000,36 months,11.11,1311.63,B,10+ years,MORTGAGE,126400,Not Verified,debt_consolidation,19.08,0,705,11.1,Fully Paid
28200,36 months,13.89,962.3,C,3 years,RENT,52400,Source Verified,debt_consolidation,10.79,0,669,19.7,Fully Paid
8000,36 months,15.86,280.7,C,10+ years,MORTGAGE,93000,Source Verified,car,14.38,0,692,55.8,Fully Paid
18700,60 months,11.77,413.8,C,10+ years,MORTGAGE,129300,Not Verified,home_improvement,15.67,0,718,75.8,Fully Paid
40000,36 months,17.28,1431.69,D,7 years,RENT,83200,Source Verified,debt_consolidation,24.0,0,682,11.8,Charged Off
5800,36 months,5.96,176.34,A,3 years,MORTGAGE,42100,Verified,credit_card,12.94,0,758,75.2,Fully Paid
6800,36 months,10.8,221.98,B,6 years,OWN,24600,Not Verified,debt_consolidation,12.73,0,724,28.2,Fully Paid
10400,36 months,21.34,393.64,E,9 years,MORTGAGE,32900,Verified,credit_card,8.66,1,658,55.5,Fully Paid
8900,60 months,20.82,239.87,E,2 years,MORTGAGE,77200,Not Verified,home_improvement,19.61,2,662,59.8,Charged Off
4800,36 months,9.87,154.59,B,10+ years,RENT,51500,Not Verified,credit_card,14.02,0,694,75.2,Fully Paid
8100,60 months,13.88,187.97,C,7 years,RENT,84600,Source Verified,credit_card,12.85,0,715,45.2,Fully Paid
13100,36 months,11.11,429.56,B,8 years,OWN,43000,Verified,debt_consolidation,18.56,0,734,43.5,Fully Paid
10100,36 months,9.52,323.63,B,2 years,RENT,71000,Not Verified,credit_card,9.28,0,717,9.3,Fully Paid
6000,60 months,20.41,160.34,E,3 years,MORTGAGE,41200,Source Verified,credit_card,10.43,0,659,36.2,Charged Off
17700,36 months,12.01,587.98,B,5 years,MORTGAGE,49000,Verified,other,18.34,0,730,32.1,Fully Paid
18300,60 months,9.62,385.41,B,7 years,OWN,45600,Not Verified,small_business,16.88,0,710,70.5,Fully Paid
9100,36 months,20.72,341.54,E,2 years,RENT,219000,Verified,small_business,19.91,0,668,35.0,Charged Off
11100,36 months,6.17,338.54,A,6 years,RENT,28800,Verified,credit_card,5.88,0,749,23.8,Fully Paid
17800,36 months,24.34,701.53,G,10+ years,MORTGAGE,37000,Not Verified,debt_consolidation,10.24,0,647,60.3,Charged Off
17100,60 months,14.45,401.89,C,5 years,MORTGAGE,34800,Source Verified,other,14.23,0,680,30.0,Fully Paid
26900,36 months,8.79,852.79,B,,MORTGAGE,69600,Not Verified,credit_card,19.17,0,705,84.9,Charged Off
5300,60 months,10.2,113.13,B,< 1 year,MORTGAGE,137000,Verified,credit_card,22.85,0,718,70.0,Fully Paid
16200,36 months,11.51,534.29,B,10+ years,MORTGAGE,74900,Not Verified,home_improvement,5.79,0,703,93.3,Fully Paid
5400,60 months,12.75,122.18,C,10+ years,MORTGAGE,74800,Verified,debt_consolidation,15.25,0,708,32.2,Fully Paid
12500,36 months,21.71,475.51,E,5 years,RENT,71400,Not Verified,credit_card,19.45,1,657,63.1,Fully Paid
7600,36 months,17.44,272.63,D,2 years,MORTGAGE,29900,Source Verified,debt_consolidation,6.55,0,675,61.5,Charged Off
9400,60 months,13.55,216.53,C,1 year,MORTGAGE,46100,Verified,debt_consolidation,18.61,0,708,43.0,Fully Paid
11400,60 months,6.92,225.3,A,10+ years,MORTGAGE,73800,Not Verified,debt_consolidation,14.89,0,761,40.9,Fully Paid
24200,60 months,10.74,523.03,B,10+ years,RENT,144100,Source Verified,debt_consolidation,15.09,0,710,18.4,Fully Paid
14600,36 months,7.75,455.83,A,,OTHER,87800,Verified,major_purchase,13.4,0,761,59.8,Fully Paid
7400,36 months,14.95,256.34,D,9 years,RENT,70000,Verified,home_improvement,7.96,0,693,29.6,Fully Paid
7500,36 months,10.77,244.72,B,10+ years,RENT,29600,Not Verified,medical,13.73,0,698,73.1,Charged Off
19900,60 months,11.14,434.06,B,8 years,MORTGAGE,83000,Source Verified,debt_consolidation,5.66,0,690,39.8,Fully Paid
15200,60 months,20.6,407.8,E,10+ years,RENT,68900,Not Verified,debt_consolidation,15.15,0,679,22.9,Charged Off
7800,36 months,10.91,255.03,B,2 years,MORTGAGE,54300,Not Verified,other,18.57,0,719,29.3,Fully Paid
15100,36 months,14.91,522.78,C,5 years,MORTGAGE,118300,Not Verified,debt_consolidation,27.09,0,694,36.5,Fully Paid
10400,36 months,17.17,371.67,D,10+ years,RENT,102100,Verified,credit_card,5.54,1,691,86.7,Fully Paid
10500,36 months,11.49,346.2,C,9 years,OWN,72100,Verified,credit_card,20.84,0,691,63.3,Fully Paid
23900,36 months,9.02,760.24,B,8 years,OWN,36500,Source Verified,debt_consolidation,8.12,0,725,60.2,Fully Paid
14200,36 months,10.35,460.53,B,2 years,RENT,82200,Source Verified,debt_consolidation,18.28,0,720,60.7,Fully Paid
14200,60 months,13.59,327.4,C,9 years,MORTGAGE,99500,Verified,debt_consolidation,13.75,0,685,50.7,Fully Paid
9900,36 months,11.12,324.68,B,5 years,MORTGAGE,81300,Verified,debt_consolidation,27.93,1,724,59.2,Fully Paid
9300,36 months,15.18,323.21,C,5 years,MORTGAGE,76500,Verified,debt_consolidation,11.83,0,708,,Fully Paid
19900,36 months,20.17,741.28,E,10+ years,MORTGAGE,75900,Not Verified,credit_card,18.6,0,678,52.9,Fully Paid
25700,60 months,14.11,599.46,D,10+ years,MORTGAGE,43400,Verified,debt_consolidation,20.1,0,684,34.5,Fully Paid
14800,60 months,7.63,297.48,A,3 years,MORTGAGE,77200,Source Verified,credit_card,11.0,0,713,26.5,Fully Paid
4900,36 months,10.45,159.15,B,3 years,RENT,110800,Verified,debt_consolidation,10.72,1,702,66.6,Fully Paid
17500,60 months,10.87,379.36,B,3 years,MORTGAGE,83200,Not Verified,debt_consolidation,13.78,1,700,89.8,Fully Paid
9900,36 months,7.45,307.72,A,9 years,MORTGAGE,46200,Not Verified,car,41.91,0,726,41.8,Fully Paid
10200,60 months,18.19,260.07,D,10+ years,MORTGAGE,39600,Not Verified,debt_consolidation,8.82,0,668,46.0,Fully Paid
35800,60 months,11.4,785.54,B,10+ years,OWN,45500,Verified,debt_consolidation,18.63,0,712,28.6,Fully Paid
10000,60 months,15.69,241.54,C,2 years,MORTGAGE,26500,Source Verified,debt_consolidation,18.88,1,692,70.3,Fully Paid
13800,60 months,13.98,320.96,C,10+ years,MORTGAGE,42500,Verified,debt_consolidation,25.35,2,695,73.9,Fully Paid
24200,36 months,10.62,787.93,B,10+ years,MORTGAGE,95100,Not Verified,debt_consolidation,49.33,0,719,54.0,Charged Off
5100,36 months,10.85,166.61,B,2 years,OTHER,50200,Source Verified,debt_consolidation,34.94,0,740,12.6,Fully Paid
9700,36 months,11.57,320.19,B,10+ years,RENT,12000,Verified,debt_consolidation,17.42,1,713,49.5,Fully Paid
12600,36 months,9.78,405.27,B,5 years,RENT,103400,Not Verified,credit_card,30.7,0,711,15.7,Fully Paid
7800,60 months,13.12,177.95,C,1 year,RENT,85400,Not Verified,debt_consolidation,7.98,0,699,77.0,Fully Paid
5600,36 months,14.02,191.45,C,6 years,RENT,53800,Not Verified,debt_consolidation,24.21,0,689,43.7,Fully Paid
8100,36 months,14.78,279.92,C,1 year,OWN,60000,Verified,credit_card,22.63,2,702,58.5,Fully Paid
8100,36 months,13.93,276.56,C,7 years,MORTGAGE,111400,Source Verified,credit_card,9.73,0,710,40.6,Fully Paid
4800,36 months,24.66,189.99,F,10+ years,MORTGAGE,70500,Verified,debt_consolidation,19.95,1,655,38.4,Charged Off
12600,60 months,11.84,279.26,C,10+ years,OWN,36800,Not Verified,debt_consolidation,13.31,0,710,61.7,Fully Paid
23100,36 months,10.46,750.37,B,5 years,MORTGAGE,82100,Not Verified,debt_consolidation,8.3,0,701,77.5,Fully Paid
5800,60 months,5.63,111.14,A,5 years,MORTGAGE,117700,Verified,credit_card,44.69,1,744,83.2,Charged Off
8700,36 months,10.05,280.93,B,10+ years,MORTGAGE,70300,Not Verified,debt_consolidation,25.46,0,717,57.4,Fully Paid
8800,36 months,14.83,304.32,C,1 year,RENT,51900,Source Verified,debt_consolidation,4.72,1,691,53.6,Fully Paid
5700,36 months,19.04,209.05,D,6 years,MORTGAGE,50900,Verified,other,12.06,0,697,39.9,Charged Off
26500,60 months,5.83,510.23,A,9 years,MORTGAGE,52700,Not Verified,credit_card,18.04,0,757,35.2,Charged Off
14100,60 months,16.55,347.02,D,10+ years,RENT,206400,Verified,debt_consolidation,13.94,0,693,40.1,Fully Paid
20500,36 months,7.89,641.36,A,3 years,MORTGAGE,94200,Not Verified,debt_consolidation,13.39,1,726,59.1,Fully Paid
39400,36 months,10.17,1274.47,B,5 years,MORTGAGE,75900,Verified,debt_consolidation,33.26,0,700,59.4,Fully Paid
9700,60 months,11.09,211.34,B,10+ years,RENT,79400,Not Verified,small_business,31.69,0,730,19.7,Charged Off
9800,36 months,13.71,333.56,C,4 years,MORTGAGE,57900,Verified,debt_consolidation,15.27,0,711,57.9,Fully Paid
10500,60 months,17.97,266.46,E,10+ years,RENT,70900,Verified,credit_card,15.83,0,673,85.8,Fully Paid
9400,36 months,13.28,317.99,C,10+ years,MORTGAGE,153000,Source Verified,credit_card,9.7,0,690,54.3,Charged Off
4100,36 months,19.0,150.29,E,10+ years,MORTGAGE,80100,Not Verified,other,11.6,0,679,56.8,Charged Off
24200,36 months,15.62,846.27,D,10+ years,MORTGAGE,73000,Verified,debt_consolidation,23.0,0,672,40.1,Fully Paid
16100,36 months,6.51,493.52,A,3 years,OWN,67600,Not Verified,home_improvement,13.52,0,729,85.2,Fully Paid
4400,60 months,12.5,98.99,B,9 years,RENT,82500,Source Verified,debt_consolidation,23.77,0,731,14.0,Fully Paid
11600,36 months,14.28,398.04,C,10+ years,RENT,123900,Verified,debt_consolidation,5.94,0,696,13.7,Fully Paid
10300,36 months,7.24,319.17,A,10+ years,MORTGAGE,55400,Not Verified,debt_consolidation,22.66,1,755,65.7,Fully Paid
11900,36 months,7.75,371.53,A,3 years,MORTGAGE,49000,Source Verified,credit_card,8.01,0,758,28.2,Fully Paid
14700,36 months,10.02,474.47,B,3 years,RENT,120000,Verified,debt_consolidation,19.11,0,696,73.4,Fully Paid
2700,36 months,9.98,87.1,B,10+ years,MORTGAGE,86100,Verified,debt_consolidation,13.8,0,710,68.1,Fully Paid
20400,60 months,15.87,494.68,C,4 years,MORTGAGE,85800,Not Verified,credit_card,16.91,0,672,60.4,Fully Paid
8900,36 months,9.99,287.14,B,< 1 year,OWN,73200,Verified,debt_consolidation,26.02,0,717,21.0,Fully Paid
40000,60 months,17.5,1004.89,D,< 1 year,RENT,75200,Source Verified,debt_consolidation,25.88,0,681,72.1,Charged Off
24400,36 months,14.21,836.43,C,5 years,MORTGAGE,138600,Source Verified,medical,29.75,0,708,36.9,Charged Off
16600,36 months,7.35,515.22,A,4 years,RENT,54900,Verified,debt_consolidation,10.1,0,740,48.1,Fully Paid
7500,60 months,19.54,196.79,D,4 years,RENT,34400,Not Verified,major_purchase,19.03,1,685,13.1,Charged Off
15900,36 months,14.2,544.97,C,4 years,RENT,52300,Source Verified,home_improvement,14.71,0,709,49.5,Fully Paid
9400,36 months,10.38,304.99,B,8 years,MORTGAGE,150000,Not Verified,debt_consolidation,16.61,0,715,48.8,Fully Paid
22300,36 months,9.6,715.38,B,10+ years,RENT,42400,Source Verified,credit_card,32.8,0,699,65.2,Charged Off
21900,36 months,18.55,797.79,D,9 years,MORTGAGE,92300,Not Verified,credit_card,27.82,0,695,33.1,Fully Paid
4000,36 months,13.89,136.5,C,4 years,OWN,133200,Source Verified,credit_card,13.33,1,681,49.1,Fully Paid
3700,36 months,11.49,121.99,B,2 years,RENT,38600,Not Verified,credit_card,33.01,0,706,58.3,Fully Paid
3700,36 months,6.75,113.82,A,10+ years,RENT,35000,Not Verified,debt_consolidation,23.02,1,755,51.7,Fully Paid
11900,60 months,12.56,268.09,B,10+ years,OWN,95700,Source Verified,credit_card,14.8,0,748,56.6,Fully Paid
12900,36 months,22.51,496.07,F,8 years,MORTGAGE,124100,Verified,debt_consolidation,17.02,0,663,85.7,Charged Off
18800,36 months,7.05,580.92,A,7 years,RENT,112600,Not Verified,credit_card,12.96,0,746,61.9,Fully Paid
6900,36 months,11.04,226.03,B,4 years,MORTGAGE,47700,Source Verified,debt_consolidation,15.75,0,728,89.4,Fully Paid
10200,36 months,9.17,325.16,B,1 year,RENT,82600,Verified,debt_consolidation,18.72,0,713,82.7,Fully Paid
9200,36 months,6.68,282.73,A,3 years,MORTGAGE,73000,Not Verified,other,10.94,1,757,32.5,Fully Paid
5400,60 months,7.57,108.38,A,3 years,MORTGAGE,65500,Not Verified,other,37.78,0,713,65.5,Fully Paid
13700,36 months,6.71,421.2,A,10+ years,RENT,125800,Verified,debt_consolidation,24.56,0,767,59.3,Fully Paid
22400,36 months,15.83,785.64,D,10+ years,MORTGAGE,52800,Not Verified,home_improvement,11.2,0,694,83.7,Fully Paid
17000,60 months,25.63,505.27,F,9 years,RENT,151900,Verified,small_business,27.98,1,669,88.8,Fully Paid
8700,36 months,15.67,304.45,C,10+ years,RENT,108300,Source Verified,debt_consolidation,11.17,1,709,58.4,Charged Off
6900,36 months,10.64,224.72,B,10+ years,MORTGAGE,27900,Source Verified,credit_card,13.42,0,714,18.5,Fully Paid
10700,60 months,6.6,209.86,A,10+ years,MORTGAGE,54800,Source Verified,debt_consolidation,3.59,0,733,51.5,Fully Paid
11200,36 months,10.19,362.39,B,1 year,RENT,150700,Source Verified,car,27.96,0,716,40.7,Charged Off
7600,60 months,11.69,167.87,B,10+ years,MORTGAGE,20400,Verified,debt_consolidation,24.33,0,680,44.6,Fully Paid
8900,60 months,12.48,200.14,C,3 years,MORTGAGE,60900,Source Verified,debt_consolidation,7.62,2,698,26.8,Fully Paid
14200,36 months,12.2,473.0,C,6 years,RENT,48100,Verified,debt_consolidation,20.08,0,704,56.7,Fully Paid
11500,36 months,11.87,381.25,C,2 years,OWN,95800,Verified,car,28.48,1,687,22.9,Fully Paid
16500,36 months,7.07,510.0,A,4 years,MORTGAGE,119500,Not Verified,debt_consolidation,25.18,0,757,22.5,Fully Paid
4100,60 months,7.13,81.44,A,4 years,MORTGAGE,226700,Not Verified,debt_consolidation,12.68,0,757,25.9,Fully Paid
21500,36 months,10.02,693.95,B,10+ years,RENT,24000,Verified,medical,31.25,0,736,67.0,Fully Paid
16900,36 months,14.23,579.49,C,8 years,RENT,101500,Not Verified,debt_consolidation,15.23,0,691,63.8,Fully Paid
4400,60 months,14.91,104.47,C,< 1 year,RENT,56600,Not Verified,debt_consolidation,17.35,1,716,21.4,Fully Paid
6700,60 months,19.41,175.32,E,< 1 year,RENT,44400,Verified,debt_consolidation,13.41,0,664,45.3,Fully Paid
5400,36 months,20.24,201.34,E,6 years,RENT,99900,Verified,small_business,24.55,0,682,56.8,Charged Off
9800,60 months,9.26,204.67,B,10+ years,RENT,117000,Source Verified,small_business,17.54,0,715,20.4,Fully Paid
4800,36 months,13.67,163.28,C,4 years,MORTGAGE,118600,Verified,credit_card,20.38,0,677,54.7,Fully Paid
8500,36 months,10.65,276.87,B,4 years,MORTGAGE,122600,Source Verified,debt_consolidation,7.81,0,719,86.4,Charged Off
10800,36 months,16.65,383.17,D,1 year,OWN,158600,Source Verified,debt_consolidation,12.22,1,721,36.3,Fully Paid
28600,36 months,8.14,898.07,A,9 years,MORTGAGE,64700,Source Verified,other,16.72,0,735,10.0,Fully Paid
17300,60 months,16.25,423.0,D,3 years,RENT,101300,Source Verified,credit_card,31.87,0,698,58.2,Fully Paid
20300,36 months,10.68,661.52,B,1 year,RENT,53700,Verified,home_improvement,17.15,0,729,76.6,Fully Paid
10800,36 months,13.73,367.7,C,10+ years,RENT,105400,Source Verified,debt_consolidation,13.98,0,713,46.5,Fully Paid
6800,60 months,11.48,149.48,C,3 years,RENT,68000,Source Verified,credit_card,9.77,1,711,53.5,Fully Paid
12300,60 months,12.94,279.49,C,10+ years,MORTGAGE,61100,Verified,debt_consolidation,11.99,0,692,67.3,Fully Paid
20400,36 months,14.52,702.39,C,,MORTGAGE,64100,Not Verified,debt_consolidation,22.87,1,698,85.1,Fully Paid
8400,36 months,14.24,288.07,C,10+ years,MORTGAGE,95600,Source Verified,debt_consolidation,15.49,0,701,81.1,Fully Paid
10300,36 months,11.31,338.72,B,6 years,RENT,79600,Not Verified,debt_consolidation,21.1,0,717,78.6,Fully Paid
4800,60 months,11.84,106.39,B,10+ years,MORTGAGE,60400,Source Verified,debt_consolidation,16.12,1,711,45.3,Fully Paid
7300,36 months,9.11,232.51,B,5 years,OWN,83700,Not Verified,credit_card,8.62,0,711,42.3,Fully Paid
17900,36 months,14.92,619.81,C,8 years,RENT,77500,Not Verified,debt_consolidation,35.51,1,690,64.1,Fully Paid
33600,60 months,9.99,713.74,C,< 1 year,RENT,49000,Not Verified,debt_consolidation,12.09,0,692,28.9,Fully Paid
11600,60 months,12.11,258.68,C,7 years,RENT,70400,Not Verified,debt_consolidation,6.74,2,712,65.9,Fully Paid
10900,60 months,7.17,216.71,A,3 years,RENT,80500,Not Verified,debt_consolidation,7.79,0,752,67.8,Fully Paid
15500,60 months,8.69,319.43,B,1 year,OWN,134500,Verified,major_purchase,11.79,0,712,57.1,Fully Paid
12300,36 months,8.07,385.83,A,4 years,MORTGAGE,95100,Verified,debt_consolidation,19.04,0,768,38.7,Fully Paid
15100,36 months,13.03,509.0,C,5 years,OWN,34500,Not Verified,debt_consolidation,21.86,1,689,38.6,Charged Off
5500,36 months,15.73,192.63,C,10+ years,RENT,27300,Verified,debt_consolidation,6.89,0,666,44.7,Fully Paid
13600,36 months,10.21,440.18,B,10+ years,RENT,173600,Verified,debt_consolidation,21.08,0,716,44.2,Fully Paid
9300,36 months,9.74,298.95,B,9 years,MORTGAGE,129800,Not Verified,debt_consolidation,15.71,0,717,62.6,Fully Paid
26800,36 months,19.99,995.85,E,3 years,RENT,114000,Not Verified,debt_consolidation,19.16,1,675,66.2,Charged Off
16400,36 months,6.99,506.31,A,< 1 year,OWN,58700,Not Verified,debt_consolidation,16.82,1,758,32.3,Fully Paid
17800,36 months,15.08,617.74,C,3 years,RENT,99400,Verified,other,12.98,0,704,40.5,Fully Paid
31600,60 months,7.07,626.76,A,8 years,RENT,108900,Verified,debt_consolidation,9.47,0,756,50.5,Fully Paid
21000,36 months,16.98,748.5,E,1 year,RENT,73900,Not Verified,debt_consolidation,37.0,0,667,34.7,Fully Paid
7400,60 months,7.92,149.76,A,3 years,OTHER,114400,Verified,debt_consolidation,28.34,1,753,75.2,Fully Paid
9200,60 months,11.46,202.15,B,10+ years,RENT,28800,Verified,debt_consolidation,3.7,0,714,70.0,Fully Paid
18300,60 months,9.58,385.05,B,3 years,RENT,12000,Verified,debt_consolidation,18.13,0,740,44.2,Fully Paid
5200,36 months,15.17,180.69,D,3 years,RENT,100200,Source Verified,debt_consolidation,12.27,0,704,77.9,Fully Paid
17700,36 months,15.26,615.83,D,10+ years,MORTGAGE,22600,Source Verified,credit_card,7.11,0,672,63.9,Charged Off
10700,36 months,6.56,328.24,A,10+ years,MORTGAGE,112600,Not Verified,credit_card,25.35,0,713,21.1,Fully Paid
19500,36 months,12.18,649.36,C,7 years,MORTGAGE,111500,Verified,debt_consolidation,28.91,1,689,43.3,Charged Off
5700,36 months,16.63,202.17,D,10+ years,MORTGAGE,43600,Verified,credit_card,28.94,1,688,69.1,Fully Paid
15200,36 months,10.17,491.68,B,5 years,RENT,55500,Verified,debt_consolidation,14.9,0,714,73.1,Fully Paid
5600,60 months,18.79,144.62,D,2 years,MORTGAGE,143500,Not Verified,debt_consolidation,30.66,0,703,53.8,Fully Paid
4800,60 months,6.26,93.38,A,10+ years,RENT,33000,Source Verified,medical,8.07,0,734,79.2,Fully Paid
8700,36 months,17.08,310.53,D,10+ years,RENT,85600,Not Verified,debt_consolidation,17.0,0,685,47.7,Charged Off
7100,36 months,8.56,224.33,A,10+ years,RENT,35400,Verified,debt_consolidation,14.76,0,757,43.4,Fully Paid
13900,60 months,6.84,274.19,A,10+ years,MORTGAGE,29900,Verified,debt_consolidation,10.05,0,754,43.0,Fully Paid
19300,36 months,21.9,736.08,E,3 years,OWN,32600,Source Verified,debt_consolidation,17.27,0,670,44.8,Charged Off
13400,36 months,15.51,467.87,D,10+ years,OWN,45800,Source Verified,debt_consolidation,23.21,0,665,55.6,Charged Off
10500,36 months,10.42,340.88,B,10+ years,RENT,67100,Source Verified,credit_card,32.7,0,714,69.0,Fully Paid
8100,36 months,16.11,285.21,D,1 year,MORTGAGE,71200,Not Verified,debt_consolidation,12.38,0,685,47.5,Fully Paid
24200,36 months,15.46,844.36,C,8 years,MORTGAGE,27700,Verified,credit_card,9.6,0,696,76.6,Fully Paid
13400,60 months,11.25,293.02,B,6 years,MORTGAGE,106600,Source Verified,debt_consolidation,21.39,0,721,57.1,Fully Paid
40000,36 months,13.56,1358.57,C,5 years,RENT,57300,Source Verified,debt_consolidation,12.0,0,675,83.7,Fully Paid
13800,36 months,25.51,552.41,F,1 year,MORTGAGE,40500,Verified,debt_consolidation,9.08,1,679,39.4,Charged Off
17100,36 months,6.32,522.7,A,4 years,RENT,28000,Verified,home_improvement,4.17,0,753,28.8,Fully Paid
9000,36 months,15.5,314.2,D,< 1 year,OWN,83500,Not Verified,small_business,22.65,2,661,35.6,Charged Off
7600,36 months,10.45,246.84,B,2 years,RENT,32100,Source Verified,debt_consolidation,13.19,0,726,62.5,Fully Paid
10700,36 months,10.49,347.73,B,2 years,MORTGAGE,22100,Not Verified,credit_card,23.52,0,737,18.1,Fully Paid
10300,60 months,6.95,203.71,A,9 years,MORTGAGE,45300,Verified,home_improvement,1.71,0,738,37.5,Fully Paid
12400,36 months,11.94,411.5,B,2 years,MORTGAGE,95500,Verified,debt_consolidation,6.49,0,708,19.8,Fully Paid
8500,60 months,11.72,187.88,C,8 years,RENT,48900,Not Verified,credit_card,8.62,0,716,32.0,Fully Paid
19500,60 months,15.63,470.38,C,4 years,RENT,26500,Not Verified,credit_card,23.07,0,711,68.4,Fully Paid
18600,60 months,24.47,540.17,F,10+ years,MORTGAGE,52500,Not Verified,credit_card,16.18,0,641,10.1,Charged Off
6200,36 months,22.83,239.45,E,10+ years,RENT,80600,Not Verified,credit_card,24.52,0,674,14.5,Fully Paid
16600,60 months,9.45,348.23,B,1 year,RENT,54200,Source Verified,credit_card,11.21,0,701,41.3,Charged Off
15000,36 months,9.87,483.09,B,10+ years,OWN,31800,Verified,debt_consolidation,24.33,2,706,60.2,Charged Off
4900,36 months,10.32,158.85,B,10+ years,MORTGAGE,44100,Not Verified,debt_consolidation,16.84,1,718,28.2,Fully Paid
6500,36 months,25.08,258.71,F,3 years,OWN,113700,Source Verified,debt_consolidation,15.18,0,662,35.9,Fully Paid
14600,60 months,13.51,336.02,C,10+ years,MORTGAGE,55900,Not Verified,debt_consolidation,21.06,0,700,51.1,Fully Paid
7500,36 months,9.7,240.95,B,4 years,RENT,116400,Not Verified,credit_card,15.8,0,706,49.6,Fully Paid
4800,36 months,11.47,158.22,B,1 year,MORTGAGE,68300,Verified,debt_consolidation,16.94,0,730,29.3,Fully Paid
5600,60 months,9.94,118.82,B,3 years,RENT,63900,Verified,debt_consolidation,20.07,0,720,41.8,Fully Paid
9600,36 months,13.3,324.85,C,7 years,RENT,68000,Not Verified,debt_consolidation,12.19,0,699,33.9,Fully Paid
3800,60 months,13.79,88.01,C,10+ years,MORTGAGE,15900,Verified,credit_card,28.18,0,711,12.1,Fully Paid
21900,60 months,7.1,434.68,A,10+ years,MORTGAGE,21800,Verified,debt_consolidation,22.84,0,724,13.0,Fully Paid
18200,36 months,14.11,623.01,C,< 1 year,OTHER,55600,Verified,debt_consolidation,18.24,0,699,33.3,Fully Paid
6300,36 months,16.41,222.77,D,4 years,RENT,55300,Not Verified,debt_consolidation,18.07,1,699,72.6,Fully Paid
13700,36 months,10.01,442.12,B,< 1 year,MORTGAGE,52900,Not Verified,debt_consolidation,21.71,0,691,86.0,Fully Paid
10000,36 months,18.33,363.18,D,1 year,MORTGAGE,105800,Verified,debt_consolidation,12.1,0,679,74.1,Fully Paid
6000,36 months,11.95,199.14,C,7 years,RENT,64200,Source Verified,debt_consolidation,15.84,0,700,65.4,Fully Paid
6200,36 months,8.68,196.24,B,10+ years,MORTGAGE,74300,Verified,debt_consolidation,17.74,0,714,60.9,Fully Paid
14900,36 months,10.42,483.72,B,10+ years,MORTGAGE,17800,Not Verified,home_improvement,26.43,0,732,52.6,Fully Paid
21000,36 months,9.4,671.71,B,,RENT,61700,Source Verified,debt_consolidation,5.93,0,721,75.3,Fully Paid
14900,60 months,15.42,357.76,D,10+ years,MORTGAGE,159700,Source Verified,debt_consolidation,26.09,0,706,68.2,Fully Paid
22000,36 months,6.06,669.88,A,8 years,RENT,97000,Not Verified,credit_card,14.47,1,747,93.2,Charged Off
7100,60 months,18.45,182.04,D,5 years,RENT,62400,Verified,credit_card,20.57,0,682,21.9,Charged Off
4400,36 months,6.85,135.56,A,7 years,MORTGAGE,30000,Not Verified,debt_consolidation,35.03,0,757,61.9,Fully Paid
16400,36 months,13.67,557.89,C,2 years,MORTGAGE,81800,Verified,debt_consolidation,8.82,0,712,53.6,Fully Paid
5200,36 months,14.31,178.51,C,10+ years,MORTGAGE,136000,Source Verified,debt_consolidation,14.01,0,725,73.7,Fully Paid
14500,36 months,8.78,459.61,B,10+ years,RENT,119600,Verified,debt_consolidation,27.92,0,717,73.1,Fully Paid
14700,36 months,14.17,503.63,C,5 years,MORTGAGE,96100,Not Verified,debt_consolidation,9.66,0,714,29.3,Fully Paid
12000,60 months,11.74,265.36,B,2 years,MORTGAGE,72900,Not Verified,debt_consolidation,18.58,0,720,86.8,Fully Paid
15100,36 months,9.89,486.46,B,3 years,RENT,19800,Not Verified,debt_consolidation,19.41,0,700,33.3,Fully Paid
5000,36 months,7.12,154.66,A,10+ years,MORTGAGE,24400,Not Verified,debt_consolidation,20.85,0,750,69.2,Fully Paid
17900,36 months,24.57,707.64,F,10+ years,MORTGAGE,77200,Not Verified,debt_consolidation,22.46,0,671,83.3,Charged Off
8500,36 months,9.78,273.39,B,< 1 year,MORTGAGE,103200,Verified,debt_consolidation,29.74,0,714,74.9,Fully Paid
11700,36 months,9.5,374.79,B,8 years,RENT,111100,Source Verified,debt_consolidation,20.74,0,715,25.3,Fully Paid
6400,60 months,10.47,137.47,B,10+ years,MORTGAGE,36000,Not Verified,other,5.3,0,713,49.6,Fully Paid
17200,36 months,17.12,614.25,D,9 years,MORTGAGE,41500,Not Verified,credit_card,9.0,0,697,28.0,Fully Paid
35500,36 months,17.21,1269.39,D,5 years,RENT,32000,Verified,other,16.82,0,678,92.3,Fully Paid
14300,36 months,10.77,466.61,B,10+ years,MORTGAGE,42200,Verified,debt_consolidation,17.18,0,713,46.2,Fully Paid
12300,36 months,9.22,392.4,B,8 years,MORTGAGE,33900,Verified,credit_card,9.68,0,700,21.2,Fully Paid
17500,60 months,14.28,409.74,C,6 years,OWN,55300,Verified,debt_consolidation,21.67,0,704,50.8,Fully Paid
20000,36 months,9.99,645.25,B,1 year,RENT,45200,Not Verified,debt_consolidation,21.89,0,730,65.2,Fully Paid
19500,60 months,8.16,396.88,A,6 years,RENT,32500,Source Verified,debt_consolidation,8.93,1,721,71.7,Charged Off
9200,60 months,19.72,242.31,D,6 years,RENT,114900,Not Verified,medical,28.58,1,689,66.4,Charged Off
3800,36 months,15.05,131.82,C,,RENT,97200,Source Verified,major_purchase,11.43,0,697,67.9,Fully Paid
8900,60 months,12.86,201.87,C,8 years,RENT,89000,Not Verified,credit_card,7.3,1,698,23.7,Fully Paid
9300,60 months,9.57,195.64,B,10+ years,RENT,54000,Source Verified,debt_consolidation,13.04,0,720,30.5,Fully Paid
12300,60 months,10.28,263.04,B,10+ years,RENT,62500,Source Verified,home_improvement,14.87,0,725,43.0,Fully Paid
17600,60 months,13.37,403.8,C,10+ years,MORTGAGE,45700,Source Verified,debt_consolidation,23.29,0,716,39.2,Charged Off
8100,36 months,7.46,251.81,A,9 years,MORTGAGE,35200,Verified,debt_consolidation,25.83,0,753,61.9,Charged Off
20500,36 months,15.86,719.3,D,,RENT,148900,Not Verified,other,7.3,0,678,85.2,Charged Off
11100,36 months,13.91,378.89,C,10+ years,OWN,43500,Source Verified,debt_consolidation,11.17,1,685,65.0,Fully Paid
5800,36 months,14.61,199.95,C,2 years,RENT,43000,Not Verified,debt_consolidation,16.02,0,692,50.8,Fully Paid
28500,36 months,9.89,918.14,B,4 years,MORTGAGE,42600,Source Verified,credit_card,17.82,0,715,67.1,Charged Off
27300,60 months,11.76,603.97,C,10+ years,MORTGAGE,41400,Source Verified,debt_consolidation,14.84,0,720,52.4,Fully Paid
13700,36 months,13.27,463.39,C,4 years,MORTGAGE,32300,Source Verified,credit_card,13.58,1,702,26.0,Fully Paid
19400,60 months,17.72,489.68,D,5 years,RENT,87800,Not Verified,credit_card,8.29,0,691,50.2,Fully Paid
13100,36 months,7.64,408.33,A,2 years,RENT,124100,Not Verified,debt_consolidation,11.99,0,748,75.4,Fully Paid
15500,60 months,9.83,328.03,B,< 1 year,MORTGAGE,97600,Not Verified,credit_card,41.74,0,720,69.6,Fully Paid
13000,60 months,15.47,312.49,C,10+ years,MORTGAGE,71600,Verified,debt_consolidation,6.82,0,696,60.5,Fully Paid
16900,36 months,11.84,560.03,C,10+ years,MORTGAGE,147100,Not Verified,debt_consolidation,20.9,0,700,27.5,Fully Paid
18100,36 months,13.64,615.46,C,1 year,MORTGAGE,69200,Verified,credit_card,8.56,0,713,65.6,Fully Paid
16000,36 months,10.95,523.44,B,5 years,RENT,70600,Verified,debt_consolidation,22.22,0,716,18.8,Fully Paid
14900,36 months,12.44,498.03,C,4 years,MORTGAGE,42000,Source Verified,debt_consolidation,22.83,1,677,52.5,Charged Off
7100,36 months,7.37,220.43,A,4 years,OWN,64900,Verified,credit_card,10.65,0,749,31.1,Fully Paid
16900,36 months,19.79,626.26,E,< 1 year,RENT,70100,Verified,debt_consolidation,11.73,0,665,25.3,Fully Paid
18800,36 months,10.93,614.86,B,6 years,MORTGAGE,154400,Verified,debt_consolidation,22.76,0,707,32.6,Fully Paid
7900,36 months,7.02,244.0,A,< 1 year,RENT,105500,Not Verified,credit_card,12.73,0,742,33.7,Fully Paid
4700,60 months,16.73,116.13,D,10+ years,MORTGAGE,63100,Source Verified,credit_card,21.74,0,687,49.8,Fully Paid
18100,36 months,15.96,635.98,D,1 year,MORTGAGE,74600,Not Verified,debt_consolidation,13.3,0,718,33.8,Fully Paid
9300,36 months,7.25,288.22,A,10+ years,MORTGAGE,116300,Source Verified,debt_consolidation,9.21,0,750,18.3,Fully Paid
13300,36 months,6.76,409.21,A,10+ years,OWN,106600,Source Verified,debt_consolidation,24.03,0,741,25.7,Fully Paid
5500,36 months,12.38,183.68,C,2 years,RENT,146100,Not Verified,debt_consolidation,13.55,0,674,76.2,Fully Paid
7600,36 months,8.08,238.44,A,10+ years,RENT,31500,Verified,debt_consolidation,32.72,1,744,43.9,Fully Paid
25800,36 months,9.33,824.4,B,4 years,MORTGAGE,24000,Source Verified,credit_card,19.03,0,732,46.7,Fully Paid
4700,60 months,16.46,115.45,D,8 years,MORTGAGE,69000,Verified,debt_consolidation,25.39,0,690,59.8,Charged Off
12000,60 months,15.35,287.69,D,10+ years,MORTGAGE,70400,Verified,major_purchase,21.82,0,682,66.1,Fully Paid
12200,36 months,11.63,403.06,B,8 years,RENT,102300,Verified,debt_consolidation,14.59,0,708,31.1,Fully Paid
2900,36 months,15.39,101.08,D,10+ years,MORTGAGE,56600,Source Verified,major_purchase,15.52,0,669,56.7,Fully Paid
12600,36 months,23.17,488.86,E,7 years,MORTGAGE,107100,Source Verified,major_purchase,14.56,0,649,47.8,Fully Paid
3600,36 months,5.43,108.59,A,10+ years,MORTGAGE,54600,Not Verified,credit_card,18.63,0,734,17.6,Fully Paid
7900,60 months,12.05,175.93,C,10+ years,MORTGAGE,36900,Source Verified,debt_consolidation,25.7,0,686,76.4,Charged Off
13700,36 months,11.09,449.1,B,1 year,RENT,65300,Not Verified,debt_consolidation,13.87,0,731,56.3,Fully Paid
14100,60 months,6.01,272.66,A,3 years,RENT,114000,Source Verified,debt_consolidation,23.92,0,777,52.8,Charged Off
13200,36 months,10.3,427.79,B,5 years,MORTGAGE,109900,Not Verified,medical,19.76,0,710,51.7,Charged Off
8900,36 months,13.81,303.36,C,5 years,MORTGAGE,89700,Not Verified,debt_consolidation,14.85,0,687,40.7,Fully Paid
15900,60 months,17.15,396.44,D,3 years,RENT,39200,Verified,credit_card,24.43,0,673,23.8,Fully Paid
9900,60 months,11.08,215.65,B,10+ years,RENT,150900,Not Verified,major_purchase,25.19,0,719,42.3,Fully Paid
21000,60 months,11.79,464.91,C,5 years,RENT,35500,Not Verified,debt_consolidation,5.94,0,705,37.7,Fully Paid
13800,36 months,13.75,469.98,C,6 years,OTHER,43900,Source Verified,debt_consolidation,18.03,2,698,39.0,Charged Off
14300,36 months,6.32,437.11,A,< 1 year,OTHER,85400,Not Verified,debt_consolidation,30.34,0,730,42.7,Charged Off
4600,36 months,15.61,160.84,D,10+ years,OWN,55500,Not Verified,debt_consolidation,8.26,0,681,29.0,Charged Off
9700,36 months,14.49,333.84,C,10+ years,MORTGAGE,47800,Source Verified,credit_card,11.36,0,691,63.7,Charged Off
3700,36 months,8.67,117.09,A,3 years,MORTGAGE,26000,Source Verified,other,16.64,1,739,47.9,Fully Paid
12100,36 months,18.33,439.45,D,4 years,RENT,87900,Source Verified,small_business,30.85,1,673,16.6,Fully Paid
13800,60 months,7.56,276.92,A,10+ years,MORTGAGE,51400,Source Verified,credit_card,24.68,0,749,64.9,Fully Paid
14000,36 months,13.3,473.74,C,10+ years,RENT,58700,Not Verified,home_improvement,14.56,0,694,80.3,Charged Off
10800,36 months,12.88,363.27,C,8 years,MORTGAGE,64000,Verified,debt_consolidation,12.72,0,692,62.3,Fully Paid
15800,36 months,7.62,492.35,A,10+ years,RENT,148000,Not Verified,debt_consolidation,15.96,1,747,19.3,Fully Paid
4700,36 months,11.05,153.98,B,10+ years,RENT,83100,Not Verified,debt_consolidation,12.46,0,712,15.5,Fully Paid
8600,36 months,6.45,263.39,A,10+ years,MORTGAGE,141600,Not Verified,major_purchase,32.3,1,739,83.4,Fully Paid
8500,60 months,11.04,184.98,B,4 years,RENT,47900,Verified,debt_consolidation,13.98,0,724,71.2,Charged Off
16900,36 months,10.43,548.73,B,8 years,MORTGAGE,128500,Source Verified,debt_consolidation,32.02,0,697,22.9,Fully Paid
8200,36 months,16.82,291.62,D,5 years,MORTGAGE,200500,Source Verified,credit_card,9.64,0,681,69.2,Fully Paid
6400,36 months,9.69,205.58,B,6 years,RENT,45700,Source Verified,medical,14.45,0,714,22.5,Fully Paid
15800,60 months,15.41,379.29,D,2 years,RENT,70900,Not Verified,debt_consolidation,22.41,0,660,21.2,Fully Paid
7700,36 months,15.06,267.15,C,10+ years,MORTGAGE,35400,Source Verified,debt_consolidation,10.74,0,703,15.2,Fully Paid
5300,36 months,14.2,181.66,C,10+ years,MORTGAGE,67900,Verified,medical,21.95,1,710,19.8,Fully Paid
10600,36 months,9.79,340.99,B,10+ years,MORTGAGE,53400,Not Verified,debt_consolidation,9.22,0,715,67.9,Fully Paid
11400,36 months,21.08,429.96,E,9 years,MORTGAGE,204900,Source Verified,home_improvement,23.22,0,674,40.7,Fully Paid
12900,36 months,11.04,422.57,B,1 year,RENT,71700,Source Verified,debt_consolidation,18.68,0,726,55.5,Fully Paid
8600,36 months,20.52,321.89,F,10+ years,RENT,58100,Verified,debt_consolidation,27.77,0,645,59.9,Fully Paid
8100,36 months,21.79,308.46,F,10+ years,RENT,154500,Not Verified,debt_consolidation,13.79,0,681,65.5,Charged Off
9600,60 months,20.06,254.66,E,9 years,RENT,35600,Not Verified,major_purchase,22.67,0,671,32.0,Fully Paid
29900,36 months,5.93,908.67,A,8 years,MORTGAGE,47800,Source Verified,debt_consolidation,28.06,0,761,66.1,Fully Paid
19100,36 months,10.95,624.86,B,10+ years,MORTGAGE,119700,Verified,debt_consolidation,16.06,0,725,56.9,Fully Paid
37000,36 months,22.44,1421.48,E,7 years,OWN,244400,Verified,debt_consolidation,9.62,0,661,14.0,Fully Paid
24800,36 months,18.65,904.69,E,4 years,MORTGAGE,139700,Source Verified,credit_card,27.29,0,651,56.2,Charged Off
24300,60 months,18.36,621.83,D,7 years,MORTGAGE,155400,Not Verified,debt_consolidation,23.18,1,671,53.4,Charged Off
9100,60 months,10.61,196.09,B,10+ years,MORTGAGE,51500,Verified,other,21.22,0,714,44.2,Fully Paid
15800,36 months,11.94,524.33,B,4 years,RENT,48000,Not Verified,debt_consolidation,22.88,0,701,81.7,Charged Off
11200,60 months,9.89,237.36,B,10+ years,MORTGAGE,124000,Source Verified,debt_consolidation,13.36,0,700,56.6,Fully Paid
8900,36 months,10.73,290.24,C,10+ years,MORTGAGE,97600,Verified,debt_consolidation,9.55,0,704,51.0,Fully Paid
11200,36 months,17.36,401.32,D,10+ years,RENT,89300,Source Verified,credit_card,20.79,0,693,19.0,Fully Paid
11600,60 months,9.9,245.9,B,10+ years,RENT,68000,Not Verified,other,16.21,0,714,42.4,Fully Paid
6500,36 months,10.43,211.05,B,2 years,MORTGAGE,75100,Not Verified,credit_card,14.42,1,739,19.1,Fully Paid
10400,36 months,6.76,319.98,A,10+ years,RENT,34800,Source Verified,credit_card,16.02,0,741,22.8,Fully Paid
21300,60 months,11.23,465.56,B,10+ years,RENT,75800,Not Verified,debt_consolidation,36.69,1,725,82.2,Fully Paid
24800,60 months,22.01,685.09,E,10+ years,MORTGAGE,38900,Verified,debt_consolidation,17.82,0,656,45.7,Fully Paid
13300,36 months,13.43,450.89,C,10+ years,MORTGAGE,99800,Verified,debt_consolidation,39.16,0,703,18.2,Fully Paid
21900,36 months,11.27,719.78,B,7 years,MORTGAGE,302200,Verified,debt_consolidation,10.48,0,747,63.7,Fully Paid
7400,36 months,18.88,270.81,D,10+ years,RENT,165500,Source Verified,debt_consolidation,9.76,0,699,83.6,Fully Paid
8600,60 months,13.5,197.88,C,7 years,RENT,31400,Not Verified,debt_consolidation,13.14,0,714,53.6,Charged Off
14500,60 months,17.93,367.65,D,2 years,RENT,61100,Not Verified,debt_consolidation,10.45,0,715,60.9,Fully Paid
21300,60 months,8.23,434.24,B,10+ years,RENT,106000,Not Verified,credit_card,18.13,1,712,75.6,Fully Paid
10100,36 months,9.89,325.38,B,< 1 year,OWN,103300,Verified,debt_consolidation,11.58,0,698,55.8,Fully Paid
21400,60 months,7.94,433.3,A,3 years,MORTGAGE,89100,Not Verified,debt_consolidation,13.04,1,746,27.4,Fully Paid
7400,36 months,12.54,247.7,B,10+ years,RENT,27700,Verified,debt_consolidation,32.29,0,712,61.8,Fully Paid
20400,60 months,6.19,396.19,A,10+ years,MORTGAGE,54200,Source Verified,debt_consolidation,23.07,0,750,69.2,Fully Paid
7500,36 months,9.57,240.49,B,2 years,OWN,44200,Source Verified,medical,16.59,1,713,31.3,Fully Paid
14600,36 months,19.66,540.06,E,7 years,RENT,86200,Not Verified,debt_consolidation,18.49,0,666,51.4,Charged Off
4200,36 months,15.27,146.15,C,< 1 year,RENT,49700,Not Verified,debt_consolidation,19.4,0,716,42.5,Fully Paid
30000,60 months,24.72,875.62,F,2 years,RENT,66600,Verified,home_improvement,22.6,0,664,16.4,Charged Off
28800,60 months,12.69,650.73,C,10+ years,MORTGAGE,78500,Source Verified,debt_consolidation,8.1,0,697,70.4,Fully Paid
15700,36 months,21.32,594.08,E,4 years,MORTGAGE,138700,Not Verified,medical,9.72,0,672,28.9,Charged Off
8900,36 months,13.04,300.05,B,4 years,RENT,47400,Source Verified,debt_consolidation,8.9,1,704,76.2,Fully Paid
38100,60 months,11.13,830.86,B,10+ years,MORTGAGE,334300,Not Verified,debt_consolidation,32.56,1,701,27.5,Fully Paid
4000,36 months,9.85,128.79,C,10+ years,OWN,13600,Source Verified,credit_card,23.63,0,708,62.0,Fully Paid
7100,36 months,10.82,231.84,B,10+ years,OWN,54800,Source Verified,debt_consolidation,16.03,0,747,72.1,Fully Paid
9200,36 months,19.64,340.22,E,3 years,RENT,34400,Source Verified,credit_card,18.68,2,667,24.4,Charged Off
6000,36 months,13.3,203.03,C,5 years,MORTGAGE,58200,Source Verified,credit_card,8.18,1,693,68.3,Fully Paid
5600,36 months,20.86,210.58,E,10+ years,MORTGAGE,112500,Verified,debt_consolidation,20.2,0,684,24.6,Fully Paid
22300,36 months,12.04,741.11,C,4 years,MORTGAGE,99200,Verified,debt_consolidation,19.79,0,709,63.6,Charged Off
10900,60 months,6.15,211.49,A,6 years,RENT,36400,Verified,debt_consolidation,11.65,0,746,37.8,Fully Paid
15700,60 months,6.85,309.77,A,10+ years,MORTGAGE,88400,Verified,debt_consolidation,10.62,0,747,11.4,Fully Paid
6600,36 months,7.45,205.15,A,2 years,RENT,97000,Not Verified,debt_consolidation,23.01,0,752,36.5,Fully Paid
6300,60 months,11.48,138.49,B,2 years,RENT,67100,Not Verified,debt_consolidation,11.13,0,702,34.2,Fully Paid
9000,60 months,6.14,174.58,A,7 years,MORTGAGE,210000,Not Verified,debt_consolidation,18.96,0,743,30.0,Fully Paid
18600,36 months,10.13,601.31,B,10+ years,RENT,147200,Not Verified,home_improvement,16.22,1,709,45.7,Fully Paid
16900,36 months,12.78,567.64,C,10+ years,OWN,108600,Not Verified,debt_consolidation,18.4,1,702,31.4,Charged Off
15000,36 months,13.01,505.48,D,7 years,RENT,44300,Not Verified,debt_consolidation,16.42,0,711,58.9,Fully Paid
5000,60 months,16.75,123.59,D,6 years,RENT,36300,Source Verified,debt_consolidation,11.07,1,681,27.4,Fully Paid
5800,36 months,22.3,222.41,F,3 years,RENT,46600,Verified,debt_consolidation,21.84,0,657,46.0,Charged Off
12800,60 months,5.67,245.5,A,5 years,MORTGAGE,32600,Verified,credit_card,9.2,1,735,78.6,Fully Paid
13800,36 months,17.5,495.45,D,< 1 year,MORTGAGE,34200,Not Verified,debt_consolidation,12.74,0,678,64.2,Fully Paid
13200,60 months,8.21,268.98,A,10+ years,RENT,31400,Source Verified,debt_consolidation,7.75,0,742,31.0,Fully Paid
23800,36 months,14.41,818.17,C,10+ years,RENT,42800,Verified,debt_consolidation,8.15,1,703,43.0,Fully Paid
19300,36 months,22.88,745.89,E,2 years,RENT,90600,Not Verified,debt_consolidation,5.55,1,666,41.3,Fully Paid
9800,36 months,16.45,346.72,D,6 years,OWN,84200,Verified,credit_card,31.83,0,674,36.7,Fully Paid
8400,36 months,12.02,279.08,B,6 years,MORTGAGE,122600,Not Verified,debt_consolidation,28.99,0,714,27.3,Fully Paid
21200,36 months,12.99,714.21,C,10+ years,OWN,25200,Not Verified,car,12.09,2,686,26.8,Fully Paid
9800,36 months,9.3,313.01,B,1 year,OWN,101800,Not Verified,credit_card,12.87,0,720,9.7,Fully Paid
7200,60 months,22.88,202.48,E,3 years,RENT,38000,Not Verified,debt_consolidation,12.99,0,660,17.3,Charged Off
11700,36 months,12.33,390.45,C,1 year,MORTGAGE,56800,Not Verified,car,23.55,0,703,32.6,Charged Off
8800,36 months,14.79,304.15,C,10+ years,OWN,31500,Not Verified,credit_card,13.98,0,698,64.5,Fully Paid
17200,36 months,6.34,525.91,A,< 1 year,MORTGAGE,33400,Source Verified,credit_card,15.63,0,761,60.9,Fully Paid
14800,36 months,12.05,491.93,C,2 years,RENT,84400,Source Verified,debt_consolidation,18.81,0,698,59.0,Fully Paid
5000,36 months,9.56,160.31,B,9 years,MORTGAGE,64300,Verified,debt_consolidation,17.18,1,702,58.3,Fully Paid
13500,36 months,9.88,434.85,B,1 year,MORTGAGE,73900,Not Verified,debt_consolidation,29.34,0,692,53.6,Fully Paid
15400,36 months,7.63,479.96,A,3 years,MORTGAGE,92000,Not Verified,debt_consolidation,16.86,0,732,21.6,Fully Paid
5700,36 months,9.99,183.9,B,1 year,RENT,70700,Verified,credit_card,23.78,0,726,80.0,Fully Paid
10600,60 months,7.71,213.46,A,1 year,RENT,49500,Source Verified,home_improvement,20.52,0,744,51.8,Fully Paid
10100,36 months,10.77,329.56,B,< 1 year,MORTGAGE,50900,Not Verified,car,18.44,0,707,8.8,Fully Paid
8300,60 months,12.0,184.63,C,3 years,MORTGAGE,32300,Not Verified,credit_card,14.39,1,709,23.7,Charged Off
10200,36 months,12.98,343.58,C,10+ years,MORTGAGE,50800,Not Verified,credit_card,11.5,0,700,53.6,Fully Paid
10800,36 months,9.6,346.46,B,< 1 year,MORTGAGE,43600,Source Verified,debt_consolidation,11.4,1,726,35.8,Fully Paid
16600,36 months,12.32,553.9,B,8 years,RENT,28000,Verified,debt_consolidation,47.52,0,729,16.1,Fully Paid
9500,36 months,8.43,299.58,B,10+ years,MORTGAGE,73400,Verified,credit_card,12.19,0,728,,Fully Paid
14400,36 months,13.2,486.58,C,2 years,RENT,39000,Not Verified,credit_card,20.44,0,697,58.8,Charged Off
26700,36 months,18.65,974.0,E,10+ years,OWN,25100,Source Verified,major_purchase,7.77,0,658,26.2,Fully Paid
9900,36 months,18.19,358.85,D,5 years,RENT,64300,Verified,credit_card,10.85,0,708,65.7,Charged Off
14700,60 months,10.99,319.54,B,10+ years,RENT,60000,Source Verified,debt_consolidation,11.38,0,705,63.4,Fully Paid
5000,36 months,16.5,177.02,D,1 year,MORTGAGE,23900,Verified,major_purchase,15.42,0,676,27.4,Fully Paid
19100,36 months,13.97,652.51,C,10+ years,RENT,101600,Not Verified,debt_consolidation,19.93,0,695,47.6,Fully Paid
5500,60 months,6.47,107.54,A,2 years,RENT,60700,Verified,debt_consolidation,19.3,0,738,96.1,Fully Paid
5900,60 months,11.95,131.09,B,3 years,MORTGAGE,22500,Source Verified,debt_consolidation,25.26,0,729,66.8,Fully Paid
8800,36 months,9.47,281.77,B,9 years,RENT,39900,Not Verified,small_business,17.39,0,718,41.7,Fully Paid
13600,36 months,7.54,423.29,A,,RENT,180500,Verified,debt_consolidation,19.44,1,752,23.4,Fully Paid
34800,60 months,12.43,781.69,C,4 years,RENT,101700,Source Verified,debt_consolidation,14.28,0,692,44.2,Charged Off
19000,60 months,13.25,434.74,C,1 year,MORTGAGE,109600,Not Verified,debt_consolidation,19.33,0,704,45.9,Fully Paid
15400,36 months,11.2,505.64,B,6 years,MORTGAGE,73400,Verified,debt_consolidation,21.14,0,715,40.0,Fully Paid
16000,36 months,11.64,528.68,B,3 years,MORTGAGE,83600,Not Verified,debt_consolidation,12.73,0,688,36.6,Fully Paid
19200,36 months,9.4,614.14,B,7 years,MORTGAGE,161600,Source Verified,car,20.76,0,689,27.0,Fully Paid
14700,36 months,16.64,521.47,C,4 years,OWN,36200,Source Verified,credit_card,21.04,0,697,51.2,Fully Paid
17200,36 months,15.86,603.51,D,1 year,RENT,52300,Source Verified,credit_card,14.18,0,700,60.9,Charged Off
9700,36 months,9.91,312.58,B,10+ years,MORTGAGE,87800,Not Verified,credit_card,11.55,1,706,70.7,Fully Paid
26100,36 months,16.42,923.02,E,3 years,MORTGAGE,71000,Verified,credit_card,35.92,1,680,86.0,Fully Paid
17500,36 months,16.57,620.18,D,8 years,RENT,52900,Not Verified,home_improvement,14.62,0,671,20.3,Fully Paid
18000,60 months,9.09,374.44,B,10+ years,MORTGAGE,102900,Verified,debt_consolidation,9.91,0,708,37.5,Fully Paid
14700,36 months,10.64,478.76,B,4 years,MORTGAGE,108100,Not Verified,debt_consolidation,28.3,1,727,52.7,Fully Paid
11900,60 months,11.25,260.22,B,10+ years,MORTGAGE,61500,Not Verified,credit_card,22.38,0,702,60.7,Fully Paid
13900,36 months,14.48,478.32,C,7 years,MORTGAGE,32300,Not Verified,medical,8.69,1,694,27.6,Fully Paid
11800,60 months,10.83,255.56,B,10+ years,OWN,66200,Verified,debt_consolidation,17.33,0,699,67.1,Fully Paid
11900,36 months,15.34,414.5,D,1 year,MORTGAGE,81200,Verified,credit_card,16.72,2,691,29.6,Fully Paid
35800,36 months,9.61,1148.62,B,3 years,MORTGAGE,82900,Verified,credit_card,29.99,0,726,53.4,Fully Paid
10800,60 months,15.85,261.78,C,1 year,MORTGAGE,117100,Verified,debt_consolidation,21.04,1,708,61.1,Fully Paid
13500,36 months,7.43,419.5,A,10+ years,RENT,28100,Not Verified,medical,31.53,0,749,76.1,Fully Paid
12700,36 months,11.99,421.76,C,1 year,RENT,83000,Source Verified,debt_consolidation,22.43,1,700,60.5,Fully Paid
6400,36 months,11.42,210.8,B,8 years,MORTGAGE,29200,Source Verified,debt_consolidation,12.75,0,708,44.4,Fully Paid
15300,36 months,12.6,512.57,C,10+ years,MORTGAGE,92100,Verified,debt_consolidation,26.52,1,702,52.9,Charged Off
14600,36 months,7.19,452.08,A,9 years,RENT,93700,Verified,credit_card,13.06,2,763,31.0,Fully Paid
13500,36 months,9.04,429.55,B,10+ years,OWN,87600,Verified,credit_card,16.0,0,728,46.9,Fully Paid
31600,36 months,16.68,1121.6,D,,MORTGAGE,130800,Source Verified,debt_consolidation,29.14,0,685,55.2,Fully Paid
8900,36 months,13.62,302.54,C,6 years,RENT,75200,Not Verified,debt_consolidation,10.47,0,696,62.1,Fully Paid
8100,36 months,9.99,261.33,B,,RENT,64900,Not Verified,debt_consolidation,24.89,0,713,67.4,Fully Paid
7000,60 months,11.0,152.2,B,10+ years,OWN,110300,Not Verified,debt_consolidation,8.29,0,722,39.1,Fully Paid
12900,36 months,13.57,438.2,C,3 years,RENT,59700,Not Verified,debt_consolidation,21.61,0,666,35.2,Charged Off
29400,36 months,10.69,958.21,B,10+ years,RENT,116100,Source Verified,debt_consolidation,7.49,0,700,38.5,Fully Paid
5500,36 months,13.48,186.59,C,7 years,MORTGAGE,128600,Not Verified,debt_consolidation,2.31,0,690,53.0,Fully Paid
31900,60 months,12.92,724.52,C,10+ years,OWN,51000,Verified,medical,15.31,1,707,50.8,Fully Paid
11500,36 months,15.32,400.46,D,10+ years,RENT,91400,Not Verified,debt_consolidation,20.87,1,684,33.5,Fully Paid
6400,60 months,6.43,125.01,A,6 years,RENT,84000,Not Verified,debt_consolidation,16.04,1,730,32.6,Charged Off
19800,60 months,9.25,413.42,B,9 years,MORTGAGE,37900,Verified,car,10.15,1,693,49.9,Charged Off
8500,36 months,10.96,278.12,B,10+ years,MORTGAGE,87700,Not Verified,credit_card,5.92,0,726,75.5,Fully Paid
20200,36 months,11.32,664.39,B,3 years,RENT,77100,Not Verified,medical,17.3,1,701,32.0,Fully Paid
15400,36 months,7.04,475.79,A,10+ years,MORTGAGE,69800,Verified,debt_consolidation,23.21,0,744,40.3,Fully Paid
22200,36 months,16.77,788.95,D,1 year,MORTGAGE,297500,Not Verified,car,16.15,1,687,75.7,Fully Paid
15100,36 months,7.64,470.68,A,7 years,MORTGAGE,69700,Source Verified,debt_consolidation,7.52,0,743,34.6,Fully Paid
13300,36 months,22.41,510.76,E,8 years,MORTGAGE,116400,Not Verified,debt_consolidation,20.49,1,678,44.9,Fully Paid
29500,36 months,15.27,1026.53,D,10+ years,MORTGAGE,102900,Source Verified,home_improvement,9.73,0,688,53.9,Fully Paid
7300,36 months,18.3,265.01,D,,RENT,43800,Verified,debt_consolidation,24.91,2,704,54.9,Fully Paid
22700,36 months,12.18,755.92,C,2 years,RENT,96300,Not Verified,debt_consolidation,11.55,0,704,69.6,Fully Paid
6600,36 months,9.91,212.68,B,6 years,OWN,71100,Not Verified,car,17.33,0,702,38.7,Fully Paid
14000,36 months,15.32,487.51,D,3 years,MORTGAGE,74900,Not Verified,debt_consolidation,11.32,0,663,35.6,Fully Paid
5400,36 months,10.05,174.37,B,10+ years,OWN,58700,Source Verified,home_improvement,23.07,1,728,75.0,Fully Paid
15700,60 months,11.42,344.65,B,10+ years,MORTGAGE,58500,Source Verified,credit_card,26.39,0,720,19.4,Fully Paid
10600,36 months,7.23,328.41,A,10+ years,MORTGAGE,58400,Not Verified,home_improvement,20.41,1,743,39.0,Fully Paid
10900,36 months,10.3,353.25,B,10+ years,RENT,102400,Source Verified,home_improvement,7.75,1,702,37.2,Fully Paid
8600,36 months,10.34,278.87,B,1 year,RENT,78800,Not Verified,debt_consolidation,10.58,0,715,45.8,Fully Paid
26000,36 months,17.74,936.57,D,7 years,MORTGAGE,143000,Verified,credit_card,14.8,0,681,84.8,Charged Off
8400,36 months,13.94,286.85,D,8 years,OWN,138800,Not Verified,debt_consolidation,22.76,0,687,31.0,Charged Off
11300,60 months,12.01,251.42,B,< 1 year,RENT,181400,Source Verified,credit_card,23.15,0,718,83.3,Charged Off
9300,36 months,11.76,307.83,B,4 years,RENT,113500,Not Verified,credit_card,29.63,0,722,12.0,Fully Paid
12300,60 months,15.8,297.81,C,10+ years,OTHER,80200,Verified,debt_consolidation,16.52,0,704,28.4,Fully Paid
7300,60 months,12.45,164.05,C,10+ years,MORTGAGE,39900,Not Verified,debt_consolidation,15.37,0,718,32.4,Fully Paid
5400,36 months,13.88,184.24,C,8 years,RENT,50600,Not Verified,other,32.38,0,695,24.8,Fully Paid
11000,36 months,11.38,362.11,C,10+ years,MORTGAGE,53900,Verified,credit_card,18.34,0,717,52.1,Charged Off
16800,60 months,12.74,380.02,C,10+ years,RENT,46700,Not Verified,credit_card,9.27,0,715,4.7,Fully Paid
7700,60 months,17.97,195.4,D,3 years,RENT,71500,Not Verified,credit_card,21.95,0,696,64.6,Charged Off
8800,36 months,13.37,298.08,C,5 years,RENT,79800,Source Verified,other,21.2,0,712,11.5,Fully Paid
11600,36 months,17.48,416.35,D,10+ years,RENT,129000,Not Verified,debt_consolidation,26.05,0,676,75.3,Fully Paid
14700,36 months,15.03,509.8,C,2 years,RENT,57000,Verified,debt_consolidation,22.17,1,708,25.7,Charged Off
15800,36 months,14.8,546.17,C,10+ years,MORTGAGE,43300,Source Verified,credit_card,33.22,1,694,9.0,Fully Paid
4400,60 months,15.58,106.02,D,10+ years,RENT,44900,Not Verified,credit_card,20.76,0,700,79.2,Charged Off
6100,36 months,13.12,205.89,C,10+ years,MORTGAGE,83700,Verified,debt_consolidation,23.77,1,683,72.0,Charged Off
22900,36 months,11.84,758.86,C,10+ years,RENT,23400,Verified,debt_consolidation,4.9,0,709,77.2,Fully Paid
17100,36 months,16.23,603.13,C,< 1 year,RENT,41800,Source Verified,debt_consolidation,16.42,1,677,71.1,Fully Paid
14500,60 months,9.99,308.01,B,10+ years,RENT,32800,Verified,debt_consolidation,23.17,1,715,65.0,Fully Paid
32100,60 months,6.45,627.32,A,10+ years,MORTGAGE,85700,Source Verified,home_improvement,8.44,0,749,31.9,Fully Paid
11500,60 months,9.73,242.82,B,5 years,MORTGAGE,43100,Not Verified,home_improvement,22.31,1,736,48.7,Fully Paid
18400,36 months,13.12,621.03,C,2 years,MORTGAGE,51400,Not Verified,debt_consolidation,22.57,0,701,13.3,Fully Paid
7900,60 months,18.93,204.63,D,4 years,MORTGAGE,23700,Source Verified,debt_consolidation,21.89,2,669,33.0,Fully Paid
31700,60 months,7.19,630.54,A,10+ years,MORTGAGE,154200,Verified,debt_consolidation,9.82,0,744,60.0,Fully Paid
2200,36 months,20.26,82.05,E,3 years,RENT,58000,Source Verified,credit_card,15.97,0,668,65.3,Charged Off
29400,36 months,7.52,914.79,A,5 years,MORTGAGE,134300,Source Verified,other,21.19,0,754,68.8,Fully Paid
20000,36 months,10.61,651.09,B,2 years,MORTGAGE,57900,Verified,debt_consolidation,12.37,1,698,38.4,Fully Paid
16100,36 months,10.59,523.97,B,6 years,MORTGAGE,154200,Verified,debt_consolidation,14.89,0,700,66.6,Fully Paid
8600,36 months,10.76,280.58,B,5 years,MORTGAGE,88300,Verified,debt_consolidation,14.55,0,730,83.0,Charged Off
7400,60 months,18.8,191.15,D,5 years,RENT,60200,Not Verified,debt_consolidation,14.8,1,696,76.7,Charged Off
8500,36 months,10.72,277.15,B,,OWN,74800,Not Verified,credit_card,20.97,0,724,89.0,Fully Paid
5800,36 months,5.86,176.08,A,1 year,RENT,65500,Source Verified,other,19.35,0,755,55.9,Fully Paid
8100,36 months,15.72,283.65,C,10+ years,OWN,30200,Source Verified,debt_consolidation,11.55,0,708,43.3,Fully Paid
6200,60 months,7.65,124.68,A,4 years,RENT,67900,Not Verified,major_purchase,14.35,0,741,50.2,Fully Paid
4400,36 months,7.41,136.69,A,2 years,RENT,115400,Verified,credit_card,12.71,0,732,70.8,Fully Paid
38700,60 months,30.0,1252.08,G,3 years,MORTGAGE,104600,Not Verified,debt_consolidation,27.25,1,653,39.5,Fully Paid
17300,36 months,18.26,627.7,E,10+ years,MORTGAGE,44800,Source Verified,major_purchase,15.96,1,665,68.7,Charged Off
6400,36 months,13.17,216.17,C,10+ years,MORTGAGE,191200,Source Verified,other,19.85,1,720,66.9,Fully Paid
2600,36 months,9.28,83.02,B,2 years,MORTGAGE,40700,Not Verified,debt_consolidation,16.73,0,711,21.1,Fully Paid
9300,36 months,10.66,302.97,B,2 years,MORTGAGE,66900,Source Verified,medical,11.16,0,711,33.7,Fully Paid
26300,36 months,10.52,855.06,B,10+ years,RENT,105100,Verified,debt_consolidation,17.4,0,740,47.9,Fully Paid
9700,36 months,13.82,330.68,C,10+ years,MORTGAGE,66400,Source Verified,debt_consolidation,10.21,0,706,46.1,Fully Paid
19400,36 months,9.04,617.28,A,2 years,MORTGAGE,180700,Not Verified,major_purchase,20.14,1,752,65.3,Fully Paid
12000,36 months,7.15,371.35,A,2 years,RENT,106000,Verified,debt_consolidation,9.31,0,744,23.2,Fully Paid
22900,36 months,7.98,717.39,A,7 years,MORTGAGE,53100,Source Verified,home_improvement,10.3,1,761,87.9,Fully Paid
40000,36 months,7.16,1238.01,A,2 years,RENT,47200,Not Verified,debt_consolidation,11.97,1,744,,Fully Paid
9600,36 months,14.59,330.86,C,10+ years,OWN,83700,Verified,debt_consolidation,24.24,1,710,37.9,Fully Paid
21300,36 months,14.07,728.71,C,3 years,MORTGAGE,63500,Source Verified,debt_consolidation,23.42,0,693,21.5,Fully Paid
20800,36 months,10.76,678.6,B,< 1 year,RENT,93300,Not Verified,debt_consolidation,15.0,0,712,54.3,Fully Paid
6100,36 months,10.76,199.01,B,10+ years,MORTGAGE,51200,Verified,credit_card,22.43,2,712,62.9,Charged Off
12600,36 months,14.0,430.64,D,3 years,MORTGAGE,17000,Source Verified,debt_consolidation,15.8,0,679,27.2,Fully Paid
7900,36 months,14.03,270.12,C,3 years,MORTGAGE,83300,Verified,credit_card,22.26,0,685,57.2,Charged Off
18200,36 months,13.35,616.3,C,2 years,MORTGAGE,111900,Not Verified,car,8.92,1,690,38.7,Fully Paid
19600,36 months,12.56,656.26,C,10+ years,OWN,36100,Source Verified,debt_consolidation,14.67,1,718,12.8,Fully Paid
11200,36 months,10.36,363.29,B,9 years,RENT,46600,Source Verified,debt_consolidation,15.59,1,706,33.8,Fully Paid
11800,36 months,12.6,395.32,C,2 years,MORTGAGE,53700,Not Verified,debt_consolidation,31.8,1,709,62.0,Charged Off
3500,60 months,10.15,74.62,B,10+ years,MORTGAGE,60500,Verified,credit_card,10.5,0,730,73.8,Fully Paid
25900,36 months,6.89,798.41,A,9 years,RENT,37000,Not Verified,debt_consolidation,15.19,0,748,44.6,Fully Paid
15000,36 months,6.6,460.42,A,10+ years,MORTGAGE,41300,Not Verified,credit_card,21.35,1,770,32.4,Fully Paid
12900,36 months,9.86,415.4,B,2 years,RENT,135500,Verified,debt_consolidation,28.94,1,719,54.5,Fully Paid
8500,36 months,17.32,304.4,D,10+ years,MORTGAGE,47000,Not Verified,debt_consolidation,31.62,0,691,13.2,Charged Off
6900,36 months,7.5,214.63,A,10+ years,MORTGAGE,198500,Source Verified,debt_consolidation,11.17,0,726,73.9,Fully Paid
16700,60 months,16.75,412.8,D,< 1 year,OTHER,110700,Not Verified,debt_consolidation,13.64,0,668,27.2,Charged Off
8600,36 months,8.08,269.81,A,6 years,MORTGAGE,41900,Not Verified,debt_consolidation,11.97,0,751,42.4,Fully Paid
11000,36 months,13.77,374.73,C,7 years,RENT,64300,Source Verified,debt_consolidation,24.67,1,691,39.5,Fully Paid
9300,36 months,12.64,311.74,C,6 years,RENT,46700,Verified,credit_card,15.31,0,704,65.8,Fully Paid
4500,36 months,10.95,147.22,B,10+ years,RENT,13800,Verified,credit_card,8.3,0,731,62.1,Fully Paid
10200,60 months,15.46,245.13,D,10+ years,MORTGAGE,331600,Source Verified,major_purchase,13.05,0,685,79.2,Fully Paid
22200,60 months,7.36,443.37,A,8 years,MORTGAGE,97100,Verified,credit_card,22.31,0,758,75.5,Charged Off
5300,36 months,6.96,163.55,A,10+ years,RENT,73300,Not Verified,debt_consolidation,16.86,0,731,73.2,Fully Paid
4500,36 months,10.38,146.01,B,4 years,OTHER,72800,Verified,home_improvement,15.27,0,711,38.3,Fully Paid
10200,36 months,12.0,338.79,B,,MORTGAGE,61400,Not Verified,debt_consolidation,16.67,0,700,23.5,Fully Paid
8800,36 months,11.39,289.73,B,10+ years,OWN,57200,Not Verified,credit_card,8.18,0,709,36.2,Fully Paid
19900,36 months,18.17,721.13,D,10+ years,RENT,115200,Not Verified,debt_consolidation,13.1,1,689,54.5,Fully Paid
25900,60 months,14.82,613.71,D,5 years,MORTGAGE,50900,Not Verified,credit_card,10.39,2,683,65.6,Fully Paid
14200,60 months,9.72,299.76,B,4 years,MORTGAGE,177100,Source Verified,debt_consolidation,13.28,1,718,78.4,Fully Paid
11200,36 months,11.02,366.78,B,10+ years,RENT,144000,Source Verified,major_purchase,29.8,1,727,24.2,Fully Paid
6600,36 months,16.57,233.9,D,10+ years,RENT,21200,Verified,debt_consolidation,3.14,2,673,76.8,Fully Paid
5200,60 months,15.1,123.98,C,10+ years,MORTGAGE,54900,Source Verified,debt_consolidation,26.68,0,683,66.6,Fully Paid
17000,36 months,18.32,617.32,E,10+ years,RENT,85300,Verified,credit_card,24.34,0,686,84.1,Charged Off
9500,36 months,7.04,293.51,A,10+ years,MORTGAGE,20400,Source Verified,debt_consolidation,12.12,0,754,,Fully Paid
12400,36 months,14.48,426.7,C,10+ years,MORTGAGE,28600,Source Verified,debt_consolidation,23.21,1,712,84.9,Fully Paid
16900,36 months,15.44,589.49,C,10+ years,MORTGAGE,99800,Source Verified,debt_consolidation,38.38,0,716,7.4,Fully Paid
9200,60 months,11.52,202.42,B,10+ years,RENT,79300,Verified,credit_card,26.87,0,712,52.3,Fully Paid
9000,36 months,12.61,301.56,C,5 years,MORTGAGE,36300,Not Verified,debt_consolidation,20.38,1,700,59.8,Charged Off
6200,36 months,15.79,217.33,D,10+ years,MORTGAGE,85000,Source Verified,credit_card,18.99,0,700,61.0,Fully Paid
7700,36 months,11.96,255.6,B,2 years,RENT,32900,Source Verified,credit_card,11.47,0,732,68.7,Fully Paid
17900,36 months,14.04,612.13,C,5 years,OWN,51100,Not Verified,debt_consolidation,16.66,0,712,78.0,Charged Off
2800,60 months,6.72,55.07,A,10+ years,MORTGAGE,73600,Verified,small_business,15.33,1,737,28.2,Fully Paid
15200,60 months,17.57,382.43,D,1 year,MORTGAGE,27600,Verified,debt_consolidation,13.18,0,682,50.7,Fully Paid
5500,60 months,20.57,147.47,E,4 years,RENT,74700,Not Verified,debt_consolidation,21.51,0,673,21.4,Charged Off
9700,60 months,15.14,231.48,C,10+ years,RENT,86500,Not Verified,car,21.6,0,699,28.8,Fully Paid
27400,36 months,13.37,928.1,B,10+ years,MORTGAGE,56700,Verified,debt_consolidation,24.08,0,729,77.8,Fully Paid
11700,36 months,13.46,396.82,C,5 years,RENT,72400,Not Verified,credit_card,14.13,1,712,56.1,Fully Paid
18200,36 months,11.25,598.0,B,10+ years,RENT,61300,Source Verified,car,9.78,0,735,90.2,Fully Paid
20400,36 months,9.43,652.8,B,10+ years,RENT,44900,Not Verified,debt_consolidation,14.64,0,696,64.1,Fully Paid
8100,36 months,12.63,271.48,C,,MORTGAGE,52300,Not Verified,debt_consolidation,16.33,1,693,19.3,Fully Paid
35900,36 months,8.29,1129.78,A,10+ years,RENT,78800,Source Verified,debt_consolidation,14.4,0,741,58.6,Fully Paid
8700,36 months,13.66,295.91,C,1 year,MORTGAGE,63200,Source Verified,debt_consolidation,7.41,0,704,59.5,Fully Paid
16300,36 months,21.12,615.11,E,2 years,MORTGAGE,33700,Source Verified,debt_consolidation,8.29,0,674,79.6,Fully Paid
7700,60 months,11.17,168.07,B,< 1 year,RENT,60300,Not Verified,home_improvement,20.32,0,728,17.4,Fully Paid
8900,36 months,15.63,311.27,C,3 years,MORTGAGE,25600,Not Verified,debt_consolidation,10.8,1,694,30.1,Fully Paid
6900,36 months,12.49,230.8,C,1 year,RENT,96800,Source Verified,debt_consolidation,14.09,0,698,65.3,Charged Off
10700,60 months,10.91,232.16,B,3 years,MORTGAGE,88300,Verified,major_purchase,9.2,0,736,40.0,Fully Paid
14500,36 months,6.13,441.97,A,10+ years,RENT,82800,Not Verified,debt_consolidation,30.35,0,734,34.3,Charged Off
18300,36 months,18.67,667.76,E,2 years,OWN,43800,Source Verified,debt_consolidation,18.27,1,661,49.0,Charged Off
13400,36 months,16.11,471.83,D,4 years,RENT,28600,Verified,major_purchase,37.8,0,694,91.7,Fully Paid
19100,60 months,21.65,523.73,E,10+ years,RENT,75100,Source Verified,debt_consolidation,9.67,0,659,45.0,Fully Paid
6600,36 months,12.5,220.79,C,10+ years,MORTGAGE,108000,Verified,credit_card,13.75,0,680,45.7,Fully Paid
20500,36 months,13.37,694.39,C,6 years,RENT,64800,Source Verified,credit_card,16.2,1,704,83.9,Fully Paid
11700,36 months,15.76,409.95,D,9 years,MORTGAGE,36000,Source Verified,debt_consolidation,27.31,1,682,21.1,Charged Off
40000,36 months,11.12,1311.82,B,10+ years,MORTGAGE,38400,Source Verified,debt_consolidation,18.73,1,723,76.0,Fully Paid
12500,36 months,13.41,423.65,C,< 1 year,MORTGAGE,78000,Verified,debt_consolidation,19.16,1,681,60.0,Fully Paid
7700,60 months,19.66,202.55,E,2 years,MORTGAGE,164600,Source Verified,debt_consolidation,18.39,1,673,35.4,Charged Off
3400,36 months,6.36,103.99,A,7 years,RENT,65700,Source Verified,debt_consolidation,28.22,1,753,67.9,Charged Off
11200,36 months,14.76,386.94,C,10+ years,RENT,87800,Not Verified,major_purchase,20.75,0,686,50.8,Fully Paid
6400,36 months,17.04,228.3,D,10+ years,MORTGAGE,35700,Source Verified,debt_consolidation,35.21,1,674,60.9,Charged Off
26500,36 months,11.06,868.33,B,6 years,MORTGAGE,500000,Not Verified,major_purchase,14.18,1,729,66.9,Fully Paid
8300,36 months,11.49,273.66,B,7 years,MORTGAGE,69400,Source Verified,debt_consolidation,12.78,1,711,27.5,Charged Off
5000,36 months,11.95,165.95,B,2 years,MORTGAGE,55200,Verified,credit_card,7.27,0,731,54.3,Fully Paid
5300,60 months,11.12,115.55,B,3 years,OWN,57400,Source Verified,debt_consolidation,27.45,0,715,69.5,Fully Paid
12400,36 months,16.98,441.97,D,7 years,MORTGAGE,28300,Source Verified,credit_card,7.99,0,677,48.9,Fully Paid
8600,36 months,7.45,267.32,A,3 years,MORTGAGE,24200,Source Verified,debt_consolidation,16.34,0,736,35.4,Fully Paid
11200,36 months,7.7,349.42,A,10+ years,RENT,191300,Verified,debt_consolidation,5.35,0,756,11.0,Fully Paid
14300,36 months,7.61,445.54,A,10+ years,MORTGAGE,35700,Source Verified,car,22.21,1,753,18.3,Fully Paid
9600,60 months,22.62,268.54,E,7 years,MORTGAGE,108600,Source Verified,credit_card,14.73,0,686,36.8,Fully Paid
14200,36 months,8.62,449.05,A,10+ years,MORTGAGE,86700,Source Verified,debt_consolidation,13.67,0,742,49.1,Fully Paid
13600,36 months,10.06,439.22,B,< 1 year,RENT,39900,Verified,credit_card,30.52,1,711,32.8,Charged Off
16700,36 months,23.85,653.87,F,< 1 year,RENT,55700,Not Verified,debt_consolidation,15.74,1,659,36.3,Charged Off
16700,36 months,12.57,559.24,C,10+ years,RENT,141600,Source Verified,debt_consolidation,23.68,0,713,54.2,Fully Paid
18000,36 months,10.01,580.89,B,9 years,MORTGAGE,41600,Source Verified,credit_card,18.42,0,727,82.8,Fully Paid
20100,36 months,11.27,660.62,B,10+ years,MORTGAGE,24500,Not Verified,major_purchase,10.54,0,723,32.4,Fully Paid
18600,36 months,11.82,616.19,C,2 years,MORTGAGE,153300,Not Verified,home_improvement,33.93,0,697,,Fully Paid
14500,36 months,11.62,478.98,B,10+ years,RENT,84400,Source Verified,debt_consolidation,16.58,0,708,44.6,Fully Paid
7000,36 months,16.96,249.43,D,10+ years,RENT,136200,Verified,debt_consolidation,16.81,0,683,66.7,Fully Paid
15400,60 months,13.79,356.66,C,10+ years,RENT,20600,Not Verified,credit_card,27.18,0,727,26.4,Fully Paid
13400,36 months,10.77,437.24,B,5 years,MORTGAGE,50700,Source Verified,debt_consolidation,20.2,0,714,57.3,Fully Paid
40000,60 months,13.16,913.4,C,10+ years,MORTGAGE,118900,Verified,credit_card,13.69,0,692,,Fully Paid
6100,36 months,5.74,184.86,A,10+ years,MORTGAGE,47600,Not Verified,debt_consolidation,5.11,0,766,82.1,Fully Paid
14500,36 months,10.04,468.15,B,10+ years,RENT,53500,Not Verified,car,11.27,0,704,56.1,Fully Paid
27900,36 months,9.14,889.03,B,10+ years,MORTGAGE,56000,Source Verified,debt_consolidation,29.35,0,716,38.2,Fully Paid
13100,36 months,15.25,455.72,C,7 years,MORTGAGE,31300,Source Verified,debt_consolidation,13.54,0,704,56.7,Fully Paid
9300,36 months,7.52,289.37,A,1 year,MORTGAGE,28700,Verified,debt_consolidation,42.72,0,749,55.1,Charged Off
7200,36 months,14.69,248.5,D,10+ years,OWN,135400,Not Verified,debt_consolidation,26.83,0,684,23.8,Fully Paid
15800,60 months,16.01,384.31,D,3 years,RENT,89000,Verified,credit_card,5.0,0,668,42.6,Fully Paid
3100,36 months,10.29,100.45,B,7 years,MORTGAGE,38100,Not Verified,credit_card,11.52,3,716,44.8,Fully Paid
9900,36 months,18.65,361.15,D,10+ years,MORTGAGE,44900,Source Verified,debt_consolidation,31.14,1,667,38.1,Charged Off
22900,60 months,8.77,472.81,B,< 1 year,MORTGAGE,49500,Verified,major_purchase,23.97,0,730,56.2,Fully Paid
17000,36 months,7.55,529.2,A,10+ years,MORTGAGE,41100,Not Verified,credit_card,22.55,0,713,71.0,Fully Paid
16600,60 months,13.96,385.91,C,10+ years,RENT,44700,Not Verified,credit_card,15.74,0,696,37.1,Fully Paid
14500,36 months,22.22,555.41,E,9 years,MORTGAGE,39800,Not Verified,debt_consolidation,19.92,1,644,54.9,Fully Paid
9100,36 months,11.24,298.96,B,3 years,MORTGAGE,120600,Source Verified,credit_card,25.33,0,705,79.1,Charged Off
7900,60 months,18.09,201.0,D,2 years,RENT,47900,Not Verified,debt_consolidation,11.35,0,682,30.2,Fully Paid
21600,36 months,20.36,806.7,E,< 1 year,MORTGAGE,77900,Not Verified,credit_card,49.59,1,675,26.6,Charged Off
16700,36 months,16.06,587.62,D,10+ years,MORTGAGE,44200,Source Verified,debt_consolidation,8.25,0,676,37.9,Fully Paid
7100,60 months,13.68,164.03,C,10+ years,MORTGAGE,38700,Verified,debt_consolidation,30.01,0,696,18.3,Fully Paid
13400,36 months,13.46,454.47,C,3 years,RENT,65300,Not Verified,credit_card,7.84,0,705,49.0,Fully Paid
10300,36 months,11.99,342.06,B,10+ years,MORTGAGE,61800,Verified,debt_consolidation,13.48,0,703,80.3,Fully Paid
11200,36 months,10.27,362.81,B,6 years,RENT,79200,Not Verified,debt_consolidation,38.02,0,707,67.4,Charged Off
5400,36 months,12.1,179.62,C,10+ years,RENT,67500,Not Verified,debt_consolidation,13.19,0,713,87.9,Fully Paid
11200,36 months,10.4,363.5,B,10+ years,MORTGAGE,73200,Verified,home_improvement,15.14,0,688,58.7,Fully Paid
34900,36 months,12.55,1168.37,C,10+ years,OWN,43900,Source Verified,debt_consolidation,13.39,1,694,58.0,Fully Paid
10300,36 months,11.63,340.29,C,10+ years,MORTGAGE,95300,Source Verified,credit_card,18.05,2,691,18.3,Fully Paid
3100,36 months,12.41,103.57,C,10+ years,RENT,104800,Not Verified,debt_consolidation,5.69,0,699,50.3,Fully Paid
14500,36 months,10.52,471.42,B,10+ years,RENT,80600,Not Verified,credit_card,29.09,0,717,53.4,Fully Paid
5400,60 months,13.91,125.4,C,8 years,RENT,41200,Source Verified,debt_consolidation,12.85,0,680,21.7,Fully Paid
7100,60 months,8.63,146.11,B,10+ years,MORTGAGE,100500,Source Verified,small_business,24.05,2,719,46.9,Fully Paid
11900,36 months,10.49,386.72,B,10+ years,MORTGAGE,71400,Verified,debt_consolidation,12.24,0,721,48.0,Fully Paid
4900,36 months,24.95,194.69,G,4 years,RENT,85100,Verified,debt_consolidation,18.51,0,667,53.8,Fully Paid
24000,36 months,20.43,897.19,E,10+ years,OWN,125600,Verified,debt_consolidation,26.7,0,660,22.6,Fully Paid
9900,60 months,15.4,237.6,C,10+ years,RENT,56500,Verified,debt_consolidation,29.34,0,700,89.1,Fully Paid
6900,36 months,13.11,232.85,C,8 years,MORTGAGE,85400,Verified,home_improvement,6.06,0,718,56.7,Fully Paid
16700,36 months,10.91,546.03,B,10+ years,MORTGAGE,52600,Not Verified,credit_card,18.5,0,716,66.5,Fully Paid
21500,36 months,9.85,692.23,B,< 1 year,RENT,67200,Source Verified,debt_consolidation,15.46,0,705,80.0,Charged Off
5900,36 months,21.38,223.44,E,2 years,RENT,111900,Source Verified,debt_consolidation,12.56,1,694,58.6,Fully Paid
15300,60 months,10.21,326.66,B,10+ years,MORTGAGE,48800,Not Verified,home_improvement,9.21,1,703,35.8,Fully Paid
8200,60 months,14.03,190.93,D,10+ years,MORTGAGE,67300,Source Verified,debt_consolidation,18.28,0,684,,Fully Paid
40000,60 months,6.53,783.21,A,3 years,MORTGAGE,39600,Source Verified,home_improvement,25.86,0,739,29.5,Charged Off
8900,60 months,20.29,237.23,E,10+ years,MORTGAGE,99000,Source Verified,other,21.73,1,648,37.6,Fully Paid
11700,36 months,25.34,467.3,G,7 years,OTHER,40400,Source Verified,home_improvement,23.7,0,645,45.7,Charged Off
9900,36 months,6.7,304.33,A,5 years,MORTGAGE,38200,Not Verified,debt_consolidation,4.62,0,715,25.7,Fully Paid
8800,36 months,9.59,282.26,B,1 year,RENT,77300,Not Verified,debt_consolidation,28.49,0,710,45.3,Fully Paid
14000,36 months,18.06,506.56,D,4 years,MORTGAGE,47100,Not Verified,credit_card,17.03,1,692,60.2,Fully Paid
7400,60 months,14.89,175.62,C,< 1 year,RENT,76600,Not Verified,credit_card,28.52,1,705,52.5,Fully Paid
5000,60 months,14.2,116.86,C,10+ years,RENT,65800,Not Verified,credit_card,19.19,0,710,85.8,Fully Paid
13200,36 months,18.7,481.86,E,10+ years,RENT,32100,Not Verified,medical,14.7,0,687,44.9,Fully Paid
13500,36 months,6.33,412.72,A,9 years,OWN,111100,Not Verified,home_improvement,20.41,0,727,42.0,Fully Paid
7100,60 months,6.89,140.22,A,7 years,MORTGAGE,53800,Source Verified,credit_card,16.26,0,739,16.1,Fully Paid
11500,36 months,10.22,372.26,B,10+ years,MORTGAGE,31200,Not Verified,debt_consolidation,16.99,0,723,45.7,Fully Paid
6700,36 months,16.7,237.87,D,5 years,MORTGAGE,103100,Not Verified,credit_card,6.32,1,691,60.8,Fully Paid
15800,36 months,11.91,524.11,B,5 years,OWN,18600,Not Verified,debt_consolidation,14.17,1,710,41.5,Fully Paid
20100,60 months,14.63,474.28,C,10+ years,RENT,75500,Not Verified,car,5.81,0,705,29.7,Fully Paid
10200,36 months,14.15,349.36,C,10+ years,MORTGAGE,103500,Verified,debt_consolidation,16.0,0,688,53.9,Fully Paid
6500,36 months,12.16,216.39,C,1 year,MORTGAGE,120300,Source Verified,debt_consolidation,11.04,0,698,79.0,Fully Paid
6100,36 months,12.46,203.95,C,2 years,MORTGAGE,37800,Verified,major_purchase,11.77,1,701,65.2,Fully Paid
6800,36 months,9.81,218.81,B,10+ years,OWN,90200,Not Verified,debt_consolidation,12.26,0,723,56.3,Fully Paid
28600,60 months,11.92,635.04,B,10+ years,MORTGAGE,229200,Verified,credit_card,3.69,0,718,51.2,Fully Paid
16700,60 months,16.21,407.98,D,10+ years,MORTGAGE,120700,Source Verified,credit_card,13.41,0,712,84.5,Fully Paid
11700,36 months,6.28,357.42,A,4 years,MORTGAGE,62500,Not Verified,home_improvement,6.92,1,751,29.6,Fully Paid
21800,36 months,10.01,703.53,B,,RENT,66500,Verified,credit_card,11.86,0,723,29.9,Fully Paid
13300,36 months,6.03,404.79,A,2 years,OWN,76300,Not Verified,debt_consolidation,22.16,0,749,49.7,Fully Paid
12700,36 months,9.84,408.84,B,10+ years,MORTGAGE,51500,Source Verified,debt_consolidation,31.74,0,743,79.7,Fully Paid
17400,36 months,10.22,563.25,B,8 years,RENT,39100,Source Verified,other,20.0,0,724,31.0,Fully Paid
18800,60 months,24.39,545.1,F,10+ years,MORTGAGE,147800,Source Verified,debt_consolidation,14.47,0,664,54.9,Charged Off
6600,60 months,10.87,143.07,B,5 years,MORTGAGE,135100,Not Verified,credit_card,13.2,0,717,48.8,Fully Paid
11100,36 months,19.61,410.31,D,10+ years,RENT,120900,Source Verified,debt_consolidation,23.57,0,685,31.3,Fully Paid
9300,60 months,12.18,207.72,C,3 years,MORTGAGE,24100,Source Verified,debt_consolidation,29.25,0,697,52.4,Charged Off
14200,36 months,10.48,461.4,B,8 years,OWN,93100,Source Verified,credit_card,20.62,0,745,77.0,Fully Paid
19800,36 months,13.62,673.07,C,4 years,RENT,75000,Source Verified,debt_consolidation,15.93,1,709,65.0,Fully Paid
4600,60 months,11.17,100.41,B,< 1 year,RENT,62200,Not Verified,debt_consolidation,9.94,0,714,50.6,Fully Paid
15500,60 months,12.95,352.28,C,10+ years,RENT,87700,Not Verified,major_purchase,14.09,0,681,59.5,Charged Off
27900,36 months,14.15,955.59,C,3 years,RENT,49600,Verified,credit_card,10.21,0,693,23.9,Fully Paid
14700,36 months,15.25,511.38,D,2 years,MORTGAGE,52200,Source Verified,credit_card,13.5,0,686,17.0,Charged Off
19500,36 months,6.98,601.93,A,10+ years,RENT,62800,Verified,debt_consolidation,20.67,0,731,36.7,Fully Paid
7600,60 months,6.85,149.95,A,4 years,RENT,48000,Not Verified,credit_card,34.64,0,722,4.4,Fully Paid
8200,36 months,14.14,280.81,C,1 year,MORTGAGE,193300,Verified,medical,25.62,0,714,29.8,Fully Paid
15700,36 months,15.41,547.4,C,4 years,MORTGAGE,66800,Not Verified,major_purchase,22.12,0,688,74.9,Fully Paid
19800,60 months,17.21,494.32,D,10+ years,MORTGAGE,83500,Not Verified,debt_consolidation,12.98,0,680,48.4,Charged Off
31500,36 months,12.29,1050.62,B,5 years,OWN,34800,Not Verified,credit_card,15.01,0,710,40.0,Fully Paid
8300,36 months,13.11,280.1,C,10+ years,RENT,51600,Verified,debt_consolidation,7.96,0,702,69.0,Fully Paid
8600,36 months,13.14,290.35,C,5 years,MORTGAGE,53400,Verified,medical,19.23,0,701,34.3,Fully Paid
20500,36 months,6.83,631.39,A,3 years,RENT,50200,Source Verified,debt_consolidation,3.84,0,743,73.5,Fully Paid
10400,36 months,9.21,331.73,B,10+ years,MORTGAGE,50500,Verified,credit_card,13.21,0,704,59.1,Fully Paid
16400,36 months,15.08,569.15,C,3 years,MORTGAGE,84200,Not Verified,credit_card,29.68,0,714,30.5,Charged Off
17200,36 months,12.38,574.41,C,3 years,MORTGAGE,46700,Verified,home_improvement,19.36,2,707,51.8,Fully Paid
9900,36 months,10.99,324.07,B,3 years,MORTGAGE,27500,Verified,debt_consolidation,21.64,0,687,31.2,Charged Off
8100,60 months,10.79,175.27,C,2 years,OWN,123400,Verified,debt_consolidation,8.53,0,682,50.2,Fully Paid
9700,36 months,12.65,325.2,C,10+ years,RENT,92000,Verified,debt_consolidation,5.73,1,711,44.3,Fully Paid
24000,36 months,7.96,751.63,A,1 year,MORTGAGE,107200,Not Verified,medical,27.57,1,741,88.7,Fully Paid
13400,36 months,15.98,470.97,D,3 years,MORTGAGE,27500,Not Verified,debt_consolidation,36.74,0,667,73.1,Charged Off
17100,60 months,8.65,352.07,B,6 years,MORTGAGE,50000,Source Verified,debt_consolidation,19.02,0,721,59.4,Fully Paid
16700,36 months,12.94,562.21,C,10+ years,OWN,33700,Verified,debt_consolidation,22.19,0,710,70.9,Fully Paid
6300,36 months,10.87,205.87,B,10+ years,MORTGAGE,55100,Verified,credit_card,19.99,0,715,32.3,Fully Paid
26200,36 months,18.6,955.1,E,10+ years,MORTGAGE,77600,Source Verified,debt_consolidation,8.86,0,658,59.0,Fully Paid
19500,36 months,15.48,680.57,D,4 years,RENT,45400,Not Verified,debt_consolidation,26.46,0,653,,Charged Off
15000,36 months,14.3,514.85,C,2 years,MORTGAGE,73500,Verified,other,17.41,0,719,20.5,Fully Paid
13500,36 months,16.09,475.22,D,6 years,MORTGAGE,52100,Source Verified,debt_consolidation,5.05,0,711,39.4,Fully Paid
10000,60 months,9.51,210.07,B,< 1 year,RENT,75400,Not Verified,home_improvement,30.71,0,724,69.7,Charged Off
20400,60 months,10.89,442.43,B,< 1 year,MORTGAGE,53700,Verified,debt_consolidation,16.26,0,736,40.8,Fully Paid
26700,36 months,8.84,847.07,B,< 1 year,OWN,46900,Source Verified,debt_consolidation,32.89,0,712,14.6,Charged Off
4100,36 months,20.5,153.42,D,10+ years,MORTGAGE,45200,Source Verified,debt_consolidation,16.16,0,689,74.8,Fully Paid
9300,60 months,7.11,184.63,A,10+ years,RENT,32400,Source Verified,debt_consolidation,16.46,0,742,44.4,Fully Paid
40000,60 months,5.78,769.23,A,5 years,RENT,40300,Source Verified,home_improvement,22.88,1,729,44.7,Fully Paid
6500,36 months,16.54,230.26,D,10+ years,MORTGAGE,162000,Not Verified,debt_consolidation,13.62,0,679,40.4,Fully Paid
8000,36 months,7.13,247.49,A,8 years,MORTGAGE,128400,Source Verified,credit_card,14.37,0,739,74.5,Fully Paid
25900,36 months,13.92,884.19,D,,OWN,95800,Not Verified,debt_consolidation,12.62,0,676,36.6,Charged Off
13800,36 months,9.46,441.8,B,10+ years,MORTGAGE,72300,Source Verified,debt_consolidation,29.38,0,706,72.2,Charged Off
23000,60 months,15.6,554.44,D,7 years,OWN,88600,Verified,credit_card,8.47,1,700,36.9,Fully Paid
5300,36 months,14.51,182.46,C,5 years,MORTGAGE,150800,Source Verified,debt_consolidation,32.06,1,690,30.9,Charged Off
5100,36 months,13.3,172.58,C,6 years,RENT,58700,Verified,credit_card,4.02,0,702,25.5,Fully Paid
11600,36 months,15.85,406.96,D,,MORTGAGE,97400,Not Verified,debt_consolidation,19.76,0,684,12.8,Fully Paid
27700,60 months,6.06,536.29,A,9 years,RENT,50800,Verified,debt_consolidation,10.31,0,747,37.8,Fully Paid
19300,60 months,13.22,441.31,C,1 year,OWN,57400,Not Verified,debt_consolidation,29.99,0,708,53.8,Charged Off
7100,36 months,14.01,242.7,D,9 years,MORTGAGE,244900,Source Verified,credit_card,13.17,0,694,51.8,Fully Paid
5600,36 months,16.62,198.6,D,10+ years,MORTGAGE,40800,Verified,debt_consolidation,15.32,0,694,38.4,Fully Paid
4200,60 months,10.7,90.69,B,3 years,MORTGAGE,84200,Verified,credit_card,30.52,1,725,22.9,Fully Paid
14900,36 months,10.29,482.81,B,10+ years,RENT,53100,Not Verified,credit_card,14.02,0,721,47.8,Fully Paid
23000,36 months,16.01,808.73,D,2 years,RENT,42600,Verified,other,12.18,0,686,73.9,Fully Paid
21100,60 months,11.4,462.99,B,,MORTGAGE,118900,Not Verified,debt_consolidation,9.12,1,718,69.2,Fully Paid
4800,36 months,9.49,153.74,B,< 1 year,RENT,46300,Verified,debt_consolidation,13.5,1,739,62.3,Fully Paid
22000,36 months,11.06,720.88,B,8 years,RENT,166900,Not Verified,debt_consolidation,29.78,0,731,21.2,Fully Paid
21600,36 months,9.05,687.38,B,2 years,RENT,28400,Source Verified,medical,26.23,0,712,92.4,Fully Paid
6600,36 months,10.78,215.39,B,,MORTGAGE,95800,Source Verified,other,21.5,1,720,42.8,Fully Paid
6800,60 months,5.95,131.31,A,10+ years,RENT,62100,Not Verified,debt_consolidation,9.52,1,752,71.7,Fully Paid
5600,60 months,11.56,123.33,B,6 years,MORTGAGE,55400,Verified,debt_consolidation,9.91,1,719,18.3,Fully Paid
11400,36 months,14.73,393.68,C,3 years,OWN,67100,Source Verified,home_improvement,10.44,0,700,72.2,Fully Paid
9400,36 months,10.61,306.01,B,10+ years,MORTGAGE,43900,Verified,small_business,13.23,1,703,73.1,Fully Paid
10700,36 months,11.02,350.41,B,10+ years,RENT,62000,Not Verified,home_improvement,6.9,0,726,58.0,Fully Paid
9300,36 months,12.45,310.9,B,10+ years,RENT,58000,Not Verified,debt_consolidation,34.52,0,723,19.0,Fully Paid
14400,36 months,16.46,509.54,D,10+ years,MORTGAGE,308600,Source Verified,debt_consolidation,16.94,0,671,55.3,Fully Paid
8800,60 months,12.11,196.24,C,10+ years,RENT,28200,Not Verified,home_improvement,19.36,1,699,76.3,Charged Off
9000,36 months,10.79,293.75,B,10+ years,RENT,50400,Source Verified,debt_consolidation,30.98,0,708,74.4,Charged Off
17400,36 months,16.07,612.33,D,10+ years,MORTGAGE,19800,Not Verified,credit_card,29.85,0,683,51.0,Fully Paid
10300,36 months,8.9,327.06,B,3 years,MORTGAGE,28000,Verified,home_improvement,45.06,0,720,46.4,Charged Off
7200,60 months,7.27,143.49,A,,RENT,165000,Not Verified,debt_consolidation,5.47,1,747,49.9,Fully Paid
15100,36 months,10.96,494.07,B,1 year,MORTGAGE,56400,Not Verified,credit_card,14.39,0,709,14.8,Fully Paid
6400,36 months,17.13,228.59,C,4 years,RENT,41500,Source Verified,credit_card,10.07,0,704,91.5,Fully Paid
10700,36 months,11.76,354.17,C,5 years,MORTGAGE,64900,Not Verified,debt_consolidation,35.31,1,703,55.5,Fully Paid
3000,36 months,11.56,99.01,B,10+ years,RENT,108900,Verified,debt_consolidation,18.39,0,737,39.4,Fully Paid
15800,36 months,12.75,530.46,C,,RENT,48000,Source Verified,debt_consolidation,10.31,0,698,85.6,Charged Off
7700,60 months,10.67,166.15,B,,RENT,57900,Verified,credit_card,20.78,0,724,39.6,Fully Paid
5800,60 months,7.71,116.8,A,1 year,RENT,127200,Source Verified,debt_consolidation,19.46,0,755,45.1,Fully Paid
16900,36 months,10.26,547.38,B,2 years,MORTGAGE,51800,Verified,debt_consolidation,19.12,0,717,56.0,Fully Paid
33800,60 months,10.64,728.84,B,10+ years,MORTGAGE,115200,Not Verified,debt_consolidation,17.69,0,717,14.3,Fully Paid
16400,36 months,14.39,563.62,C,2 years,RENT,33100,Not Verified,debt_consolidation,26.36,1,696,42.6,Fully Paid
5300,36 months,13.52,179.91,D,2 years,RENT,66700,Verified,debt_consolidation,23.41,1,679,59.3,Charged Off
9300,60 months,16.91,230.68,D,10+ years,OTHER,147400,Source Verified,car,17.46,0,700,36.4,Fully Paid
17800,36 months,10.01,574.44,B,4 years,MORTGAGE,68100,Not Verified,debt_consolidation,26.56,1,699,35.7,Fully Paid
25600,36 months,10.7,834.48,B,9 years,RENT,86900,Source Verified,debt_consolidation,22.24,1,718,38.2,Fully Paid
28900,36 months,14.64,996.74,C,8 years,OWN,143100,Not Verified,debt_consolidation,12.71,1,707,26.4,Fully Paid
8600,36 months,17.77,309.92,D,5 years,MORTGAGE,122500,Not Verified,home_improvement,6.23,0,703,40.4,Fully Paid
8400,36 months,6.67,258.1,A,3 years,RENT,78900,Verified,credit_card,23.64,0,748,76.4,Fully Paid
15500,60 months,11.3,339.33,B,10+ years,MORTGAGE,50200,Not Verified,car,4.69,0,744,5.5,Fully Paid
16500,60 months,6.09,319.68,A,3 years,OWN,32100,Verified,home_improvement,8.32,0,748,51.6,Fully Paid
15500,60 months,20.29,413.16,E,10+ years,MORTGAGE,36200,Not Verified,medical,12.23,0,671,49.8,Fully Paid
20400,60 months,7.39,407.71,A,9 years,MORTGAGE,38500,Verified,debt_consolidation,25.15,0,763,21.6,Fully Paid
15800,36 months,10.69,514.96,B,6 years,MORTGAGE,65200,Verified,debt_consolidation,18.23,0,715,,Charged Off
11800,36 months,15.16,409.98,D,10+ years,RENT,15300,Verified,small_business,20.53,0,673,46.2,Charged Off
7300,36 months,10.73,238.06,B,3 years,RENT,25800,Source Verified,debt_consolidation,20.17,0,698,21.9,Fully Paid
30900,60 months,6.7,607.49,A,10+ years,MORTGAGE,29000,Source Verified,debt_consolidation,15.6,0,737,39.8,Fully Paid
13700,60 months,18.91,354.71,E,8 years,RENT,44300,Verified,debt_consolidation,20.57,0,662,62.7,Fully Paid
8200,60 months,20.36,218.9,E,10+ years,MORTGAGE,54900,Source Verified,credit_card,19.46,0,672,30.0,Fully Paid
23700,36 months,9.95,764.18,B,6 years,OTHER,255000,Source Verified,medical,19.7,0,731,41.9,Fully Paid
12200,36 months,6.65,374.75,A,10+ years,MORTGAGE,113100,Verified,debt_consolidation,24.5,0,748,28.8,Fully Paid
24700,36 months,11.3,812.16,B,9 years,RENT,100200,Not Verified,debt_consolidation,9.48,0,712,39.0,Fully Paid
33400,60 months,9.93,708.5,B,7 years,OWN,28200,Not Verified,other,32.16,0,708,57.8,Fully Paid
8000,36 months,10.84,261.3,B,1 year,MORTGAGE,74200,Verified,debt_consolidation,15.14,0,739,66.9,Fully Paid
13900,60 months,10.68,300.01,B,8 years,MORTGAGE,114900,Source Verified,debt_consolidation,9.91,0,710,60.5,Fully Paid
15900,36 months,15.81,557.51,D,3 years,RENT,190200,Not Verified,debt_consolidation,15.76,0,683,63.7,Fully Paid
6800,36 months,17.22,243.18,D,10+ years,RENT,61400,Verified,debt_consolidation,17.4,1,680,66.2,Fully Paid
16400,36 months,13.69,558.05,D,,RENT,81800,Verified,debt_consolidation,27.03,0,673,35.3,Fully Paid
15400,60 months,12.73,348.27,C,7 years,RENT,52300,Verified,medical,25.03,1,690,65.7,Fully Paid
10500,36 months,10.87,343.11,B,2 years,MORTGAGE,104800,Verified,debt_consolidation,16.66,0,708,84.8,Fully Paid
5400,60 months,13.01,122.89,C,< 1 year,MORTGAGE,50800,Verified,debt_consolidation,16.07,0,675,61.7,Fully Paid
13400,36 months,7.8,418.67,A,< 1 year,MORTGAGE,133200,Verified,credit_card,23.48,0,731,69.0,Fully Paid
5400,60 months,10.86,117.03,B,,MORTGAGE,119900,Verified,debt_consolidation,6.07,0,716,57.1,Fully Paid
10000,60 months,7.23,199.1,A,1 year,MORTGAGE,64100,Not Verified,debt_consolidation,38.87,1,760,40.0,Fully Paid
15900,36 months,12.6,532.68,C,10+ years,RENT,35000,Source Verified,credit_card,20.23,0,687,38.9,Fully Paid
27900,60 months,8.01,565.84,A,10+ years,RENT,83900,Verified,debt_consolidation,33.8,0,740,16.0,Fully Paid
14600,36 months,14.22,500.55,C,10+ years,MORTGAGE,53000,Verified,credit_card,9.69,0,698,17.7,Fully Paid
21100,60 months,19.55,553.75,E,10+ years,MORTGAGE,111000,Verified,debt_consolidation,11.69,0,649,66.7,Fully Paid
12000,60 months,12.7,271.2,C,10+ years,RENT,57900,Not Verified,car,8.36,0,692,,Charged Off
6700,36 months,10.98,219.29,B,1 year,MORTGAGE,84300,Verified,credit_card,14.73,0,716,37.6,Fully Paid
35900,36 months,6.62,1102.26,A,7 years,RENT,173300,Not Verified,credit_card,23.39,0,719,58.1,Fully Paid
40000,60 months,10.35,856.79,B,7 years,RENT,35500,Verified,debt_consolidation,23.54,0,727,53.9,Fully Paid
15700,60 months,8.19,319.77,B,7 years,MORTGAGE,75500,Source Verified,debt_consolidation,10.08,0,702,55.7,Fully Paid
6300,36 months,8.61,199.2,A,10+ years,RENT,64800,Verified,other,17.56,0,727,39.7,Fully Paid
24500,36 months,13.65,833.19,C,10+ years,MORTGAGE,23000,Not Verified,other,24.59,0,724,51.9,Fully Paid
6800,60 months,8.14,138.34,A,10+ years,RENT,44300,Not Verified,debt_consolidation,18.13,1,750,47.6,Fully Paid
17300,36 months,16.35,611.21,C,8 years,MORTGAGE,202200,Source Verified,debt_consolidation,10.53,0,695,46.2,Fully Paid
22600,36 months,15.87,793.1,C,10+ years,RENT,42900,Verified,debt_consolidation,17.0,0,703,53.9,Fully Paid
12300,60 months,6.97,243.38,A,8 years,MORTGAGE,69300,Verified,debt_consolidation,18.36,1,723,77.3,Fully Paid
17100,36 months,10.45,555.39,B,5 years,RENT,31600,Not Verified,debt_consolidation,34.44,2,716,46.0,Fully Paid
22900,36 months,7.15,708.66,A,10+ years,MORTGAGE,31800,Not Verified,debt_consolidation,25.12,0,749,53.0,Fully Paid
17200,60 months,9.16,358.38,B,7 years,MORTGAGE,143600,Verified,debt_consolidation,7.22,1,710,76.8,Fully Paid
32600,60 months,6.5,637.86,A,8 years,MORTGAGE,99900,Not Verified,credit_card,17.03,0,725,24.9,Fully Paid
7600,36 months,21.4,287.89,E,2 years,MORTGAGE,63300,Not Verified,debt_consolidation,24.27,1,677,11.3,Charged Off
22100,36 months,15.56,772.18,D,7 years,RENT,209000,Source Verified,debt_consolidation,19.01,0,690,62.1,Fully Paid
24300,60 months,12.2,543.0,C,7 years,RENT,139100,Not Verified,debt_consolidation,24.47,0,695,75.1,Charged Off
4700,36 months,21.69,178.74,E,10+ years,RENT,96400,Verified,car,18.26,0,661,15.0,Fully Paid
29000,60 months,11.4,636.33,B,< 1 year,RENT,56000,Source Verified,credit_card,18.05,0,698,33.5,Fully Paid
9500,36 months,15.05,329.55,C,3 years,RENT,46800,Source Verified,debt_consolidation,23.06,1,705,54.8,Fully Paid
22900,60 months,12.51,515.32,B,10+ years,OWN,56100,Not Verified,debt_consolidation,47.19,0,711,13.6,Charged Off
1900,36 months,12.88,63.91,D,4 years,RENT,79200,Source Verified,debt_consolidation,23.46,0,685,47.3,Fully Paid
11800,60 months,6.06,228.46,A,3 years,RENT,60100,Verified,home_improvement,22.23,1,755,54.5,Charged Off
34300,36 months,14.74,1184.66,C,4 years,MORTGAGE,74800,Source Verified,debt_consolidation,26.64,0,713,67.7,Charged Off
12200,60 months,10.27,260.84,B,10+ years,MORTGAGE,67200,Verified,home_improvement,12.14,0,691,61.0,Charged Off
19900,36 months,11.5,656.22,B,7 years,OWN,37400,Not Verified,credit_card,8.39,0,730,28.9,Fully Paid
6000,36 months,11.54,197.97,B,6 years,MORTGAGE,56500,Verified,home_improvement,20.1,0,732,60.3,Fully Paid
16900,36 months,12.03,561.56,C,10+ years,RENT,59900,Not Verified,debt_consolidation,10.89,0,703,40.5,Fully Paid
20500,36 months,7.09,633.82,A,3 years,RENT,40100,Verified,debt_consolidation,23.8,1,768,,Fully Paid
20500,60 months,12.55,461.73,C,4 years,RENT,120400,Verified,debt_consolidation,13.62,2,698,57.3,Charged Off
29400,60 months,9.92,623.51,B,10+ years,MORTGAGE,91500,Source Verified,debt_consolidation,13.26,1,711,36.9,Fully Paid
15800,36 months,7.92,494.53,A,5 years,RENT,79900,Verified,debt_consolidation,9.96,0,737,37.5,Fully Paid
22300,36 months,24.26,877.94,E,< 1 year,MORTGAGE,35500,Source Verified,debt_consolidation,28.29,1,644,64.7,Charged Off
12100,60 months,16.14,295.15,C,2 years,MORTGAGE,38300,Not Verified,credit_card,17.67,2,707,,Fully Paid
40000,36 months,19.22,1470.69,E,1 year,MORTGAGE,51800,Verified,debt_consolidation,34.55,0,650,53.1,Charged Off
7000,60 months,15.77,169.37,C,6 years,MORTGAGE,181700,Verified,debt_consolidation,28.58,0,683,70.2,Fully Paid
11900,36 months,9.02,378.53,B,4 years,RENT,86900,Not Verified,medical,12.08,0,731,79.5,Fully Paid
5100,36 months,12.7,171.1,C,10+ years,MORTGAGE,39700,Source Verified,debt_consolidation,29.71,0,681,51.2,Fully Paid
18900,60 months,11.11,411.97,B,10+ years,RENT,101200,Verified,major_purchase,20.73,1,698,66.5,Fully Paid
16200,36 months,7.76,505.86,A,10+ years,RENT,23300,Verified,debt_consolidation,17.79,0,742,69.2,Charged Off
22900,60 months,21.37,624.3,E,10+ years,MORTGAGE,175900,Not Verified,car,18.43,1,683,59.7,Fully Paid
19700,36 months,16.5,697.47,D,7 years,OWN,124800,Verified,credit_card,15.65,0,684,58.1,Fully Paid
14300,36 months,10.69,466.07,B,3 years,MORTGAGE,78100,Source Verified,credit_card,11.72,0,723,67.5,Charged Off
18000,60 months,18.36,460.61,D,10+ years,MORTGAGE,102300,Verified,debt_consolidation,6.99,1,689,74.2,Fully Paid
10200,36 months,7.58,317.66,A,3 years,MORTGAGE,52200,Not Verified,debt_consolidation,11.1,0,751,40.5,Fully Paid
3900,60 months,15.93,94.7,D,4 years,RENT,121800,Verified,debt_consolidation,18.76,1,699,33.6,Fully Paid
5000,36 months,15.19,173.79,C,< 1 year,MORTGAGE,68800,Source Verified,credit_card,26.62,1,698,55.9,Fully Paid
16900,36 months,7.45,525.31,A,10+ years,MORTGAGE,108800,Not Verified,small_business,27.4,0,745,71.9,Fully Paid
15800,36 months,17.87,570.18,D,10+ years,MORTGAGE,30500,Not Verified,credit_card,15.89,0,684,57.3,Fully Paid
10600,60 months,15.66,255.86,D,10+ years,RENT,49800,Not Verified,debt_consolidation,6.72,1,686,70.1,Fully Paid
3100,36 months,17.48,111.27,C,5 years,RENT,30300,Verified,major_purchase,26.33,0,693,80.5,Charged Off
19700,36 months,8.63,623.07,B,5 years,MORTGAGE,26000,Verified,debt_consolidation,34.36,0,728,55.4,Fully Paid
30700,60 months,16.34,752.12,D,4 years,MORTGAGE,34200,Verified,small_business,16.8,0,691,79.0,Fully Paid
8200,36 months,11.65,270.99,B,9 years,RENT,57200,Not Verified,debt_consolidation,17.71,0,719,65.4,Fully Paid
8600,60 months,11.38,188.62,B,10+ years,MORTGAGE,34100,Source Verified,debt_consolidation,3.1,0,722,13.9,Fully Paid
18400,36 months,6.8,566.46,A,6 years,MORTGAGE,44200,Verified,debt_consolidation,11.48,1,755,65.0,Fully Paid
7200,36 months,17.56,258.71,D,10+ years,MORTGAGE,105300,Source Verified,home_improvement,26.04,0,699,53.1,Charged Off
19400,60 months,13.89,450.3,C,6 years,MORTGAGE,48800,Not Verified,major_purchase,13.75,0,699,45.3,Fully Paid
19500,60 months,12.68,440.5,C,10+ years,RENT,27400,Verified,debt_consolidation,19.39,0,712,34.5,Charged Off
9600,36 months,25.56,384.54,G,10+ years,RENT,189000,Verified,debt_consolidation,27.4,0,650,76.2,Fully Paid
20100,36 months,10.11,649.61,B,3 years,RENT,82300,Verified,home_improvement,14.81,0,702,60.6,Fully Paid
17400,60 months,6.64,341.59,A,10+ years,OWN,147400,Source Verified,debt_consolidation,5.59,0,741,81.2,Fully Paid
13300,36 months,11.99,441.69,B,1 year,OWN,30900,Not Verified,other,22.46,0,720,52.6,Fully Paid
16100,36 months,13.26,544.49,C,10+ years,RENT,59700,Verified,debt_consolidation,16.64,1,688,69.6,Fully Paid
4000,36 months,7.35,124.15,A,5 years,RENT,81200,Verified,debt_consolidation,14.49,1,729,30.0,Fully Paid
6500,60 months,12.87,147.46,C,5 years,RENT,119100,Source Verified,debt_consolidation,15.25,0,708,52.1,Fully Paid
8400,36 months,10.59,273.38,B,9 years,RENT,171200,Verified,debt_consolidation,16.39,1,721,41.8,Fully Paid
17900,60 months,8.08,363.63,A,10+ years,RENT,88300,Not Verified,debt_consolidation,18.16,0,763,51.5,Fully Paid
20900,36 months,13.98,714.11,C,6 years,RENT,102400,Not Verified,small_business,30.48,0,709,41.1,Fully Paid
10800,36 months,6.61,331.55,A,10+ years,MORTGAGE,55200,Not Verified,debt_consolidation,12.04,0,761,74.9,Fully Paid
11500,36 months,12.5,384.72,C,10+ years,RENT,79200,Not Verified,debt_consolidation,11.94,1,728,41.9,Fully Paid
6600,36 months,19.07,242.16,E,6 years,MORTGAGE,84600,Not Verified,debt_consolidation,19.53,0,652,12.8,Fully Paid
11800,36 months,17.0,420.7,D,1 year,OWN,33000,Verified,home_improvement,13.19,0,691,64.9,Fully Paid
10800,36 months,17.05,385.32,D,10+ years,OWN,82800,Not Verified,home_improvement,23.23,1,682,78.5,Charged Off
11400,36 months,14.32,391.4,C,4 years,RENT,104600,Source Verified,debt_consolidation,32.19,0,715,38.9,Charged Off
4600,60 months,15.09,109.65,D,10+ years,RENT,44100,Source Verified,debt_consolidation,40.03,0,683,45.2,Fully Paid
19400,36 months,10.32,628.9,B,5 years,RENT,63500,Source Verified,debt_consolidation,9.93,0,706,61.6,Fully Paid
37800,36 months,12.47,1264.0,D,,MORTGAGE,124500,Not Verified,debt_consolidation,9.36,0,667,87.2,Fully Paid
22700,60 months,16.66,560.01,D,10+ years,RENT,77800,Not Verified,major_purchase,19.79,2,677,63.1,Fully Paid
10600,60 months,7.1,210.39,A,10+ years,RENT,110800,Verified,debt_consolidation,22.66,0,728,33.5,Fully Paid
30200,60 months,16.54,743.1,D,3 years,RENT,66400,Not Verified,debt_consolidation,15.07,0,685,58.1,Fully Paid
15600,36 months,7.63,486.19,A,5 years,MORTGAGE,150400,Verified,debt_consolidation,8.72,0,748,59.7,Fully Paid
11600,36 months,20.56,434.41,E,10+ years,MORTGAGE,48800,Not Verified,debt_consolidation,18.03,0,666,33.8,Charged Off
4800,60 months,12.72,108.53,C,10+ years,MORTGAGE,58900,Not Verified,debt_consolidation,13.96,0,673,88.1,Fully Paid
26700,36 months,9.55,855.9,B,4 years,RENT,57900,Verified,debt_consolidation,30.79,0,708,51.2,Fully Paid
7700,36 months,6.29,235.26,A,2 years,MORTGAGE,77200,Verified,debt_consolidation,18.48,2,750,28.6,Fully Paid
17500,60 months,15.61,421.95,D,10+ years,RENT,127900,Source Verified,debt_consolidation,16.99,0,694,57.5,Fully Paid
8200,36 months,25.11,326.51,F,10+ years,RENT,62500,Not Verified,credit_card,12.34,1,659,42.4,Fully Paid
13300,36 months,16.69,472.13,D,10+ years,RENT,36700,Verified,credit_card,20.41,0,662,34.1,Fully Paid
14700,36 months,10.35,476.75,B,10+ years,MORTGAGE,26900,Source Verified,credit_card,11.54,0,716,71.6,Fully Paid
7900,36 months,12.62,264.74,C,8 years,MORTGAGE,29000,Verified,debt_consolidation,16.58,0,688,62.0,Charged Off
40000,60 months,16.54,984.24,D,2 years,MORTGAGE,59900,Not Verified,debt_consolidation,25.7,0,665,83.1,Charged Off
14200,36 months,16.16,500.35,D,10+ years,RENT,90100,Not Verified,medical,6.05,0,703,64.3,Fully Paid
15400,60 months,17.8,389.39,E,< 1 year,OWN,54100,Not Verified,debt_consolidation,27.37,0,649,51.7,Charged Off
17000,60 months,14.88,403.36,D,3 years,MORTGAGE,16300,Not Verified,debt_consolidation,15.37,0,681,23.8,Fully Paid
7800,36 months,12.26,260.04,B,4 years,MORTGAGE,81700,Verified,home_improvement,11.87,1,709,44.2,Fully Paid
16300,36 months,13.94,556.62,C,10+ years,MORTGAGE,77500,Not Verified,debt_consolidation,13.82,0,681,30.0,Fully Paid
18800,60 months,15.01,447.35,D,1 year,RENT,132800,Verified,credit_card,27.46,2,684,50.4,Charged Off
20100,36 months,16.12,707.85,D,1 year,MORTGAGE,35800,Verified,debt_consolidation,18.1,0,703,29.9,Fully Paid
19500,60 months,13.83,452.01,D,4 years,MORTGAGE,35500,Not Verified,debt_consolidation,6.43,0,678,59.2,Fully Paid
13800,60 months,6.67,271.11,A,3 years,RENT,27000,Source Verified,debt_consolidation,41.87,1,751,61.4,Charged Off
13900,36 months,10.56,452.18,B,7 years,OWN,33300,Source Verified,debt_consolidation,5.09,0,736,23.7,Fully Paid
13700,60 months,11.95,304.4,B,9 years,MORTGAGE,82500,Not Verified,debt_consolidation,22.73,1,714,63.1,Fully Paid
16200,36 months,23.78,633.7,E,< 1 year,RENT,67400,Not Verified,debt_consolidation,13.67,0,660,47.3,Fully Paid
16300,60 months,9.09,339.07,B,2 years,RENT,43600,Verified,debt_consolidation,19.22,0,697,46.8,Fully Paid
8400,60 months,10.53,180.67,B,5 years,RENT,44000,Source Verified,other,14.33,1,701,50.5,Fully Paid
19800,36 months,13.95,676.24,C,4 years,MORTGAGE,43400,Not Verified,debt_consolidation,17.65,0,696,45.3,Fully Paid
22600,60 months,7.28,450.5,A,4 years,RENT,46000,Not Verified,debt_consolidation,16.62,0,758,31.6,Fully Paid
5700,60 months,19.14,148.3,E,,RENT,69800,Verified,credit_card,18.59,0,686,21.3,Charged Off
11300,36 months,11.29,371.5,C,6 years,MORTGAGE,87300,Verified,car,5.76,0,696,63.3,Fully Paid
21100,36 months,10.37,684.51,B,6 years,MORTGAGE,91400,Not Verified,debt_consolidation,12.45,1,714,37.2,Fully Paid
17900,36 months,7.04,553.03,A,9 years,MORTGAGE,57000,Verified,credit_card,19.01,0,751,13.2,Fully Paid
24800,36 months,12.9,834.42,C,10+ years,MORTGAGE,60200,Source Verified,debt_consolidation,19.08,1,675,56.8,Fully Paid
9100,36 months,9.89,293.16,C,10+ years,RENT,83600,Not Verified,medical,19.36,1,723,48.6,Fully Paid
12400,36 months,14.18,424.89,C,2 years,OWN,118000,Source Verified,credit_card,7.27,0,706,39.7,Fully Paid
10400,36 months,8.83,329.89,B,< 1 year,RENT,78900,Verified,credit_card,15.3,1,717,77.2,Fully Paid
13400,60 months,13.43,307.85,C,5 years,RENT,156200,Not Verified,debt_consolidation,9.62,0,705,31.6,Fully Paid
12000,36 months,11.15,393.72,B,10+ years,OWN,65900,Source Verified,debt_consolidation,9.69,0,718,48.7,Fully Paid
11000,36 months,15.35,383.21,C,3 years,RENT,54700,Not Verified,credit_card,7.22,0,686,73.1,Fully Paid
16200,36 months,11.31,532.75,B,4 years,RENT,134400,Source Verified,debt_consolidation,22.91,0,716,22.2,Fully Paid
16800,60 months,11.27,367.54,B,3 years,MORTGAGE,82100,Verified,credit_card,7.86,0,723,37.9,Fully Paid
13100,60 months,9.99,278.27,B,10+ years,MORTGAGE,116500,Not Verified,other,8.5,0,734,43.4,Fully Paid
6100,60 months,22.28,169.45,E,7 years,MORTGAGE,84300,Not Verified,debt_consolidation,5.15,0,649,80.3,Fully Paid
28100,36 months,12.81,944.23,C,10+ years,MORTGAGE,90000,Not Verified,debt_consolidation,16.76,0,711,62.9,Fully Paid
6700,60 months,6.38,130.72,A,10+ years,RENT,32700,Source Verified,credit_card,22.3,0,750,44.7,Fully Paid
10400,36 months,12.39,347.37,B,< 1 year,OWN,26000,Not Verified,credit_card,28.32,0,712,49.3,Fully Paid
4400,36 months,9.3,140.53,C,< 1 year,MORTGAGE,63300,Source Verified,debt_consolidation,19.0,0,702,22.0,Charged Off
20700,36 months,13.88,706.27,D,10+ years,MORTGAGE,63700,Verified,credit_card,20.2,0,662,10.8,Fully Paid
10400,36 months,13.97,355.3,C,10+ years,OWN,99700,Not Verified,debt_consolidation,22.5,1,712,62.4,Fully Paid
20900,36 months,10.99,684.14,B,3 years,MORTGAGE,48800,Not Verified,credit_card,7.9,1,711,51.6,Fully Paid
6200,60 months,9.45,130.06,B,5 years,MORTGAGE,71400,Not Verified,debt_consolidation,8.06,0,704,,Fully Paid
12100,36 months,7.56,376.72,A,10+ years,MORTGAGE,42500,Not Verified,debt_consolidation,25.29,0,754,77.9,Fully Paid
11400,36 months,16.66,404.51,D,10+ years,MORTGAGE,91600,Verified,credit_card,16.58,0,688,23.8,Charged Off
11500,60 months,10.36,246.38,B,10+ years,RENT,177800,Not Verified,credit_card,17.93,0,698,32.2,Fully Paid
9200,36 months,9.74,295.74,B,2 years,RENT,21300,Source Verified,debt_consolidation,14.31,0,719,95.2,Fully Paid
12600,36 months,10.88,411.79,B,10+ years,RENT,67500,Not Verified,major_purchase,30.4,0,733,10.6,Fully Paid
12800,36 months,9.07,407.45,B,< 1 year,MORTGAGE,67400,Source Verified,medical,15.81,0,688,51.0,Fully Paid
12400,60 months,18.72,319.76,E,10+ years,RENT,22900,Source Verified,debt_consolidation,22.51,0,657,37.4,Fully Paid
11200,60 months,21.92,308.82,F,10+ years,RENT,38500,Source Verified,debt_consolidation,25.49,0,664,12.4,Charged Off
7600,36 months,20.61,284.81,E,10+ years,MORTGAGE,51800,Not Verified,credit_card,10.01,0,683,33.2,Fully Paid
14200,36 months,16.0,499.23,C,4 years,RENT,42000,Source Verified,credit_card,20.8,1,690,45.8,Charged Off
9900,36 months,12.76,332.43,C,10+ years,OTHER,53000,Verified,debt_consolidation,22.66,0,668,79.7,Fully Paid
5600,36 months,12.53,187.42,C,5 years,RENT,69800,Verified,debt_consolidation,13.13,0,715,21.7,Fully Paid
5600,36 months,13.96,191.29,C,7 years,MORTGAGE,78700,Not Verified,debt_consolidation,21.03,0,703,50.8,Fully Paid
7200,36 months,6.8,221.66,A,10+ years,MORTGAGE,128100,Source Verified,credit_card,23.47,0,743,46.8,Fully Paid
18800,36 months,13.97,642.27,C,,MORTGAGE,61200,Not Verified,debt_consolidation,18.99,1,695,49.7,Fully Paid
21200,36 months,7.05,655.08,A,5 years,RENT,50900,Not Verified,debt_consolidation,11.07,0,750,45.1,Fully Paid
9300,36 months,17.28,332.87,D,2 years,MORTGAGE,146600,Verified,debt_consolidation,18.44,0,672,72.0,Fully Paid
8800,36 months,15.86,308.77,D,9 years,RENT,85300,Not Verified,home_improvement,20.72,0,684,7.8,Charged Off
12200,36 months,6.84,375.81,A,,RENT,43700,Source Verified,debt_consolidation,22.82,0,740,37.3,Fully Paid
5000,36 months,19.95,185.69,E,4 years,OWN,104900,Not Verified,credit_card,15.66,0,671,54.3,Fully Paid
7900,36 months,10.48,256.69,B,10+ years,RENT,95700,Source Verified,debt_consolidation,12.29,1,713,59.8,Charged Off
12700,36 months,22.07,485.48,F,10+ years,RENT,154800,Source Verified,credit_card,19.75,0,641,29.3,Charged Off
19400,36 months,9.27,619.36,B,< 1 year,MORTGAGE,80600,Source Verified,credit_card,26.17,0,726,63.0,Fully Paid
20600,60 months,11.55,453.56,B,9 years,RENT,59000,Verified,credit_card,10.43,0,706,50.5,Fully Paid
7800,36 months,10.36,253.0,B,3 years,MORTGAGE,35000,Verified,debt_consolidation,14.85,0,726,43.3,Fully Paid
16700,36 months,13.41,565.99,C,3 years,OWN,44500,Not Verified,car,8.81,0,683,21.5,Fully Paid
13200,60 months,19.57,346.57,E,6 years,RENT,158200,Not Verified,home_improvement,11.62,0,651,38.6,Charged Off
14100,36 months,15.07,489.26,C,8 years,MORTGAGE,132100,Not Verified,debt_consolidation,11.46,1,692,61.0,Charged Off
7600,36 months,7.25,235.54,A,,RENT,64000,Not Verified,home_improvement,29.1,0,773,26.5,Fully Paid
13100,36 months,5.17,393.62,A,4 years,OWN,160900,Verified,debt_consolidation,28.15,1,711,61.0,Fully Paid
21700,60 months,14.04,505.37,C,8 years,MORTGAGE,91500,Source Verified,debt_consolidation,15.55,0,698,53.9,Fully Paid
20200,60 months,14.52,475.48,C,,OWN,109600,Verified,debt_consolidation,19.85,0,709,78.2,Fully Paid
7500,60 months,19.5,196.62,E,10+ years,MORTGAGE,24600,Verified,debt_consolidation,16.47,0,664,90.7,Charged Off
20000,36 months,10.21,647.32,B,< 1 year,RENT,105800,Not Verified,other,15.72,0,708,32.8,Fully Paid
17600,36 months,7.31,545.93,A,10+ years,MORTGAGE,86200,Not Verified,debt_consolidation,31.31,0,751,44.9,Fully Paid
14300,36 months,10.85,467.15,B,3 years,OWN,56100,Not Verified,debt_consolidation,10.72,1,713,44.5,Fully Paid
8000,60 months,6.02,154.74,A,5 years,RENT,49700,Not Verified,debt_consolidation,26.03,1,751,55.5,Charged Off
6000,36 months,16.25,211.68,C,10+ years,RENT,41800,Not Verified,debt_consolidation,13.57,0,699,79.2,Fully Paid
10700,36 months,8.15,336.04,B,8 years,MORTGAGE,42100,Not Verified,debt_consolidation,23.35,0,721,86.1,Fully Paid
11400,36 months,9.28,364.0,B,10+ years,MORTGAGE,66800,Source Verified,debt_consolidation,20.44,0,724,72.5,Fully Paid
22300,36 months,11.91,739.72,C,< 1 year,RENT,61000,Verified,debt_consolidation,31.13,0,722,,Fully Paid
10100,60 months,15.06,240.6,C,10+ years,OTHER,13600,Not Verified,debt_consolidation,19.01,2,687,9.0,Fully Paid
11000,60 months,10.96,238.95,B,3 years,RENT,59200,Not Verified,debt_consolidation,13.74,0,717,55.6,Fully Paid
7900,36 months,15.51,275.83,C,5 years,RENT,89700,Source Verified,debt_consolidation,37.64,0,697,22.1,Fully Paid
7700,36 months,10.05,248.64,B,9 years,MORTGAGE,39800,Source Verified,small_business,36.97,1,727,30.0,Fully Paid
13300,36 months,17.28,476.04,E,2 years,RENT,67700,Source Verified,debt_consolidation,22.03,0,665,38.1,Charged Off
13500,36 months,6.78,415.48,A,10+ years,RENT,119700,Source Verified,home_improvement,13.16,1,725,41.7,Fully Paid
8700,60 months,16.54,214.07,D,10+ years,MORTGAGE,65500,Source Verified,other,10.25,0,665,65.3,Fully Paid
16700,60 months,8.0,338.62,A,2 years,RENT,90000,Source Verified,other,25.26,1,750,21.1,Fully Paid
9900,36 months,14.0,338.36,C,< 1 year,MORTGAGE,289000,Source Verified,debt_consolidation,12.54,0,706,77.6,Fully Paid
10700,36 months,14.6,368.83,D,5 years,RENT,61700,Not Verified,debt_consolidation,13.91,0,693,43.2,Fully Paid
19500,60 months,14.91,462.98,D,8 years,MORTGAGE,15100,Source Verified,debt_consolidation,7.42,0,685,26.8,Fully Paid
5700,36 months,7.2,176.52,A,2 years,OWN,116100,Not Verified,credit_card,32.73,1,758,29.0,Fully Paid
11700,36 months,7.54,364.16,A,2 years,MORTGAGE,34000,Source Verified,debt_consolidation,18.22,0,752,51.2,Fully Paid
12900,36 months,10.48,419.16,B,2 years,MORTGAGE,54500,Verified,debt_consolidation,38.16,0,685,21.6,Fully Paid
12200,36 months,9.56,391.14,B,10+ years,RENT,80400,Source Verified,credit_card,34.74,0,717,34.5,Fully Paid
10900,36 months,7.27,337.91,A,5 years,RENT,104700,Source Verified,credit_card,17.93,0,731,44.6,Fully Paid
14500,36 months,15.65,507.27,D,10+ years,MORTGAGE,96200,Verified,credit_card,33.32,0,686,87.6,Charged Off
11300,36 months,10.72,368.45,C,2 years,RENT,35100,Not Verified,debt_consolidation,19.18,0,709,39.7,Fully Paid
21200,36 months,13.77,722.2,C,5 years,RENT,37900,Source Verified,debt_consolidation,28.88,0,699,55.1,Fully Paid
22700,36 months,9.12,723.12,B,10+ years,RENT,217500,Verified,credit_card,18.22,0,709,19.4,Fully Paid
15800,36 months,12.0,524.79,B,8 years,MORTGAGE,78100,Source Verified,major_purchase,50.0,0,722,58.7,Fully Paid
6200,36 months,9.17,197.65,B,10+ years,MORTGAGE,74000,Verified,debt_consolidation,4.4,1,702,65.5,Fully Paid
3700,36 months,14.86,128.01,C,2 years,RENT,60700,Verified,credit_card,11.15,0,701,61.9,Fully Paid
11400,60 months,12.59,257.0,D,4 years,RENT,151800,Verified,credit_card,22.44,0,672,40.0,Charged Off
18500,36 months,7.9,578.87,A,5 years,MORTGAGE,193300,Source Verified,credit_card,5.95,0,751,36.4,Charged Off
31700,60 months,12.57,714.31,C,10+ years,RENT,40800,Verified,home_improvement,13.3,0,712,61.2,Fully Paid
40000,60 months,18.17,1019.44,E,3 years,RENT,99000,Not Verified,debt_consolidation,27.59,1,680,33.1,Charged Off
6800,36 months,16.76,241.63,D,< 1 year,RENT,29800,Verified,home_improvement,14.37,1,695,53.6,Fully Paid
2300,36 months,9.45,73.62,B,10+ years,MORTGAGE,48800,Verified,other,25.18,0,710,52.3,Fully Paid
5600,36 months,6.61,171.91,A,3 years,RENT,61300,Verified,credit_card,10.1,0,753,76.2,Fully Paid
18200,36 months,11.31,598.52,B,10+ years,RENT,45800,Not Verified,debt_consolidation,10.39,1,708,60.7,Fully Paid
7800,60 months,12.62,175.96,C,10+ years,RENT,146800,Source Verified,debt_consolidation,13.87,0,704,42.0,Fully Paid
19600,60 months,25.32,578.97,F,10+ years,OWN,117400,Not Verified,debt_consolidation,26.09,0,648,64.8,Fully Paid
7900,60 months,14.09,184.19,D,8 years,MORTGAGE,100800,Not Verified,debt_consolidation,17.79,0,672,93.2,Charged Off
5700,36 months,12.51,190.71,C,10+ years,RENT,168600,Not Verified,medical,12.09,0,672,32.7,Fully Paid
25700,60 months,8.18,523.32,A,2 years,RENT,43500,Source Verified,credit_card,20.62,2,747,71.9,Fully Paid
11700,36 months,25.49,468.23,F,7 years,MORTGAGE,58500,Source Verified,credit_card,19.28,0,675,18.1,Fully Paid
9600,36 months,21.0,361.68,E,5 years,RENT,105100,Source Verified,credit_card,18.12,0,665,34.6,Fully Paid
10000,36 months,13.81,340.85,D,7 years,RENT,64000,Source Verified,debt_consolidation,20.56,0,700,25.9,Fully Paid
11200,60 months,14.09,261.13,C,2 years,MORTGAGE,245900,Verified,credit_card,9.77,0,722,94.2,Fully Paid
8100,36 months,14.44,278.57,C,10+ years,MORTGAGE,61200,Not Verified,debt_consolidation,14.13,0,705,49.4,Fully Paid
15100,36 months,13.95,515.72,D,,MORTGAGE,55700,Not Verified,credit_card,7.56,5,659,21.8,Fully Paid
2400,36 months,6.8,73.89,A,< 1 year,RENT,46300,Verified,debt_consolidation,13.22,0,722,45.1,Fully Paid
10000,60 months,10.2,213.46,B,10+ years,MORTGAGE,138600,Not Verified,debt_consolidation,27.16,0,702,60.1,Charged Off
14600,60 months,14.77,345.57,D,10+ years,MORTGAGE,73200,Not Verified,debt_consolidation,7.98,0,687,32.4,Fully Paid
8700,60 months,10.33,186.27,B,6 years,MORTGAGE,47200,Not Verified,debt_consolidation,7.41,1,724,37.8,Fully Paid
14100,36 months,10.6,458.95,B,10+ years,RENT,122200,Not Verified,debt_consolidation,11.75,0,718,87.7,Fully Paid
16500,60 months,14.97,392.27,C,10+ years,MORTGAGE,63500,Source Verified,home_improvement,15.35,2,713,37.5,Charged Off
11200,36 months,6.28,342.15,A,5 years,RENT,114500,Not Verified,debt_consolidation,28.03,0,713,41.8,Fully Paid
4400,36 months,17.0,156.87,C,10+ years,MORTGAGE,42400,Not Verified,debt_consolidation,10.71,1,685,71.3,Fully Paid
12400,36 months,14.35,425.91,C,5 years,MORTGAGE,23500,Verified,medical,11.03,1,683,83.1,Fully Paid
9300,36 months,17.72,334.91,E,10+ years,RENT,61300,Not Verified,debt_consolidation,26.14,0,663,54.7,Fully Paid
12400,36 months,9.56,397.56,B,,MORTGAGE,327000,Verified,debt_consolidation,9.71,0,727,66.7,Fully Paid
9000,60 months,10.55,193.67,B,10+ years,MORTGAGE,177300,Verified,debt_consolidation,15.02,0,709,55.3,Fully Paid
14000,36 months,9.97,451.54,B,10+ years,MORTGAGE,151500,Not Verified,debt_consolidation,23.36,0,730,20.0,Fully Paid
15700,36 months,12.56,525.67,C,10+ years,MORTGAGE,107700,Source Verified,credit_card,12.52,0,709,15.5,Fully Paid
19000,36 months,14.08,650.11,C,10+ years,RENT,41800,Not Verified,other,15.64,0,682,38.5,Fully Paid
10600,36 months,22.35,406.74,E,3 years,OWN,139700,Source Verified,debt_consolidation,33.74,0,670,44.1,Charged Off
18500,36 months,9.68,594.17,B,10+ years,RENT,83000,Verified,car,21.59,0,698,41.0,Fully Paid
40000,36 months,17.05,1427.1,C,2 years,MORTGAGE,54800,Source Verified,debt_consolidation,20.57,0,694,83.4,Charged Off
12600,36 months,13.0,424.54,C,10+ years,MORTGAGE,239900,Verified,car,12.93,1,705,71.3,Charged Off
6200,36 months,13.89,211.57,C,10+ years,MORTGAGE,73600,Not Verified,home_improvement,34.27,1,692,31.1,Charged Off
13700,36 months,9.0,435.66,B,6 years,OWN,74300,Verified,credit_card,11.03,1,711,85.8,Fully Paid
25600,60 months,9.58,538.65,B,9 years,RENT,55800,Not Verified,debt_consolidation,32.24,1,716,,Fully Paid
16700,36 months,13.23,564.54,C,10+ years,RENT,51400,Verified,debt_consolidation,16.02,2,676,48.0,Fully Paid
13500,60 months,12.38,302.9,C,10+ years,RENT,151100,Source Verified,credit_card,31.43,1,701,27.0,Charged Off
10100,36 months,10.3,327.32,B,10+ years,RENT,131200,Source Verified,credit_card,12.1,0,728,70.6,Fully Paid
10600,36 months,15.03,367.61,D,1 year,RENT,20200,Source Verified,debt_consolidation,11.13,0,681,58.6,Fully Paid
16300,36 months,17.11,582.03,D,10+ years,MORTGAGE,75900,Verified,debt_consolidation,15.82,0,681,54.9,Fully Paid
8400,36 months,15.54,293.41,D,10+ years,MORTGAGE,33800,Not Verified,debt_consolidation,15.4,1,672,63.4,Fully Paid
5100,36 months,14.79,176.27,C,5 years,RENT,72400,Verified,debt_consolidation,23.56,0,695,27.9,Fully Paid
7800,60 months,10.64,168.19,B,< 1 year,RENT,60600,Not Verified,debt_consolidation,20.44,0,712,49.4,Fully Paid
14200,36 months,14.36,487.81,C,10+ years,RENT,79400,Not Verified,major_purchase,21.33,0,707,73.1,Fully Paid
13300,36 months,18.53,484.37,D,8 years,RENT,61900,Not Verified,debt_consolidation,12.24,0,680,54.9,Fully Paid
7200,36 months,9.04,229.09,B,8 years,MORTGAGE,98400,Source Verified,debt_consolidation,15.08,0,713,34.1,Fully Paid
8700,36 months,15.18,302.36,D,10+ years,RENT,28300,Verified,debt_consolidation,28.47,0,702,41.9,Fully Paid
16600,36 months,17.28,594.15,D,4 years,MORTGAGE,79400,Source Verified,debt_consolidation,22.71,1,713,64.4,Charged Off
16800,60 months,16.09,409.35,D,10+ years,RENT,64600,Verified,debt_consolidation,15.73,1,676,40.9,Fully Paid
5200,60 months,20.35,138.78,E,6 years,OWN,115600,Verified,medical,10.24,0,650,54.8,Fully Paid
7100,36 months,7.6,221.18,A,10+ years,RENT,60800,Not Verified,debt_consolidation,11.5,0,739,31.2,Fully Paid
25600,36 months,16.77,909.78,E,3 years,RENT,118700,Verified,other,25.17,0,663,52.8,Charged Off
10800,36 months,19.57,399.0,E,10+ years,MORTGAGE,81500,Not Verified,major_purchase,8.18,0,660,67.6,Charged Off
14300,36 months,12.58,478.94,C,6 years,RENT,20500,Source Verified,debt_consolidation,19.39,1,715,66.5,Charged Off
25200,36 months,13.09,850.18,C,,MORTGAGE,109600,Not Verified,car,9.08,0,709,53.2,Fully Paid
25300,36 months,21.15,955.13,E,10+ years,RENT,130000,Not Verified,debt_consolidation,5.13,0,683,5.6,Fully Paid
10500,60 months,12.82,237.94,C,10+ years,OWN,111800,Verified,credit_card,16.07,1,710,25.0,Fully Paid
10200,60 months,15.1,243.19,C,2 years,MORTGAGE,39500,Not Verified,other,28.32,0,692,19.4,Fully Paid
17900,60 months,9.94,379.79,B,2 years,RENT,20800,Source Verified,debt_consolidation,9.12,0,711,23.6,Fully Paid
9700,60 months,11.01,210.95,B,9 years,MORTGAGE,105000,Not Verified,debt_consolidation,13.6,1,718,50.9,Fully Paid
8700,36 months,17.56,312.61,D,1 year,MORTGAGE,78400,Verified,debt_consolidation,44.77,0,690,55.1,Charged Off
17800,60 months,12.39,399.47,B,10+ years,MORTGAGE,66900,Verified,credit_card,19.15,1,721,67.9,Fully Paid
34500,36 months,10.19,1116.3,B,10+ years,RENT,71100,Not Verified,debt_consolidation,13.94,1,707,21.0,Fully Paid
38800,36 months,13.39,1314.63,C,10+ years,RENT,22700,Not Verified,debt_consolidation,6.81,1,707,75.3,Fully Paid
6400,36 months,11.94,212.39,B,< 1 year,RENT,69600,Source Verified,debt_consolidation,7.78,0,706,66.0,Fully Paid
40000,36 months,10.72,1304.25,B,3 years,MORTGAGE,35700,Not Verified,major_purchase,15.34,0,709,29.0,Fully Paid
5100,36 months,5.55,154.11,A,7 years,MORTGAGE,95400,Source Verified,debt_consolidation,25.29,0,736,32.0,Fully Paid
15700,36 months,8.64,496.63,A,10+ years,MORTGAGE,22900,Not Verified,debt_consolidation,11.35,0,730,48.2,Fully Paid
5900,60 months,14.03,137.37,C,10+ years,RENT,25700,Verified,debt_consolidation,20.67,0,691,22.5,Fully Paid
11900,36 months,8.89,377.81,B,6 years,RENT,63400,Verified,home_improvement,23.68,0,724,61.6,Charged Off
27500,36 months,17.41,986.07,D,7 years,MORTGAGE,354900,Source Verified,debt_consolidation,32.92,0,679,61.6,Charged Off
27800,36 months,17.26,994.75,D,10+ years,RENT,83600,Source Verified,small_business,15.0,0,688,76.9,Fully Paid
7000,36 months,15.14,243.14,C,10+ years,MORTGAGE,12200,Source Verified,debt_consolidation,21.38,1,679,62.2,Fully Paid
6700,36 months,12.96,225.62,C,10+ years,RENT,136600,Source Verified,debt_consolidation,24.96,0,691,74.3,Fully Paid
8700,60 months,16.29,212.91,E,5 years,OWN,172400,Source Verified,home_improvement,24.05,1,673,79.7,Charged Off
2300,60 months,9.07,47.82,B,4 years,RENT,64700,Not Verified,debt_consolidation,23.27,0,721,53.5,Charged Off
12700,60 months,16.33,311.07,D,4 years,RENT,85000,Not Verified,credit_card,8.8,0,693,83.7,Fully Paid
6100,36 months,6.46,186.85,A,2 years,RENT,108200,Verified,debt_consolidation,39.73,0,742,67.9,Charged Off
10100,36 months,14.5,347.65,C,3 years,MORTGAGE,66600,Not Verified,debt_consolidation,16.63,0,682,17.1,Fully Paid
7500,36 months,6.04,228.3,A,1 year,OWN,52400,Not Verified,other,14.99,0,744,61.2,Fully Paid
17300,36 months,5.38,521.45,A,5 years,MORTGAGE,80000,Source Verified,home_improvement,3.91,1,744,55.7,Fully Paid
17000,36 months,5.9,516.4,A,,MORTGAGE,272800,Source Verified,debt_consolidation,25.16,0,747,25.5,Fully Paid
5700,36 months,13.31,192.91,C,2 years,MORTGAGE,103800,Not Verified,debt_consolidation,33.35,0,703,36.1,Fully Paid
17800,36 months,15.94,625.27,D,2 years,MORTGAGE,137200,Source Verified,credit_card,6.51,0,693,50.6,Fully Paid
9600,36 months,11.94,318.58,C,10+ years,MORTGAGE,77600,Verified,car,16.58,0,665,39.1,Fully Paid
10300,36 months,22.21,394.48,E,10+ years,RENT,93100,Not Verified,credit_card,26.5,1,682,78.9,Fully Paid
11600,60 months,25.35,342.86,G,10+ years,RENT,133800,Verified,debt_consolidation,19.67,1,649,52.5,Fully Paid
16400,36 months,13.52,556.7,C,5 years,MORTGAGE,93600,Source Verified,debt_consolidation,30.11,0,706,62.6,Fully Paid
14300,60 months,9.56,300.75,B,7 years,MORTGAGE,95700,Source Verified,home_improvement,13.59,1,717,53.6,Charged Off
9900,36 months,11.96,328.63,B,10+ years,RENT,54700,Verified,debt_consolidation,11.23,0,713,63.8,Fully Paid
6200,60 months,10.8,134.19,B,10+ years,MORTGAGE,241700,Not Verified,debt_consolidation,13.61,0,730,79.3,Charged Off
18600,36 months,12.63,623.4,C,6 years,MORTGAGE,73200,Not Verified,debt_consolidation,19.54,0,701,44.7,Fully Paid
21700,36 months,14.25,744.29,C,,MORTGAGE,121700,Verified,home_improvement,17.36,0,719,75.1,Charged Off
21500,36 months,7.39,667.7,A,10+ years,OWN,92800,Not Verified,medical,16.08,0,754,71.4,Fully Paid
6700,60 months,12.06,149.24,C,1 year,MORTGAGE,29800,Not Verified,debt_consolidation,7.55,0,680,64.6,Fully Paid
31800,36 months,14.1,1088.39,C,10+ years,RENT,65100,Source Verified,credit_card,20.4,0,687,59.2,Fully Paid
14700,36 months,18.54,535.43,D,4 years,MORTGAGE,55600,Source Verified,debt_consolidation,30.11,0,671,60.7,Fully Paid
6800,60 months,16.14,165.87,C,7 years,RENT,29000,Not Verified,debt_consolidation,14.68,1,684,63.1,Fully Paid
7400,36 months,15.85,259.61,C,8 years,RENT,159500,Not Verified,debt_consolidation,31.1,1,691,59.3,Fully Paid
13200,36 months,17.3,472.59,D,7 years,MORTGAGE,81700,Source Verified,debt_consolidation,10.66,0,684,54.2,Fully Paid
25000,36 months,10.12,808.09,B,2 years,RENT,58000,Not Verified,debt_consolidation,14.93,0,732,30.8,Fully Paid
7000,60 months,13.26,160.2,C,4 years,MORTGAGE,73400,Verified,home_improvement,4.24,1,708,47.4,Fully Paid
7000,36 months,17.17,250.16,D,10+ years,MORTGAGE,19600,Not Verified,debt_consolidation,14.67,0,684,77.2,Charged Off
19200,36 months,6.54,588.81,A,10+ years,MORTGAGE,171100,Source Verified,debt_consolidation,10.75,1,735,75.7,Fully Paid
10700,36 months,14.93,370.55,C,3 years,MORTGAGE,166500,Source Verified,debt_consolidation,19.25,0,715,44.1,Fully Paid
7100,60 months,25.32,209.73,G,< 1 year,MORTGAGE,122600,Verified,debt_consolidation,8.17,0,661,34.0,Fully Paid
14900,36 months,7.12,460.89,A,7 years,OWN,49500,Verified,credit_card,28.24,0,764,41.1,Fully Paid
9500,36 months,15.73,332.73,D,10+ years,MORTGAGE,66300,Not Verified,debt_consolidation,14.74,0,688,36.5,Fully Paid
7700,36 months,11.46,253.77,B,2 years,RENT,118400,Source Verified,debt_consolidation,10.14,1,713,53.3,Fully Paid
20900,36 months,12.8,702.19,C,10+ years,MORTGAGE,86200,Not Verified,credit_card,13.97,0,729,77.4,Fully Paid
12500,36 months,9.15,398.37,B,10+ years,MORTGAGE,38300,Not Verified,credit_card,23.3,1,719,23.4,Charged Off
17500,36 months,11.72,578.91,B,10+ years,MORTGAGE,117900,Not Verified,debt_consolidation,12.21,0,694,68.2,Fully Paid
12700,36 months,12.73,426.26,B,3 years,OWN,84900,Not Verified,home_improvement,11.56,0,715,10.7,Fully Paid
20100,60 months,12.49,452.11,C,10+ years,RENT,67000,Source Verified,credit_card,16.89,0,731,36.7,Fully Paid
13800,36 months,7.36,428.38,A,6 years,MORTGAGE,23800,Verified,debt_consolidation,28.26,0,771,38.8,Fully Paid
23400,36 months,11.11,767.31,B,3 years,RENT,203300,Not Verified,debt_consolidation,18.43,1,714,46.4,Fully Paid
12200,36 months,11.48,402.19,B,8 years,MORTGAGE,96100,Not Verified,debt_consolidation,22.25,0,710,19.2,Charged Off
3400,36 months,10.45,110.43,B,7 years,RENT,68900,Not Verified,debt_consolidation,8.02,1,715,22.4,Fully Paid
14800,60 months,12.88,335.84,C,10+ years,RENT,34200,Verified,major_purchase,16.59,0,700,31.7,Fully Paid
10800,36 months,7.83,337.59,A,9 years,RENT,40100,Verified,home_improvement,15.52,2,750,11.7,Fully Paid
16100,36 months,16.18,567.46,C,4 years,RENT,113700,Not Verified,debt_consolidation,10.96,0,699,52.8,Fully Paid
40000,36 months,6.87,1232.71,A,3 years,MORTGAGE,39600,Source Verified,debt_consolidation,16.08,0,738,77.9,Fully Paid
12400,36 months,18.65,452.34,D,10+ years,RENT,47200,Source Verified,debt_consolidation,14.32,0,669,29.1,Charged Off
7000,36 months,6.91,215.85,A,10+ years,OWN,34000,Verified,credit_card,15.41,0,738,62.2,Fully Paid
20300,36 months,15.6,709.69,D,10+ years,RENT,173200,Source Verified,home_improvement,18.71,0,716,18.3,Charged Off
4000,36 months,15.92,140.47,D,3 years,OWN,43200,Not Verified,debt_consolidation,25.47,0,689,57.9,Charged Off
6700,36 months,9.22,213.74,B,< 1 year,RENT,86900,Verified,debt_consolidation,7.9,0,718,15.5,Fully Paid
27700,36 months,11.35,911.46,C,10+ years,OWN,25300,Not Verified,debt_consolidation,11.49,0,713,22.7,Charged Off
3400,60 months,14.68,80.32,C,5 years,MORTGAGE,44400,Source Verified,debt_consolidation,20.42,0,689,55.4,Charged Off
6200,36 months,13.67,210.91,D,6 years,RENT,52200,Not Verified,credit_card,27.53,0,673,76.1,Fully Paid
9700,36 months,7.81,303.11,A,,RENT,53600,Source Verified,debt_consolidation,22.4,1,761,48.9,Fully Paid
9000,36 months,14.41,309.39,D,,MORTGAGE,67200,Not Verified,debt_consolidation,26.74,1,678,53.9,Fully Paid
12800,60 months,14.98,304.38,C,10+ years,RENT,56500,Not Verified,credit_card,11.29,0,728,67.9,Charged Off
12800,36 months,15.61,447.55,D,1 year,MORTGAGE,69100,Verified,debt_consolidation,10.52,0,704,69.1,Charged Off
40000,36 months,10.52,1300.47,B,5 years,RENT,73500,Source Verified,debt_consolidation,34.98,0,720,44.3,Fully Paid
25300,36 months,6.91,780.15,A,,MORTGAGE,40400,Not Verified,credit_card,19.07,0,760,82.8,Fully Paid
23100,36 months,16.58,818.76,D,3 years,MORTGAGE,49400,Verified,home_improvement,13.89,0,679,72.1,Fully Paid
5100,36 months,23.33,198.3,F,10+ years,MORTGAGE,65000,Source Verified,debt_consolidation,20.96,0,657,68.2,Fully Paid
4800,36 months,14.93,166.23,C,4 years,RENT,52900,Verified,major_purchase,6.47,0,709,79.2,Fully Paid
27400,36 months,10.36,888.76,B,10+ years,OWN,33600,Not Verified,credit_card,8.0,0,715,42.9,Fully Paid
22900,60 months,7.18,455.39,A,10+ years,MORTGAGE,24500,Source Verified,car,30.63,0,756,13.2,Charged Off
13400,36 months,8.47,422.82,B,10+ years,MORTGAGE,47500,Source Verified,credit_card,6.4,1,724,40.4,Fully Paid
13700,36 months,15.28,476.8,C,9 years,RENT,81000,Source Verified,major_purchase,15.43,0,692,57.1,Fully Paid
8600,60 months,13.68,198.68,C,3 years,RENT,135100,Verified,debt_consolidation,8.18,0,707,78.7,Fully Paid
25000,36 months,13.75,851.41,C,10+ years,RENT,97300,Not Verified,credit_card,15.14,0,694,85.9,Fully Paid
10600,60 months,17.01,263.49,D,10+ years,RENT,51000,Verified,debt_consolidation,31.75,1,691,33.2,Fully Paid
14100,60 months,14.92,334.85,C,1 year,RENT,110400,Not Verified,debt_consolidation,13.42,0,699,68.3,Fully Paid
11000,36 months,10.95,359.87,B,,RENT,30900,Verified,debt_consolidation,19.95,1,721,85.6,Charged Off
35200,36 months,12.77,1182.13,C,10+ years,OWN,93900,Source Verified,debt_consolidation,22.66,0,670,48.7,Fully Paid
14200,60 months,9.62,299.06,B,5 years,MORTGAGE,61900,Verified,credit_card,15.96,1,697,75.9,Fully Paid
8400,36 months,16.66,298.06,D,5 years,RENT,88200,Verified,debt_consolidation,14.14,0,676,51.2,Fully Paid
14600,60 months,12.67,329.73,C,5 years,MORTGAGE,58100,Source Verified,debt_consolidation,27.5,0,698,59.6,Fully Paid
9900,36 months,21.08,373.39,E,10+ years,RENT,87400,Source Verified,home_improvement,12.57,0,649,24.1,Charged Off
3700,36 months,26.73,150.52,G,4 years,RENT,84700,Not Verified,credit_card,12.88,0,636,37.5,Fully Paid
4400,60 months,9.19,91.74,B,2 years,OWN,25700,Source Verified,debt_consolidation,11.62,1,724,78.3,Fully Paid
11200,60 months,16.25,273.85,D,2 years,MORTGAGE,60600,Not Verified,debt_consolidation,16.01,0,689,38.0,Fully Paid
4800,36 months,6.35,146.79,A,9 years,RENT,56400,Source Verified,credit_card,18.6,0,754,48.9,Fully Paid
40000,36 months,12.3,1334.31,C,1 year,RENT,48200,Not Verified,credit_card,23.67,0,710,69.0,Charged Off
16400,36 months,21.16,619.22,E,8 years,MORTGAGE,67900,Not Verified,debt_consolidation,22.26,0,682,16.5,Charged Off
28600,36 months,12.83,961.31,C,10+ years,RENT,41400,Not Verified,credit_card,6.4,1,727,84.2,Fully Paid
12800,36 months,8.19,402.23,B,7 years,MORTGAGE,140200,Verified,credit_card,10.49,0,706,22.3,Fully Paid
24500,36 months,20.63,918.39,E,5 years,MORTGAGE,132900,Source Verified,major_purchase,9.67,0,662,83.3,Charged Off
7200,36 months,12.81,241.94,C,3 years,RENT,50000,Source Verified,car,15.08,0,691,55.1,Fully Paid
31400,36 months,12.64,1052.55,C,10+ years,MORTGAGE,60300,Not Verified,debt_consolidation,20.33,0,708,45.5,Fully Paid
12800,60 months,10.59,275.69,B,10+ years,OWN,75100,Not Verified,debt_consolidation,29.23,0,722,48.1,Fully Paid
17700,60 months,10.44,379.92,B,9 years,OWN,33100,Not Verified,debt_consolidation,14.27,1,727,,Fully Paid
7800,60 months,10.63,168.16,B,1 year,MORTGAGE,33600,Verified,debt_consolidation,14.54,0,712,57.6,Charged Off
7600,36 months,17.5,272.86,D,10+ years,RENT,143800,Verified,credit_card,21.71,1,669,40.5,Fully Paid
11100,60 months,20.17,295.13,E,1 year,MORTGAGE,71000,Not Verified,credit_card,13.31,0,666,19.1,Fully Paid
9000,60 months,7.8,181.63,A,5 years,MORTGAGE,82600,Not Verified,debt_consolidation,8.1,0,710,71.7,Fully Paid
6500,36 months,8.82,206.15,B,4 years,RENT,37500,Source Verified,credit_card,9.45,0,707,27.9,Fully Paid
13600,36 months,8.82,431.34,A,10+ years,RENT,49500,Verified,credit_card,16.67,0,743,20.1,Fully Paid
27400,36 months,14.41,941.93,C,8 years,MORTGAGE,58400,Not Verified,home_improvement,22.62,0,674,73.4,Fully Paid
26800,36 months,14.96,928.51,D,7 years,RENT,46000,Verified,debt_consolidation,19.68,0,692,26.4,Fully Paid
9400,36 months,5.56,284.1,A,8 years,RENT,84300,Not Verified,credit_card,22.83,0,709,19.5,Fully Paid
19700,36 months,16.37,696.2,D,1 year,RENT,84800,Source Verified,debt_consolidation,36.03,1,668,70.2,Fully Paid
11000,60 months,15.25,263.13,C,1 year,MORTGAGE,114800,Verified,debt_consolidation,23.82,0,697,37.9,Fully Paid
13700,36 months,18.07,495.77,D,4 years,MORTGAGE,54100,Not Verified,debt_consolidation,24.17,0,718,49.3,Fully Paid
6700,36 months,6.78,206.2,A,10+ years,MORTGAGE,59400,Source Verified,debt_consolidation,20.35,0,765,83.7,Fully Paid
24300,36 months,6.4,743.67,A,5 years,MORTGAGE,112700,Not Verified,debt_consolidation,22.14,0,732,10.6,Fully Paid
9800,60 months,9.71,206.83,B,10+ years,MORTGAGE,33600,Source Verified,debt_consolidation,14.74,1,710,51.2,Fully Paid
9100,60 months,10.48,195.5,B,9 years,RENT,43600,Verified,major_purchase,16.45,0,714,27.5,Fully Paid
14000,36 months,11.67,462.8,C,4 years,MORTGAGE,57900,Not Verified,debt_consolidation,15.14,0,696,35.7,Fully Paid
6600,60 months,7.07,130.91,B,2 years,MORTGAGE,66400,Source Verified,credit_card,12.3,0,711,87.0,Fully Paid
6200,36 months,9.4,198.31,B,10+ years,RENT,82100,Source Verified,major_purchase,15.49,0,694,83.9,Fully Paid
10300,36 months,13.98,351.93,C,1 year,RENT,62200,Not Verified,debt_consolidation,19.19,1,696,47.7,Fully Paid
12300,36 months,13.33,416.39,C,8 years,RENT,78000,Not Verified,debt_consolidation,8.11,1,699,37.5,Fully Paid
10900,36 months,6.33,333.23,A,10+ years,RENT,42800,Verified,debt_consolidation,18.61,0,763,75.6,Fully Paid
2900,36 months,24.26,114.17,F,2 years,RENT,45500,Verified,debt_consolidation,12.24,0,664,44.2,Charged Off
19500,36 months,9.53,624.92,B,< 1 year,OWN,152800,Source Verified,credit_card,6.79,0,715,79.2,Fully Paid
7300,36 months,16.02,256.72,D,< 1 year,RENT,52900,Verified,small_business,21.18,1,687,87.7,Fully Paid
24800,60 months,13.26,567.58,C,5 years,MORTGAGE,45800,Not Verified,debt_consolidation,8.38,1,705,42.7,Fully Paid
11800,36 months,9.99,380.7,B,10+ years,RENT,70400,Source Verified,debt_consolidation,11.32,0,690,35.9,Fully Paid
21800,36 months,12.01,724.18,C,3 years,MORTGAGE,32100,Not Verified,debt_consolidation,9.95,1,696,69.9,Fully Paid
20900,36 months,20.23,779.17,E,9 years,MORTGAGE,84800,Source Verified,debt_consolidation,35.77,2,657,63.0,Charged Off
6400,60 months,10.04,136.11,B,2 years,MORTGAGE,67700,Verified,debt_consolidation,12.24,0,731,70.4,Charged Off
21700,36 months,9.36,693.7,B,10+ years,RENT,71100,Not Verified,credit_card,31.76,0,712,62.5,Fully Paid
15300,36 months,17.42,548.69,E,10+ years,MORTGAGE,32000,Not Verified,debt_consolidation,6.41,0,655,62.8,Charged Off
4600,60 months,11.74,101.72,B,8 years,RENT,54200,Source Verified,medical,18.52,0,693,39.8,Fully Paid
14400,60 months,8.04,292.26,A,5 years,RENT,34100,Source Verified,car,5.85,1,754,19.1,Fully Paid
5800,60 months,27.46,178.7,G,10+ years,RENT,70800,Not Verified,credit_card,32.75,1,662,72.3,Charged Off
13800,36 months,10.61,449.25,B,10+ years,MORTGAGE,16200,Verified,debt_consolidation,13.64,0,729,73.0,Fully Paid
11300,60 months,13.01,257.17,C,6 years,RENT,67800,Verified,debt_consolidation,21.76,0,704,51.9,Fully Paid
12100,36 months,17.22,432.72,E,2 years,RENT,37100,Not Verified,debt_consolidation,8.17,0,668,65.0,Charged Off
10900,36 months,11.11,357.42,B,9 years,MORTGAGE,58600,Not Verified,debt_consolidation,20.64,0,699,74.9,Fully Paid
8200,36 months,18.63,299.05,D,5 years,MORTGAGE,37400,Source Verified,debt_consolidation,13.16,0,685,24.9,Fully Paid
12300,36 months,11.09,403.21,B,7 years,OWN,64800,Verified,debt_consolidation,14.62,0,724,68.1,Fully Paid
8000,36 months,9.52,256.34,B,,OWN,49600,Verified,debt_consolidation,23.21,1,712,66.7,Fully Paid
11000,36 months,11.91,364.88,C,5 years,MORTGAGE,54800,Verified,major_purchase,41.37,0,702,32.8,Fully Paid
7500,36 months,10.17,242.6,B,< 1 year,RENT,76100,Not Verified,medical,8.33,1,724,51.0,Fully Paid
13600,36 months,18.73,496.67,E,8 years,MORTGAGE,31200,Not Verified,debt_consolidation,13.09,1,673,72.5,Charged Off
9200,60 months,9.67,193.98,B,10+ years,RENT,80900,Source Verified,debt_consolidation,12.77,0,744,63.5,Fully Paid
6200,36 months,13.95,211.75,C,4 years,RENT,105900,Not Verified,major_purchase,12.8,0,716,16.9,Fully Paid
6000,36 months,14.68,207.05,C,,MORTGAGE,217800,Verified,debt_consolidation,21.3,0,706,43.6,Fully Paid
5900,36 months,7.43,183.34,A,10+ years,MORTGAGE,73600,Not Verified,medical,24.6,0,757,56.2,Fully Paid
5800,36 months,14.79,200.46,C,10+ years,MORTGAGE,34400,Not Verified,debt_consolidation,32.12,1,708,71.9,Fully Paid
6800,60 months,9.33,142.25,B,3 years,RENT,41300,Verified,debt_consolidation,12.58,0,705,49.2,Fully Paid
8000,36 months,17.98,289.14,D,10+ years,MORTGAGE,187000,Verified,medical,16.01,0,678,57.5,Fully Paid
11100,36 months,13.35,375.88,C,2 years,RENT,157000,Source Verified,debt_consolidation,10.5,0,706,65.0,Fully Paid
8100,36 months,23.32,314.9,F,2 years,OWN,47600,Verified,debt_consolidation,10.49,3,650,62.6,Charged Off
21600,60 months,15.63,521.03,C,8 years,MORTGAGE,104600,Not Verified,debt_consolidation,13.4,2,696,48.3,Charged Off
35800,60 months,11.61,789.31,C,8 years,MORTGAGE,37700,Source Verified,credit_card,13.46,0,708,81.6,Fully Paid
6900,36 months,10.06,222.84,B,10+ years,MORTGAGE,34300,Source Verified,debt_consolidation,31.43,1,699,74.7,Fully Paid
3400,36 months,8.93,108.01,A,< 1 year,MORTGAGE,99700,Source Verified,home_improvement,29.89,0,744,30.9,Fully Paid
14100,36 months,11.0,461.62,B,10+ years,RENT,183700,Not Verified,credit_card,5.95,2,717,80.7,Charged Off
8100,60 months,12.84,183.64,C,10+ years,MORTGAGE,39300,Not Verified,major_purchase,12.29,0,692,49.7,Fully Paid
5600,60 months,11.22,122.37,B,10+ years,MORTGAGE,61800,Not Verified,debt_consolidation,25.59,0,726,64.0,Fully Paid
11700,36 months,5.66,354.14,A,4 years,MORTGAGE,187400,Verified,debt_consolidation,28.42,0,741,21.1,Fully Paid
26700,60 months,17.66,673.08,E,3 years,RENT,38700,Not Verified,major_purchase,20.22,1,663,35.5,Fully Paid
25500,36 months,13.36,863.62,C,1 year,MORTGAGE,106700,Source Verified,debt_consolidation,22.16,0,713,83.4,Fully Paid
10500,36 months,13.25,355.05,C,10+ years,RENT,31900,Source Verified,home_improvement,15.63,0,705,44.0,Fully Paid
5800,60 months,19.82,153.08,E,9 years,MORTGAGE,34400,Not Verified,home_improvement,16.37,0,658,39.2,Charged Off
7200,36 months,15.05,249.77,D,8 years,RENT,85600,Not Verified,car,23.76,1,693,69.0,Charged Off
9500,36 months,8.05,297.91,A,1 year,OWN,33400,Verified,major_purchase,26.26,0,757,15.5,Fully Paid
16900,36 months,11.6,558.1,B,5 years,RENT,172000,Source Verified,credit_card,34.72,0,723,27.4,Fully Paid
11300,36 months,7.3,350.46,A,8 years,RENT,33100,Verified,debt_consolidation,14.05,2,760,21.1,Fully Paid
17000,60 months,16.09,414.22,D,6 years,OWN,78200,Verified,debt_consolidation,9.86,0,701,78.9,Fully Paid
12100,36 months,14.19,414.67,C,10+ years,MORTGAGE,39400,Not Verified,debt_consolidation,16.96,1,729,85.4,Fully Paid
4300,36 months,15.44,149.99,D,8 years,MORTGAGE,74700,Verified,major_purchase,19.11,0,692,57.9,Fully Paid
18400,36 months,15.39,641.36,D,2 years,RENT,74500,Not Verified,debt_consolidation,10.5,1,695,59.3,Fully Paid
15100,60 months,16.69,372.76,D,4 years,RENT,125700,Source Verified,credit_card,17.0,0,669,71.4,Fully Paid
5200,36 months,13.5,176.46,C,10+ years,MORTGAGE,133500,Not Verified,other,13.43,0,702,72.1,Fully Paid
12400,36 months,6.6,380.61,A,,MORTGAGE,60500,Verified,debt_consolidation,29.36,1,739,35.7,Fully Paid
28400,36 months,13.05,957.59,C,5 years,OWN,51500,Not Verified,credit_card,17.22,0,702,21.8,Charged Off
27900,36 months,10.2,902.88,B,10+ years,MORTGAGE,79300,Verified,debt_consolidation,10.45,0,708,42.2,Fully Paid
9600,36 months,14.06,328.39,C,3 years,OWN,104600,Source Verified,debt_consolidation,7.68,0,680,41.2,Fully Paid
14800,60 months,13.29,338.95,C,9 years,MORTGAGE,43400,Source Verified,credit_card,15.29,0,703,45.3,Fully Paid
6900,36 months,12.98,232.42,C,6 years,MORTGAGE,77300,Not Verified,debt_consolidation,11.9,0,699,78.2,Fully Paid
5300,36 months,7.18,164.09,A,4 years,OWN,60400,Verified,debt_consolidation,10.23,0,749,83.7,Fully Paid
9900,36 months,16.36,349.82,D,1 year,MORTGAGE,101700,Not Verified,home_improvement,6.45,0,720,31.3,Fully Paid
7400,36 months,11.08,242.55,B,6 years,MORTGAGE,122200,Source Verified,home_improvement,16.13,0,740,49.3,Fully Paid
15300,36 months,13.06,515.96,C,10+ years,OWN,52100,Not Verified,debt_consolidation,50.0,0,693,35.7,Fully Paid
26100,36 months,6.46,799.46,A,1 year,MORTGAGE,85000,Verified,credit_card,11.7,0,743,83.1,Fully Paid
6300,36 months,7.1,194.81,A,3 years,MORTGAGE,66300,Not Verified,debt_consolidation,14.8,0,741,20.0,Fully Paid
12600,36 months,19.95,467.94,E,,RENT,65000,Verified,credit_card,21.19,0,677,58.0,Fully Paid
12100,36 months,12.39,404.15,C,,MORTGAGE,126900,Not Verified,debt_consolidation,12.42,1,708,62.0,Fully Paid
14100,36 months,14.41,484.72,D,9 years,RENT,38400,Not Verified,debt_consolidation,8.89,0,691,56.1,Charged Off
15000,60 months,21.82,412.75,F,10+ years,RENT,68900,Not Verified,medical,24.08,1,678,28.4,Fully Paid
6700,36 months,7.4,208.1,A,2 years,OWN,51800,Not Verified,debt_consolidation,15.76,0,762,39.6,Fully Paid
16900,60 months,14.79,400.19,C,7 years,MORTGAGE,53800,Verified,debt_consolidation,18.1,0,693,67.1,Fully Paid
17300,36 months,8.56,546.6,A,2 years,OWN,97000,Not Verified,debt_consolidation,21.06,0,731,51.8,Fully Paid
7900,60 months,12.68,178.46,C,10+ years,MORTGAGE,155700,Source Verified,car,11.99,0,710,35.8,Fully Paid
14800,36 months,7.44,459.96,A,4 years,MORTGAGE,170600,Source Verified,credit_card,14.71,0,745,59.5,Fully Paid
26000,36 months,10.64,846.78,B,7 years,MORTGAGE,98100,Source Verified,debt_consolidation,18.84,0,748,73.5,Fully Paid
21500,36 months,14.91,744.36,C,2 years,MORTGAGE,76400,Source Verified,other,16.27,0,704,99.1,Charged Off
5500,36 months,10.11,177.75,B,3 years,RENT,56100,Verified,debt_consolidation,6.22,0,744,58.8,Fully Paid
8500,60 months,12.92,193.05,C,10+ years,RENT,92700,Verified,home_improvement,20.31,0,727,67.3,Charged Off
13400,60 months,12.61,302.22,C,2 years,RENT,86200,Verified,credit_card,27.1,0,697,94.8,Fully Paid
12000,36 months,17.79,432.57,D,10+ years,MORTGAGE,107300,Not Verified,major_purchase,8.08,0,688,52.6,Fully Paid
5500,60 months,9.37,115.16,B,10+ years,RENT,38000,Source Verified,credit_card,17.94,0,714,26.8,Fully Paid
32300,60 months,20.43,863.5,E,10+ years,MORTGAGE,62400,Verified,debt_consolidation,27.09,1,675,29.2,Charged Off
15100,60 months,15.27,361.37,D,10+ years,MORTGAGE,76800,Source Verified,debt_consolidation,14.87,0,694,64.6,Fully Paid
5000,60 months,6.29,97.34,A,10+ years,OWN,21400,Verified,credit_card,10.09,0,719,75.9,Fully Paid
3900,36 months,9.91,125.68,B,1 year,MORTGAGE,62600,Not Verified,other,20.23,0,733,45.7,Fully Paid
12000,60 months,9.89,254.32,B,10+ years,MORTGAGE,58800,Verified,home_improvement,12.36,0,708,47.3,Fully Paid
7900,36 months,14.89,273.43,C,1 year,MORTGAGE,74700,Not Verified,credit_card,20.85,0,697,45.8,Fully Paid
5000,36 months,15.56,174.7,C,,MORTGAGE,24500,Not Verified,credit_card,17.96,1,709,1.8,Fully Paid
15600,60 months,12.49,350.89,C,10+ years,RENT,34100,Not Verified,debt_consolidation,20.2,0,698,49.4,Fully Paid
10300,36 months,15.86,361.41,D,10+ years,MORTGAGE,60100,Source Verified,debt_consolidation,16.53,0,679,60.4,Fully Paid
7600,60 months,11.58,167.45,C,10+ years,RENT,72500,Not Verified,debt_consolidation,29.21,0,714,99.1,Fully Paid
8900,36 months,13.0,299.88,C,8 years,MORTGAGE,133100,Verified,credit_card,21.72,0,696,17.8,Fully Paid
16900,36 months,7.92,528.96,A,10+ years,RENT,98600,Not Verified,other,20.56,0,745,25.8,Fully Paid
23500,36 months,9.22,749.7,B,10+ years,MORTGAGE,61100,Verified,credit_card,23.63,0,706,36.9,Fully Paid
7900,36 months,8.91,250.89,B,10+ years,MORTGAGE,299900,Verified,debt_consolidation,26.44,0,694,56.4,Fully Paid
11300,36 months,15.45,394.21,D,1 year,RENT,87700,Verified,small_business,5.02,0,678,65.0,Fully Paid
11600,60 months,16.37,284.38,C,10+ years,MORTGAGE,23400,Source Verified,debt_consolidation,29.69,0,709,33.1,Charged Off
8800,36 months,10.43,285.73,B,2 years,MORTGAGE,27600,Verified,debt_consolidation,20.31,3,707,78.8,Fully Paid
28100,60 months,11.39,616.44,B,8 years,RENT,50100,Source Verified,credit_card,16.37,0,722,33.0,Fully Paid
12600,36 months,16.62,446.85,D,,RENT,41800,Verified,debt_consolidation,20.49,1,710,26.1,Fully Paid
12300,60 months,14.76,291.07,C,10+ years,MORTGAGE,54900,Verified,credit_card,12.6,0,692,26.5,Fully Paid
21600,36 months,11.4,711.25,B,4 years,MORTGAGE,81100,Source Verified,debt_consolidation,25.8,0,705,95.2,Fully Paid
4800,60 months,27.82,148.93,G,10+ years,MORTGAGE,25800,Not Verified,debt_consolidation,7.14,0,647,47.5,Fully Paid
15400,60 months,5.52,294.3,A,10+ years,RENT,70700,Not Verified,medical,23.04,0,741,82.0,Fully Paid
8000,36 months,16.4,282.84,D,2 years,OWN,99000,Verified,debt_consolidation,12.48,1,688,64.7,Fully Paid
9300,36 months,13.32,314.79,C,1 year,MORTGAGE,75200,Not Verified,debt_consolidation,10.58,0,715,16.1,Fully Paid
13500,36 months,9.41,431.88,B,3 years,MORTGAGE,76200,Not Verified,debt_consolidation,9.73,0,732,35.2,Fully Paid
7900,36 months,11.43,260.25,B,1 year,RENT,76100,Verified,debt_consolidation,11.63,1,730,38.1,Fully Paid
8400,60 months,12.67,189.71,C,8 years,OWN,195000,Not Verified,medical,25.48,0,708,67.2,Fully Paid
6800,36 months,9.64,218.27,B,10+ years,RENT,121900,Not Verified,debt_consolidation,8.93,0,714,54.9,Fully Paid
11500,36 months,17.97,415.58,D,2 years,MORTGAGE,37900,Source Verified,other,8.68,1,699,46.9,Fully Paid
10400,36 months,10.46,337.83,B,,MORTGAGE,167600,Source Verified,debt_consolidation,10.34,0,729,26.0,Fully Paid
11300,36 months,9.03,359.49,B,10+ years,MORTGAGE,87000,Verified,credit_card,14.97,1,706,63.3,Fully Paid
10200,36 months,11.45,336.11,B,1 year,MORTGAGE,89800,Verified,debt_consolidation,42.44,0,714,81.7,Charged Off
7100,36 months,18.49,258.43,E,6 years,OWN,65400,Source Verified,debt_consolidation,14.27,0,685,,Fully Paid
33200,36 months,7.28,1029.38,A,1 year,MORTGAGE,56600,Verified,debt_consolidation,12.03,0,750,88.7,Fully Paid
11400,36 months,7.41,354.14,A,10+ years,MORTGAGE,54800,Source Verified,debt_consolidation,6.18,0,757,60.1,Fully Paid
39500,36 months,13.45,1339.49,C,10+ years,MORTGAGE,109700,Verified,credit_card,22.32,1,713,24.9,Fully Paid
9900,36 months,6.22,302.17,A,4 years,MORTGAGE,37500,Verified,credit_card,5.35,0,756,,Fully Paid
11300,36 months,13.11,381.34,C,10+ years,MORTGAGE,40300,Not Verified,debt_consolidation,4.39,0,703,61.1,Fully Paid
11200,36 months,29.63,473.19,G,5 years,OWN,38700,Source Verified,debt_consolidation,7.49,0,656,51.1,Fully Paid
14300,36 months,10.88,467.35,B,2 years,OWN,104400,Verified,debt_consolidation,8.61,0,724,66.8,Fully Paid
4200,60 months,11.4,92.16,B,10+ years,MORTGAGE,107800,Not Verified,home_improvement,22.94,0,712,79.6,Fully Paid
7300,36 months,12.78,245.19,C,1 year,OWN,73700,Verified,debt_consolidation,21.19,0,684,60.6,Fully Paid
9900,36 months,6.38,302.88,A,9 years,MORTGAGE,99900,Not Verified,debt_consolidation,26.65,1,738,17.9,Fully Paid
10300,60 months,13.11,234.94,C,10+ years,RENT,111000,Not Verified,credit_card,18.11,0,710,45.4,Charged Off
6700,36 months,18.46,243.77,E,10+ years,MORTGAGE,46500,Verified,credit_card,5.82,0,676,19.7,Fully Paid
26200,36 months,14.76,905.16,C,1 year,RENT,97900,Source Verified,credit_card,5.44,1,717,55.1,Fully Paid
11200,60 months,9.99,237.91,B,10+ years,RENT,56700,Not Verified,debt_consolidation,33.73,0,702,26.1,Charged Off
14600,60 months,14.01,339.79,C,4 years,MORTGAGE,40600,Not Verified,debt_consolidation,19.39,1,707,68.8,Charged Off
9700,36 months,24.75,384.39,F,3 years,MORTGAGE,47900,Verified,credit_card,41.38,0,666,63.2,Charged Off
14900,36 months,10.38,483.44,B,10+ years,MORTGAGE,70000,Verified,debt_consolidation,7.73,0,719,39.4,Fully Paid
7800,60 months,10.91,169.24,C,2 years,RENT,129200,Verified,debt_consolidation,15.7,1,711,35.0,Fully Paid
12900,36 months,16.42,456.21,D,10+ years,RENT,55700,Source Verified,debt_consolidation,17.63,0,702,52.9,Fully Paid
3900,36 months,15.41,135.98,C,1 year,RENT,139100,Not Verified,home_improvement,4.6,0,691,53.3,Fully Paid
6700,60 months,10.64,144.47,B,< 1 year,RENT,61200,Source Verified,debt_consolidation,37.89,0,710,48.9,Fully Paid
16000,60 months,11.47,351.64,B,8 years,MORTGAGE,106200,Source Verified,debt_consolidation,7.13,0,738,69.8,Charged Off
12600,36 months,10.94,412.15,B,4 years,MORTGAGE,28800,Source Verified,debt_consolidation,14.04,0,696,54.4,Fully Paid
25400,36 months,10.92,830.6,B,10+ years,MORTGAGE,62700,Not Verified,debt_consolidation,13.99,0,715,37.4,Fully Paid
9900,60 months,10.32,211.91,B,3 years,OWN,77700,Verified,debt_consolidation,16.86,1,714,40.0,Fully Paid
12600,36 months,8.47,397.58,A,2 years,RENT,107600,Not Verified,debt_consolidation,26.22,0,739,25.5,Fully Paid
6300,60 months,6.92,124.51,A,,RENT,79500,Verified,debt_consolidation,13.19,0,734,53.2,Fully Paid
40000,60 months,10.33,856.39,B,10+ years,MORTGAGE,67200,Source Verified,debt_consolidation,16.69,1,715,36.2,Fully Paid
8200,36 months,17.17,293.05,D,4 years,MORTGAGE,47800,Verified,debt_consolidation,6.46,0,685,72.8,Charged Off
9900,60 months,12.86,224.55,B,8 years,MORTGAGE,39100,Verified,car,14.49,0,721,49.7,Fully Paid
11000,60 months,10.38,235.78,B,10+ years,RENT,59300,Not Verified,other,16.75,0,722,81.0,Fully Paid
8100,36 months,13.16,273.55,C,5 years,MORTGAGE,113600,Verified,other,15.84,0,710,26.7,Fully Paid
5100,36 months,6.15,155.5,A,10+ years,MORTGAGE,128200,Verified,credit_card,19.91,1,753,33.9,Fully Paid
10300,60 months,21.74,282.95,E,1 year,RENT,60100,Verified,major_purchase,16.11,0,673,24.4,Fully Paid
9000,36 months,14.25,308.69,C,5 years,MORTGAGE,117200,Source Verified,major_purchase,8.33,0,705,49.8,Fully Paid
15100,60 months,14.14,352.45,C,10+ years,OTHER,83600,Source Verified,debt_consolidation,10.08,0,695,46.4,Fully Paid
13700,36 months,22.79,528.82,F,5 years,RENT,101200,Source Verified,debt_consolidation,12.51,0,659,84.2,Fully Paid
17600,60 months,28.79,556.41,G,10+ years,RENT,59300,Not Verified,debt_consolidation,19.81,0,640,59.8,Charged Off
17400,36 months,10.26,563.58,B,10+ years,MORTGAGE,32400,Not Verified,debt_consolidation,24.88,1,702,97.0,Fully Paid
8500,36 months,13.16,287.05,C,10+ years,MORTGAGE,160300,Source Verified,major_purchase,32.54,2,720,84.9,Fully Paid
10600,36 months,18.51,385.93,E,7 years,OWN,53300,Source Verified,debt_consolidation,12.42,2,678,43.5,Fully Paid
35400,36 months,9.88,1140.27,B,4 years,RENT,86100,Verified,credit_card,10.03,0,716,61.5,Fully Paid
3100,60 months,11.41,68.04,B,10+ years,MORTGAGE,38300,Not Verified,medical,7.37,0,740,58.7,Fully Paid
13300,36 months,10.89,434.73,B,10+ years,MORTGAGE,97700,Verified,credit_card,21.2,0,708,78.3,Charged Off
23600,36 months,13.74,803.62,C,1 year,OWN,53700,Source Verified,debt_consolidation,37.66,0,711,50.3,Charged Off
7900,60 months,12.02,175.81,B,5 years,OWN,78200,Not Verified,medical,13.28,1,710,46.8,Fully Paid
32800,60 months,10.99,712.99,B,< 1 year,MORTGAGE,60600,Source Verified,debt_consolidation,33.54,1,693,56.1,Fully Paid
11800,36 months,7.34,366.19,A,< 1 year,RENT,66900,Not Verified,other,13.7,0,765,49.6,Fully Paid
23700,36 months,15.01,821.68,C,,RENT,66800,Not Verified,credit_card,29.82,0,701,49.4,Fully Paid
7100,60 months,15.11,169.32,D,10+ years,RENT,93700,Source Verified,credit_card,4.71,0,702,26.1,Fully Paid
8500,36 months,10.51,276.31,B,7 years,RENT,43200,Source Verified,debt_consolidation,11.77,0,716,59.4,Fully Paid
11800,60 months,5.73,226.65,A,2 years,MORTGAGE,163500,Not Verified,credit_card,20.73,0,735,66.4,Charged Off
23200,36 months,11.92,769.69,B,1 year,RENT,49800,Not Verified,credit_card,5.81,2,700,38.6,Fully Paid
10400,36 months,7.19,322.03,A,10+ years,RENT,77200,Not Verified,credit_card,7.49,0,734,37.8,Fully Paid
15300,36 months,10.34,496.13,B,10+ years,RENT,53000,Verified,car,12.05,0,714,59.2,Fully Paid
8700,36 months,12.72,291.97,C,2 years,RENT,36100,Not Verified,debt_consolidation,9.57,0,692,53.1,Fully Paid
26700,36 months,13.36,904.27,C,10+ years,MORTGAGE,65800,Not Verified,debt_consolidation,15.91,0,707,60.2,Fully Paid
12400,36 months,11.27,407.55,B,10+ years,RENT,57300,Source Verified,debt_consolidation,16.05,0,734,41.0,Charged Off
40000,36 months,15.76,1401.55,C,2 years,MORTGAGE,35900,Source Verified,home_improvement,11.16,0,684,78.6,Charged Off
4200,36 months,8.98,133.52,B,2 years,MORTGAGE,69900,Not Verified,debt_consolidation,13.93,1,715,77.8,Charged Off
14900,36 months,20.13,554.72,E,1 year,MORTGAGE,100900,Verified,credit_card,26.3,0,647,62.2,Charged Off
10800,36 months,17.2,386.13,D,3 years,RENT,94000,Not Verified,debt_consolidation,23.39,0,694,54.5,Fully Paid
40000,36 months,8.98,1271.62,B,3 years,RENT,39600,Not Verified,debt_consolidation,18.03,0,733,52.7,Charged Off
6600,60 months,13.18,150.78,C,8 years,MORTGAGE,76300,Source Verified,debt_consolidation,11.92,0,698,35.7,Fully Paid
9200,60 months,6.9,181.74,A,5 years,RENT,24400,Verified,other,23.67,0,759,67.2,Fully Paid
10400,36 months,11.08,340.88,B,4 years,RENT,66500,Not Verified,debt_consolidation,14.09,0,725,23.7,Fully Paid
10600,36 months,13.58,360.12,C,1 year,MORTGAGE,27200,Source Verified,debt_consolidation,18.02,0,695,69.8,Fully Paid
5900,36 months,6.71,181.39,A,10+ years,MORTGAGE,71500,Not Verified,debt_consolidation,19.89,0,756,57.1,Fully Paid
13800,60 months,9.56,290.23,B,4 years,RENT,124100,Not Verified,debt_consolidation,9.2,0,715,40.0,Fully Paid
19800,36 months,12.73,664.57,B,5 years,MORTGAGE,66500,Not Verified,debt_consolidation,33.45,0,709,,Charged Off
6500,60 months,11.48,142.89,B,10+ years,RENT,60600,Source Verified,credit_card,9.84,0,716,61.3,Fully Paid
4700,60 months,12.84,106.55,C,7 years,MORTGAGE,50000,Not Verified,debt_consolidation,25.85,0,721,69.4,Fully Paid
14000,60 months,21.23,380.56,E,10+ years,MORTGAGE,34500,Not Verified,debt_consolidation,11.28,0,704,,Fully Paid
19400,36 months,14.65,669.19,C,10+ years,MORTGAGE,40400,Not Verified,debt_consolidation,7.49,0,698,22.8,Fully Paid
34400,60 months,15.02,818.73,C,10+ years,MORTGAGE,12800,Not Verified,debt_consolidation,18.14,0,710,37.3,Fully Paid
11800,36 months,6.15,359.78,A,10+ years,OWN,58500,Not Verified,debt_consolidation,16.17,0,748,66.6,Fully Paid
15200,36 months,12.5,508.5,C,5 years,MORTGAGE,50200,Not Verified,credit_card,16.21,0,691,37.1,Fully Paid
7100,60 months,14.92,168.61,D,2 years,RENT,57500,Source Verified,debt_consolidation,7.53,0,667,54.0,Fully Paid
7700,60 months,5.13,145.77,A,8 years,RENT,30300,Verified,debt_consolidation,12.5,0,762,96.9,Fully Paid
13400,60 months,11.85,297.06,C,7 years,RENT,131100,Not Verified,credit_card,35.16,0,709,49.1,Charged Off
10100,36 months,7.03,312.0,A,3 years,MORTGAGE,28400,Not Verified,medical,25.02,0,747,54.8,Fully Paid
3900,60 months,11.59,85.95,B,1 year,OWN,141200,Verified,debt_consolidation,24.21,1,723,51.6,Fully Paid
10200,36 months,13.13,344.32,C,8 years,MORTGAGE,59000,Source Verified,debt_consolidation,14.58,1,716,16.0,Fully Paid
23500,36 months,11.95,779.98,C,2 years,MORTGAGE,271500,Verified,credit_card,14.41,0,686,59.3,Charged Off
8200,36 months,13.72,279.14,C,10+ years,RENT,52100,Verified,debt_consolidation,20.8,0,705,23.1,Fully Paid
20000,36 months,25.39,799.33,G,10+ years,RENT,64800,Source Verified,debt_consolidation,31.59,2,665,67.1,Fully Paid
20800,36 months,8.76,659.11,B,1 year,MORTGAGE,69300,Not Verified,debt_consolidation,19.95,0,691,42.1,Fully Paid
14500,60 months,7.36,289.59,A,8 years,MORTGAGE,82700,Verified,car,13.25,1,738,27.9,Fully Paid
10900,36 months,11.73,360.63,B,< 1 year,OTHER,101900,Not Verified,car,25.38,0,734,78.4,Fully Paid
16700,60 months,19.55,438.28,E,10+ years,RENT,33400,Source Verified,debt_consolidation,7.0,0,668,66.9,Fully Paid
17400,36 months,14.63,600.03,C,5 years,MORTGAGE,37800,Verified,credit_card,24.06,0,701,43.8,Charged Off
17400,36 months,12.34,580.76,C,10+ years,OWN,189500,Not Verified,credit_card,19.75,0,709,51.7,Fully Paid
7300,60 months,19.78,192.51,E,10+ years,RENT,34900,Not Verified,credit_card,18.84,0,667,48.6,Fully Paid
5900,36 months,12.64,197.77,C,7 years,MORTGAGE,73800,Not Verified,credit_card,41.62,0,722,34.9,Fully Paid
10500,60 months,7.15,208.66,A,5 years,MORTGAGE,107400,Verified,debt_consolidation,7.97,1,721,29.6,Fully Paid
14900,36 months,15.03,516.73,C,2 years,RENT,34900,Not Verified,other,18.91,0,699,26.7,Fully Paid
14300,60 months,18.65,368.2,E,5 years,RENT,72100,Verified,credit_card,9.58,1,662,61.9,Fully Paid
16400,60 months,13.64,378.55,C,1 year,OWN,113500,Verified,debt_consolidation,9.51,0,702,15.9,Fully Paid
6000,36 months,13.22,202.8,C,10+ years,MORTGAGE,33800,Source Verified,credit_card,12.59,1,725,50.8,Fully Paid
9400,60 months,11.39,206.21,B,2 years,MORTGAGE,115200,Not Verified,debt_consolidation,19.67,1,738,21.7,Fully Paid
7200,60 months,13.32,165.0,C,2 years,RENT,150400,Source Verified,debt_consolidation,19.77,1,686,65.6,Fully Paid
5700,36 months,10.01,183.95,B,6 years,MORTGAGE,122600,Verified,home_improvement,10.31,0,724,27.0,Fully Paid
8300,36 months,15.17,288.41,D,5 years,OWN,40100,Not Verified,credit_card,19.65,0,687,79.7,Charged Off
27400,60 months,9.76,578.94,B,10+ years,MORTGAGE,56100,Not Verified,debt_consolidation,15.4,0,716,55.5,Fully Paid
6300,36 months,14.86,217.96,C,6 years,MORTGAGE,110000,Source Verified,debt_consolidation,29.1,0,691,61.3,Fully Paid
4800,36 months,16.59,170.16,D,10+ years,RENT,60100,Source Verified,debt_consolidation,14.71,2,676,48.0,Fully Paid
8500,60 months,12.2,189.94,C,10+ years,MORTGAGE,33700,Source Verified,debt_consolidation,14.43,0,694,54.3,Fully Paid
26900,36 months,13.89,917.94,C,10+ years,RENT,99100,Verified,debt_consolidation,30.17,0,712,,Fully Paid
15200,60 months,21.51,415.58,E,10+ years,RENT,77000,Source Verified,credit_card,20.99,0,667,21.5,Fully Paid
5200,60 months,11.56,114.52,C,5 years,RENT,19000,Source Verified,credit_card,22.83,0,706,21.1,Fully Paid
14900,36 months,8.73,471.95,A,3 years,OWN,59200,Source Verified,debt_consolidation,23.73,0,739,28.1,Fully Paid
21700,60 months,11.8,480.51,C,8 years,RENT,101800,Verified,debt_consolidation,7.4,1,728,81.0,Fully Paid
10900,60 months,13.72,252.04,C,7 years,MORTGAGE,107900,Not Verified,debt_consolidation,21.89,0,705,42.9,Charged Off
5700,36 months,10.88,186.29,C,4 years,MORTGAGE,88700,Source Verified,debt_consolidation,22.17,2,701,38.4,Fully Paid
8800,60 months,17.65,221.79,D,10+ years,MORTGAGE,102600,Source Verified,medical,17.3,0,688,47.9,Fully Paid
19800,36 months,10.78,646.17,B,10+ years,RENT,111700,Not Verified,debt_consolidation,30.81,0,715,22.7,Fully Paid
23000,36 months,15.91,807.59,D,< 1 year,MORTGAGE,25800,Verified,debt_consolidation,8.09,1,696,87.3,Fully Paid
7800,36 months,10.26,252.64,B,10+ years,MORTGAGE,67800,Verified,debt_consolidation,5.81,0,721,57.8,Charged Off
24300,36 months,6.59,745.77,A,1 year,MORTGAGE,79500,Not Verified,debt_consolidation,31.55,0,750,93.3,Fully Paid
9800,36 months,17.92,353.9,D,1 year,MORTGAGE,27700,Verified,debt_consolidation,21.8,0,685,69.9,Fully Paid
13000,36 months,11.82,430.67,C,3 years,RENT,78100,Source Verified,debt_consolidation,22.27,0,700,40.1,Fully Paid
20400,60 months,13.1,465.21,C,< 1 year,OWN,36900,Verified,small_business,16.61,0,681,66.4,Charged Off
12000,36 months,18.46,436.6,D,10+ years,OWN,24400,Not Verified,debt_consolidation,19.33,1,681,39.9,Fully Paid
4300,36 months,13.2,145.3,C,2 years,MORTGAGE,51000,Verified,debt_consolidation,10.1,1,703,33.6,Fully Paid
13200,36 months,21.87,503.23,F,4 years,MORTGAGE,61300,Not Verified,debt_consolidation,19.78,0,672,43.0,Fully Paid
4900,36 months,20.87,184.28,E,10+ years,OWN,51500,Verified,debt_consolidation,13.49,1,671,83.4,Fully Paid
10300,36 months,12.79,346.01,C,7 years,RENT,54600,Source Verified,credit_card,12.95,0,703,60.4,Fully Paid
9600,60 months,19.72,252.85,D,5 years,RENT,26600,Source Verified,credit_card,24.72,0,683,29.9,Fully Paid
9500,36 months,7.1,293.77,A,< 1 year,RENT,79900,Not Verified,debt_consolidation,4.7,0,760,17.3,Fully Paid
4400,36 months,11.16,144.38,C,10+ years,OWN,47100,Not Verified,debt_consolidation,37.33,0,681,45.4,Fully Paid
25100,36 months,6.67,771.23,A,,MORTGAGE,168400,Verified,debt_consolidation,10.37,0,745,15.8,Fully Paid
12400,36 months,7.24,384.24,A,5 years,MORTGAGE,116800,Not Verified,debt_consolidation,24.18,0,749,41.4,Fully Paid
15500,60 months,5.48,295.92,A,,MORTGAGE,46800,Source Verified,home_improvement,20.1,1,746,39.6,Fully Paid
8200,36 months,15.81,287.52,D,10+ years,MORTGAGE,100100,Source Verified,debt_consolidation,19.7,2,700,24.2,Fully Paid
17500,60 months,10.6,377.01,B,6 years,MORTGAGE,63900,Not Verified,debt_consolidation,23.91,1,713,62.2,Charged Off
6300,36 months,11.02,206.31,B,5 years,MORTGAGE,73100,Source Verified,debt_consolidation,21.6,0,715,70.0,Charged Off
31800,36 months,16.49,1125.7,D,10+ years,MORTGAGE,48300,Verified,debt_consolidation,10.74,0,688,45.5,Fully Paid
10400,36 months,8.97,330.57,B,1 year,MORTGAGE,46600,Source Verified,debt_consolidation,5.6,0,710,80.2,Fully Paid
12100,36 months,9.24,386.13,B,1 year,MORTGAGE,81300,Source Verified,credit_card,16.85,0,709,42.7,Fully Paid
9100,36 months,20.07,338.51,E,10+ years,RENT,131600,Source Verified,debt_consolidation,11.08,1,673,86.8,Fully Paid
8500,36 months,15.52,296.82,D,7 years,OWN,13500,Source Verified,debt_consolidation,16.59,1,683,61.7,Fully Paid
11900,36 months,10.23,385.27,B,10+ years,RENT,121700,Verified,home_improvement,14.4,0,710,74.8,Fully Paid
10700,36 months,20.38,399.73,E,10+ years,OWN,57700,Verified,car,29.14,0,664,17.3,Charged Off
11200,36 months,8.81,355.17,B,10+ years,RENT,109100,Source Verified,credit_card,16.79,0,733,83.5,Fully Paid
12500,36 months,14.31,429.1,C,1 year,MORTGAGE,49000,Source Verified,debt_consolidation,6.17,3,688,45.1,Fully Paid
9000,36 months,6.95,277.69,A,< 1 year,MORTGAGE,35600,Verified,debt_consolidation,17.84,0,761,43.8,Fully Paid
6000,60 months,15.37,143.91,D,10+ years,RENT,17000,Source Verified,debt_consolidation,12.69,0,671,44.2,Fully Paid
3600,36 months,18.54,131.13,E,10+ years,RENT,98000,Not Verified,debt_consolidation,24.34,0,696,74.8,Charged Off
8600,36 months,10.18,278.23,B,10+ years,RENT,46900,Source Verified,debt_consolidation,13.28,1,738,57.5,Fully Paid
25400,60 months,10.56,546.7,B,10+ years,RENT,142900,Verified,debt_consolidation,9.5,0,734,50.7,Fully Paid
5900,36 months,14.09,201.91,C,10+ years,RENT,140100,Source Verified,debt_consolidation,8.95,0,705,5.4,Fully Paid
8200,60 months,14.87,194.52,C,1 year,MORTGAGE,145300,Verified,debt_consolidation,15.13,0,710,73.2,Fully Paid
24800,36 months,13.1,836.81,C,10+ years,OWN,57900,Verified,credit_card,3.16,0,709,61.6,Fully Paid
14900,36 months,11.76,493.19,C,7 years,OWN,71100,Not Verified,credit_card,23.31,0,697,33.6,Fully Paid
20900,60 months,10.76,451.92,B,10+ years,RENT,74200,Not Verified,debt_consolidation,25.12,0,717,45.5,Charged Off
11100,36 months,12.15,369.47,C,5 years,RENT,88200,Not Verified,debt_consolidation,12.73,0,697,42.6,Fully Paid
20000,36 months,12.4,668.11,C,10+ years,MORTGAGE,30000,Verified,home_improvement,7.16,0,696,49.5,Fully Paid
17700,36 months,30.0,751.39,G,10+ years,MORTGAGE,86400,Source Verified,debt_consolidation,32.02,0,637,15.7,Fully Paid
10300,36 months,11.25,338.43,B,7 years,MORTGAGE,56500,Not Verified,debt_consolidation,19.71,0,700,57.1,Fully Paid
14100,60 months,25.56,418.5,F,4 years,MORTGAGE,50300,Verified,small_business,32.16,1,679,62.1,Fully Paid
32300,36 months,13.05,1089.09,C,< 1 year,MORTGAGE,77300,Verified,credit_card,10.52,0,694,14.1,Fully Paid
15700,36 months,11.51,517.8,B,10+ years,RENT,89400,Verified,debt_consolidation,22.33,0,723,87.7,Fully Paid
15200,36 months,16.17,535.66,D,2 years,MORTGAGE,133200,Verified,car,15.25,0,696,84.8,Fully Paid
9900,36 months,15.92,347.66,D,10+ years,MORTGAGE,121000,Not Verified,debt_consolidation,14.21,0,701,70.4,Fully Paid
6000,36 months,18.44,218.24,D,2 years,RENT,192400,Not Verified,debt_consolidation,18.72,1,683,17.2,Fully Paid
21200,36 months,15.27,737.71,C,3 years,OWN,66400,Source Verified,debt_consolidation,13.53,0,688,41.1,Fully Paid
8200,60 months,10.77,177.35,B,8 years,MORTGAGE,37200,Source Verified,car,8.61,0,725,50.7,Fully Paid
8700,36 months,7.32,269.91,A,1 year,OWN,55000,Not Verified,home_improvement,6.84,0,767,31.9,Fully Paid
7200,36 months,8.87,228.52,B,1 year,MORTGAGE,39800,Source Verified,credit_card,11.85,1,697,43.6,Fully Paid
34000,36 months,10.11,1098.84,D,10+ years,RENT,169200,Not Verified,debt_consolidation,17.64,0,689,45.8,Fully Paid
14900,36 months,9.58,477.85,B,10+ years,MORTGAGE,105500,Not Verified,debt_consolidation,13.0,0,737,49.2,Fully Paid
24200,36 months,8.36,762.37,A,6 years,RENT,99800,Not Verified,debt_consolidation,23.52,0,734,34.0,Fully Paid
28500,36 months,11.37,938.06,B,< 1 year,MORTGAGE,135300,Not Verified,debt_consolidation,8.88,1,723,55.7,Fully Paid
12500,36 months,8.67,395.58,A,,RENT,82200,Source Verified,home_improvement,16.02,2,768,76.0,Fully Paid
14900,36 months,10.57,484.78,B,10+ years,MORTGAGE,33600,Not Verified,home_improvement,11.53,0,714,29.1,Fully Paid
6400,60 months,12.38,143.6,D,2 years,RENT,182500,Not Verified,home_improvement,21.15,0,682,20.5,Charged Off
12300,36 months,11.65,406.48,B,8 years,MORTGAGE,90000,Not Verified,debt_consolidation,16.99,0,718,64.5,Fully Paid
10800,36 months,7.69,336.89,A,1 year,MORTGAGE,72600,Not Verified,credit_card,47.82,0,747,60.9,Fully Paid
10100,36 months,19.61,373.35,E,10+ years,MORTGAGE,63700,Source Verified,credit_card,8.47,0,674,82.6,Fully Paid
13100,36 months,11.67,433.05,C,6 years,MORTGAGE,167300,Source Verified,credit_card,19.5,0,687,45.6,Fully Paid
10000,60 months,21.37,272.62,E,< 1 year,OWN,112700,Verified,debt_consolidation,10.44,0,650,60.6,Fully Paid
10100,60 months,13.53,232.56,C,6 years,RENT,57800,Verified,small_business,26.32,0,699,49.5,Charged Off
9800,36 months,13.54,332.76,C,5 years,MORTGAGE,87100,Source Verified,credit_card,22.28,0,685,23.6,Charged Off
24800,60 months,6.73,487.92,A,10+ years,RENT,84700,Not Verified,debt_consolidation,20.54,0,737,71.3,Charged Off
11700,36 months,8.67,370.26,B,5 years,MORTGAGE,27300,Verified,debt_consolidation,10.47,1,725,76.9,Fully Paid
10000,60 months,6.36,195.01,A,4 years,MORTGAGE,95200,Verified,credit_card,21.62,0,736,26.7,Fully Paid
5900,36 months,8.6,186.52,B,4 years,RENT,50000,Not Verified,credit_card,28.96,0,721,77.5,Fully Paid
40000,36 months,28.04,1655.41,G,10+ years,MORTGAGE,59000,Source Verified,credit_card,20.24,0,647,44.9,Fully Paid
6100,36 months,20.39,227.91,E,< 1 year,RENT,66700,Verified,credit_card,9.47,0,667,51.8,Fully Paid
31400,60 months,15.01,747.17,D,7 years,RENT,154700,Not Verified,debt_consolidation,5.09,0,682,49.2,Fully Paid
28100,36 months,14.35,965.18,C,2 years,MORTGAGE,106000,Not Verified,credit_card,40.32,0,706,46.2,Charged Off
12200,60 months,15.36,292.55,C,< 1 year,RENT,153000,Source Verified,car,21.51,2,679,67.9,Charged Off
13900,60 months,13.75,321.63,C,10+ years,MORTGAGE,48800,Source Verified,car,7.98,0,677,55.2,Fully Paid
17800,36 months,13.3,602.33,C,3 years,MORTGAGE,36000,Verified,debt_consolidation,28.76,2,711,23.7,Fully Paid
11600,36 months,12.2,386.4,C,5 years,OWN,105900,Source Verified,credit_card,15.24,2,685,4.1,Charged Off
27400,36 months,15.78,960.33,D,2 years,RENT,46300,Verified,home_improvement,18.8,0,694,77.1,Charged Off
13100,36 months,17.41,469.73,D,6 years,MORTGAGE,19700,Source Verified,debt_consolidation,26.97,0,672,53.0,Charged Off
19500,60 months,19.39,510.03,E,10+ years,MORTGAGE,275900,Verified,debt_consolidation,10.73,2,663,49.5,Fully Paid
13100,36 months,9.94,422.33,B,10+ years,MORTGAGE,69800,Source Verified,debt_consolidation,22.71,0,721,32.4,Fully Paid
8900,60 months,11.26,194.66,B,< 1 year,RENT,92600,Verified,credit_card,6.6,1,713,44.1,Fully Paid
8200,36 months,17.79,295.59,D,4 years,RENT,159400,Verified,debt_consolidation,6.33,1,679,96.3,Fully Paid
31300,36 months,24.46,1235.56,F,10+ years,RENT,28700,Source Verified,home_improvement,11.65,0,651,56.3,Fully Paid
11900,60 months,8.55,244.43,A,5 years,OWN,51200,Not Verified,debt_consolidation,11.04,0,755,51.0,Fully Paid
13000,36 months,10.38,421.8,B,10+ years,RENT,35600,Verified,credit_card,5.51,1,721,36.6,Fully Paid
11200,36 months,12.45,374.41,B,10+ years,RENT,51400,Source Verified,debt_consolidation,28.61,0,714,68.8,Fully Paid
8900,36 months,17.94,321.49,D,9 years,RENT,47500,Verified,debt_consolidation,5.73,1,718,72.6,Fully Paid
11400,36 months,14.57,392.79,C,6 years,MORTGAGE,98500,Source Verified,other,13.55,1,693,49.2,Fully Paid
11700,36 months,7.45,363.67,A,4 years,RENT,51000,Verified,car,11.94,0,751,82.9,Fully Paid
40000,36 months,15.75,1401.35,D,10+ years,MORTGAGE,26200,Verified,credit_card,18.9,0,685,51.3,Fully Paid
9800,36 months,11.15,321.54,B,< 1 year,RENT,79600,Not Verified,credit_card,24.67,0,721,15.0,Fully Paid
11900,60 months,16.59,293.13,D,2 years,MORTGAGE,56900,Not Verified,car,48.45,0,695,84.8,Charged Off
39700,36 months,11.31,1305.56,B,,RENT,61600,Not Verified,debt_consolidation,3.77,0,721,65.2,Fully Paid
12200,60 months,12.33,273.42,C,2 years,MORTGAGE,52300,Source Verified,debt_consolidation,28.12,0,690,43.8,Fully Paid
5700,36 months,15.31,198.46,C,9 years,RENT,35200,Not Verified,debt_consolidation,22.2,0,700,63.7,Fully Paid
8700,60 months,13.58,200.54,C,1 year,MORTGAGE,82100,Source Verified,debt_consolidation,7.96,0,700,76.1,Charged Off
9800,60 months,11.22,214.15,B,7 years,MORTGAGE,76500,Verified,debt_consolidation,7.81,0,700,44.6,Fully Paid
10400,60 months,11.85,230.55,B,2 years,RENT,147000,Source Verified,debt_consolidation,22.23,0,725,62.4,Fully Paid
25900,36 months,12.49,866.32,C,,OWN,80000,Not Verified,debt_consolidation,18.86,0,701,43.4,Fully Paid
29200,36 months,9.87,940.42,B,3 years,RENT,57500,Not Verified,debt_consolidation,16.12,0,709,45.8,Fully Paid
12500,36 months,10.25,404.81,B,2 years,MORTGAGE,108600,Source Verified,debt_consolidation,20.3,0,685,52.3,Fully Paid
4900,36 months,14.4,168.42,C,7 years,MORTGAGE,32300,Verified,debt_consolidation,21.23,1,677,24.6,Fully Paid
17400,36 months,22.39,668.03,E,10+ years,MORTGAGE,61500,Source Verified,credit_card,9.66,0,668,34.6,Fully Paid
27200,36 months,11.4,895.65,B,3 years,MORTGAGE,63200,Not Verified,debt_consolidation,48.5,1,745,79.9,Fully Paid
7600,36 months,11.82,251.78,C,10+ years,OTHER,43500,Source Verified,debt_consolidation,21.35,0,707,78.4,Fully Paid
26100,36 months,6.79,803.39,A,6 years,RENT,85500,Verified,home_improvement,13.43,0,720,50.0,Fully Paid
19400,36 months,11.03,635.41,B,10+ years,RENT,59000,Not Verified,debt_consolidation,21.23,0,723,84.8,Fully Paid
8700,36 months,17.81,313.7,D,10+ years,MORTGAGE,57100,Not Verified,credit_card,10.92,1,676,16.6,Fully Paid
12300,36 months,5.55,371.69,A,< 1 year,RENT,12000,Not Verified,credit_card,12.13,0,750,21.1,Fully Paid
8200,36 months,13.55,278.47,C,1 year,RENT,52900,Source Verified,debt_consolidation,11.7,0,692,66.5,Fully Paid
6900,36 months,7.59,214.92,A,1 year,RENT,108700,Source Verified,medical,26.77,0,726,75.8,Fully Paid
16900,36 months,8.03,529.82,A,3 years,MORTGAGE,59600,Verified,credit_card,20.99,0,721,36.0,Fully Paid
8500,36 months,6.75,261.48,A,10+ years,RENT,79800,Source Verified,debt_consolidation,7.26,1,755,72.2,Fully Paid
13000,36 months,11.61,429.37,B,< 1 year,MORTGAGE,55300,Source Verified,debt_consolidation,25.51,0,705,28.7,Fully Paid
5800,36 months,8.72,183.68,A,8 years,MORTGAGE,23000,Verified,credit_card,12.83,0,744,86.1,Charged Off
17000,36 months,24.9,675.02,F,8 years,MORTGAGE,48800,Not Verified,medical,20.29,0,655,41.5,Charged Off
11700,36 months,18.26,424.51,E,10+ years,MORTGAGE,65200,Verified,car,14.4,0,671,81.0,Charged Off
7500,36 months,18.7,273.78,D,6 years,MORTGAGE,68100,Source Verified,credit_card,21.4,0,675,23.0,Charged Off
8200,36 months,10.68,267.22,B,,RENT,21300,Not Verified,credit_card,13.6,0,719,39.0,Fully Paid
20500,60 months,16.19,500.59,D,2 years,RENT,96000,Source Verified,debt_consolidation,24.44,1,674,47.2,Fully Paid
7400,36 months,20.93,278.53,E,< 1 year,OWN,100600,Verified,credit_card,9.88,0,654,43.9,Fully Paid
8000,36 months,22.68,308.35,E,6 years,MORTGAGE,42500,Source Verified,credit_card,23.75,1,668,70.6,Fully Paid
8400,60 months,9.38,175.92,B,3 years,RENT,210700,Source Verified,home_improvement,8.63,0,717,87.7,Fully Paid
14600,60 months,13.8,338.2,C,10+ years,RENT,53500,Verified,medical,14.78,0,709,22.1,Fully Paid
14000,60 months,10.42,300.36,B,3 years,MORTGAGE,126000,Not Verified,credit_card,3.3,0,709,58.4,Fully Paid
14800,36 months,11.45,487.69,B,2 years,RENT,138700,Not Verified,debt_consolidation,23.65,0,695,11.9,Fully Paid
6900,36 months,8.24,216.99,A,10+ years,RENT,52600,Verified,home_improvement,14.23,1,739,33.8,Fully Paid
11500,60 months,23.16,325.25,E,10+ years,RENT,39500,Not Verified,debt_consolidation,8.64,0,690,41.3,Fully Paid
10500,60 months,10.31,224.7,B,2 years,MORTGAGE,20800,Source Verified,credit_card,13.12,1,739,58.7,Fully Paid
16800,60 months,6.61,329.58,A,3 years,RENT,135300,Verified,debt_consolidation,21.41,0,741,79.2,Charged Off
22800,36 months,11.2,748.6,B,< 1 year,RENT,218900,Not Verified,credit_card,7.04,0,713,56.3,Fully Paid
16700,36 months,6.68,513.21,A,< 1 year,MORTGAGE,142900,Verified,car,21.82,1,758,59.7,Charged Off
5200,36 months,15.14,180.62,C,10+ years,MORTGAGE,202200,Source Verified,debt_consolidation,15.79,0,684,16.1,Fully Paid
10100,36 months,13.23,341.43,C,6 years,RENT,216000,Not Verified,home_improvement,10.1,0,713,27.6,Fully Paid
6700,36 months,6.6,205.65,A,8 years,RENT,71400,Source Verified,debt_consolidation,15.89,1,734,23.6,Fully Paid
14000,36 months,10.68,456.22,B,10+ years,RENT,127300,Source Verified,debt_consolidation,15.51,0,702,19.4,Fully Paid
15200,36 months,11.04,497.92,B,10+ years,MORTGAGE,83000,Source Verified,credit_card,6.49,0,720,58.5,Fully Paid
14000,36 months,10.21,453.12,B,4 years,RENT,76000,Not Verified,debt_consolidation,13.14,1,744,45.1,Fully Paid
12300,60 months,11.1,268.05,B,5 years,RENT,47700,Verified,debt_consolidation,21.94,0,717,75.2,Fully Paid
23000,36 months,19.66,850.78,E,3 years,MORTGAGE,149000,Verified,small_business,8.74,0,681,92.3,Charged Off
5300,36 months,13.79,180.6,C,5 years,RENT,80000,Verified,debt_consolidation,11.21,1,691,39.0,Fully Paid
19500,36 months,14.31,669.4,C,2 years,RENT,53000,Source Verified,debt_consolidation,17.14,0,691,77.4,Charged Off
17900,36 months,15.0,620.51,C,3 years,RENT,65200,Not Verified,major_purchase,7.01,0,705,66.3,Fully Paid
14300,36 months,11.99,474.9,C,5 years,OWN,49700,Verified,debt_consolidation,33.24,1,682,37.5,Fully Paid
18300,60 months,11.34,401.0,C,6 years,MORTGAGE,44700,Source Verified,debt_consolidation,19.46,0,708,27.3,Fully Paid
9400,36 months,11.44,309.71,B,4 years,MORTGAGE,28200,Verified,debt_consolidation,10.12,0,719,60.2,Fully Paid
5100,36 months,13.27,172.5,D,,RENT,39800,Source Verified,home_improvement,17.24,1,687,,Charged Off
10900,36 months,13.92,372.11,C,7 years,RENT,30100,Not Verified,debt_consolidation,8.0,0,695,33.8,Fully Paid
20100,60 months,11.47,441.75,B,10+ years,MORTGAGE,85200,Verified,credit_card,17.05,0,716,55.5,Fully Paid
18100,60 months,10.01,384.66,B,2 years,MORTGAGE,194900,Not Verified,debt_consolidation,15.12,0,713,40.4,Fully Paid
15700,60 months,5.85,302.43,A,4 years,OWN,25800,Not Verified,credit_card,19.37,1,742,30.0,Charged Off
9600,36 months,12.89,322.95,C,7 years,OWN,246100,Not Verified,car,13.78,1,704,17.8,Fully Paid
10100,36 months,7.54,314.36,A,,MORTGAGE,109800,Not Verified,credit_card,29.73,1,731,51.6,Fully Paid
28600,36 months,10.8,933.62,B,10+ years,OWN,40200,Source Verified,debt_consolidation,27.65,0,705,73.7,Fully Paid
7400,36 months,9.18,235.94,B,10+ years,RENT,48900,Source Verified,medical,14.79,0,708,44.5,Fully Paid
6800,60 months,16.36,166.67,D,,RENT,118300,Source Verified,credit_card,21.11,0,673,39.8,Charged Off
9300,36 months,7.03,287.28,A,10+ years,MORTGAGE,100500,Not Verified,small_business,12.8,0,723,64.8,Fully Paid
13000,36 months,9.19,414.55,B,2 years,MORTGAGE,105900,Verified,car,12.98,1,712,74.0,Charged Off
3600,60 months,11.98,80.04,C,< 1 year,RENT,79500,Source Verified,debt_consolidation,35.03,0,699,65.5,Fully Paid
14800,36 months,23.21,574.53,F,10+ years,MORTGAGE,48900,Not Verified,debt_consolidation,23.42,1,662,23.8,Charged Off
8100,36 months,12.09,269.38,B,10+ years,RENT,34600,Source Verified,credit_card,7.16,1,720,55.1,Fully Paid
9500,60 months,6.44,185.61,A,3 years,MORTGAGE,49500,Not Verified,debt_consolidation,14.67,0,768,22.7,Fully Paid
18300,36 months,11.77,605.81,C,6 years,MORTGAGE,42700,Not Verified,debt_consolidation,14.92,0,703,87.2,Fully Paid
15100,36 months,16.39,533.78,D,10+ years,RENT,60000,Verified,debt_consolidation,26.7,0,698,42.3,Fully Paid
16500,36 months,10.74,538.16,B,6 years,RENT,55900,Source Verified,debt_consolidation,26.47,0,737,79.1,Fully Paid
8700,36 months,10.94,284.58,B,10+ years,RENT,85900,Source Verified,medical,21.81,3,721,53.2,Fully Paid
9900,60 months,6.07,191.72,A,2 years,RENT,12000,Not Verified,debt_consolidation,24.89,0,751,29.6,Fully Paid
11300,36 months,6.85,348.14,A,6 years,RENT,46600,Verified,credit_card,13.8,0,730,24.1,Fully Paid
5900,36 months,14.5,203.08,D,6 years,RENT,34700,Source Verified,medical,29.72,0,666,25.9,Charged Off
20100,36 months,10.45,652.83,B,6 years,RENT,59000,Source Verified,debt_consolidation,26.2,0,729,32.9,Fully Paid
32300,36 months,10.68,1052.57,B,3 years,MORTGAGE,40100,Not Verified,debt_consolidation,9.83,2,731,70.3,Fully Paid
5900,60 months,9.82,124.84,B,1 year,RENT,129600,Not Verified,debt_consolidation,9.79,0,692,,Charged Off
10100,36 months,14.22,346.27,C,3 years,OWN,34900,Not Verified,car,8.91,1,723,57.0,Fully Paid
14200,60 months,12.3,318.03,C,,MORTGAGE,58700,Not Verified,debt_consolidation,21.12,0,699,17.9,Fully Paid
5100,60 months,6.33,99.38,A,10+ years,MORTGAGE,65800,Not Verified,debt_consolidation,18.32,1,744,6.2,Fully Paid
9000,36 months,5.9,273.39,A,4 years,RENT,71400,Verified,medical,7.71,0,762,81.9,Fully Paid
9700,36 months,12.99,326.78,C,10+ years,RENT,70200,Not Verified,credit_card,22.81,1,704,49.1,Fully Paid
11900,36 months,6.85,366.62,A,10+ years,RENT,60700,Source Verified,debt_consolidation,19.43,0,733,46.9,Fully Paid
29900,60 months,12.32,669.95,C,5 years,MORTGAGE,61700,Not Verified,small_business,8.44,0,696,46.2,Charged Off
40000,60 months,10.59,861.54,C,,MORTGAGE,56100,Source Verified,credit_card,16.89,0,709,51.7,Fully Paid
10000,60 months,13.91,232.22,C,3 years,MORTGAGE,89500,Verified,debt_consolidation,28.82,1,699,62.4,Fully Paid
14700,36 months,7.3,455.91,A,10+ years,MORTGAGE,99600,Source Verified,credit_card,11.99,0,734,86.2,Fully Paid
9700,36 months,13.89,331.01,C,5 years,MORTGAGE,26500,Source Verified,major_purchase,15.25,1,705,69.9,Fully Paid
4900,60 months,7.81,98.91,A,10+ years,MORTGAGE,54000,Not Verified,debt_consolidation,15.15,0,740,41.6,Fully Paid
16400,60 months,12.92,372.48,C,10+ years,MORTGAGE,99200,Source Verified,debt_consolidation,10.89,1,698,38.1,Fully Paid
7000,36 months,23.97,274.52,F,10+ years,RENT,58900,Not Verified,home_improvement,16.88,0,670,56.0,Charged Off
28900,60 months,14.59,681.32,D,6 years,MORTGAGE,44100,Not Verified,debt_consolidation,18.36,0,677,92.9,Fully Paid
19100,36 months,14.92,661.36,C,10+ years,RENT,85500,Not Verified,debt_consolidation,21.59,1,714,61.5,Fully Paid
25700,36 months,9.46,822.77,B,9 years,MORTGAGE,90600,Source Verified,debt_consolidation,14.49,0,723,52.9,Fully Paid
8200,60 months,17.17,204.54,C,10+ years,RENT,91500,Source Verified,debt_consolidation,5.59,0,686,24.0,Fully Paid
3100,36 months,12.86,104.24,C,8 years,MORTGAGE,54700,Source Verified,debt_consolidation,29.42,1,692,54.3,Charged Off
6100,36 months,19.97,226.6,E,10+ years,MORTGAGE,86400,Source Verified,debt_consolidation,9.08,0,662,34.0,Fully Paid
8500,36 months,10.2,275.07,B,5 years,RENT,44600,Source Verified,other,25.13,0,700,75.7,Charged Off
8700,36 months,10.83,284.13,B,1 year,MORTGAGE,175800,Verified,credit_card,10.67,1,704,38.0,Fully Paid
6400,36 months,13.0,215.64,C,10+ years,MORTGAGE,81100,Not Verified,debt_consolidation,12.7,0,695,,Fully Paid
8400,60 months,10.48,180.47,B,2 years,RENT,34200,Verified,debt_consolidation,17.49,2,733,43.7,Fully Paid
17800,36 months,9.78,572.52,B,10+ years,RENT,47600,Not Verified,credit_card,8.16,0,722,45.3,Fully Paid
11500,36 months,6.42,352.04,A,10+ years,MORTGAGE,74800,Verified,credit_card,11.46,0,737,41.5,Fully Paid
12400,36 months,17.04,442.34,E,10+ years,RENT,381000,Not Verified,home_improvement,8.69,0,675,48.1,Fully Paid
15800,36 months,21.13,596.32,E,8 years,MORTGAGE,169000,Not Verified,debt_consolidation,15.17,0,674,98.4,Fully Paid
9600,36 months,10.27,310.98,B,10+ years,RENT,40700,Not Verified,debt_consolidation,20.51,0,695,43.7,Fully Paid
12100,60 months,15.15,288.81,D,10+ years,MORTGAGE,26300,Verified,debt_consolidation,17.02,1,675,57.1,Charged Off
7700,36 months,19.22,283.11,E,5 years,MORTGAGE,151500,Verified,credit_card,47.91,2,676,38.1,Fully Paid
12700,36 months,8.91,403.32,B,10+ years,MORTGAGE,50100,Source Verified,car,21.22,2,701,45.8,Charged Off
10900,60 months,25.21,321.27,G,10+ years,RENT,49400,Not Verified,debt_consolidation,9.92,0,635,,Fully Paid
17300,36 months,24.37,682.09,F,9 years,RENT,42900,Verified,debt_consolidation,7.34,1,662,76.5,Fully Paid
11300,60 months,10.02,240.2,B,2 years,MORTGAGE,58500,Not Verified,credit_card,10.99,0,691,43.1,Fully Paid
5000,60 months,10.43,107.3,B,6 years,RENT,132500,Not Verified,debt_consolidation,5.37,2,688,36.7,Fully Paid
2100,60 months,5.37,39.99,A,3 years,MORTGAGE,106600,Verified,medical,33.17,0,753,68.7,Fully Paid
10700,36 months,12.35,357.18,C,10+ years,RENT,78700,Source Verified,credit_card,23.2,0,721,75.2,Fully Paid
14400,36 months,6.74,442.92,A,8 years,MORTGAGE,131800,Not Verified,credit_card,39.0,0,760,71.9,Fully Paid
18500,36 months,13.86,631.03,C,8 years,MORTGAGE,101600,Source Verified,debt_consolidation,27.69,0,710,58.0,Fully Paid
8200,60 months,14.16,191.48,C,3 years,RENT,67400,Source Verified,debt_consolidation,35.87,0,696,69.4,Fully Paid
15200,36 months,10.23,492.1,B,4 years,MORTGAGE,94100,Verified,debt_consolidation,29.68,1,711,59.0,Charged Off
8600,36 months,9.03,273.6,B,5 years,MORTGAGE,32600,Source Verified,credit_card,22.65,0,697,35.7,Fully Paid
27800,36 months,11.53,917.13,C,10+ years,MORTGAGE,116100,Not Verified,credit_card,8.46,0,700,11.9,Fully Paid
40000,36 months,19.02,1466.65,E,6 years,OWN,34000,Not Verified,debt_consolidation,29.7,2,695,42.4,Charged Off
25400,60 months,12.9,576.63,C,4 years,RENT,93100,Source Verified,debt_consolidation,18.75,0,709,20.7,Fully Paid
40000,36 months,10.8,1305.76,B,10+ years,MORTGAGE,43400,Not Verified,credit_card,13.06,0,700,53.8,Fully Paid
6000,36 months,18.15,217.37,D,4 years,MORTGAGE,45500,Source Verified,credit_card,19.61,1,695,54.0,Fully Paid
17900,60 months,7.36,357.49,A,10+ years,OWN,97400,Verified,small_business,21.34,0,734,35.1,Fully Paid
19400,36 months,11.2,636.97,B,10+ years,MORTGAGE,61800,Not Verified,credit_card,35.49,0,721,76.6,Fully Paid
6100,60 months,10.49,131.08,B,6 years,MORTGAGE,86900,Not Verified,debt_consolidation,15.8,0,719,61.3,Fully Paid
18300,36 months,14.09,626.25,C,< 1 year,OWN,79700,Source Verified,debt_consolidation,19.65,0,702,25.0,Charged Off
11200,36 months,13.17,378.29,C,6 years,RENT,112400,Not Verified,debt_consolidation,17.18,1,700,94.2,Fully Paid
18500,60 months,14.9,439.14,C,1 year,RENT,84800,Not Verified,credit_card,27.32,0,686,61.1,Fully Paid
7900,36 months,6.97,243.82,A,1 year,MORTGAGE,38900,Not Verified,debt_consolidation,10.69,0,735,30.1,Fully Paid
6000,36 months,14.33,206.03,C,10+ years,RENT,96100,Source Verified,debt_consolidation,10.33,0,709,61.3,Fully Paid
11300,36 months,13.24,382.05,C,4 years,MORTGAGE,66000,Verified,home_improvement,17.99,1,687,12.4,Fully Paid
9100,60 months,6.4,177.63,A,9 years,MORTGAGE,48900,Verified,other,12.44,0,756,84.3,Fully Paid
8800,36 months,11.47,290.06,B,10+ years,MORTGAGE,41600,Verified,debt_consolidation,19.79,0,723,28.8,Fully Paid
3700,36 months,6.29,113.05,A,5 years,MORTGAGE,58700,Verified,credit_card,5.26,0,760,19.8,Charged Off
18700,36 months,7.58,582.37,A,8 years,MORTGAGE,75300,Source Verified,debt_consolidation,17.56,0,744,39.4,Fully Paid
8300,36 months,10.56,270.01,B,4 years,RENT,66700,Source Verified,major_purchase,7.02,0,709,54.6,Fully Paid
4400,60 months,11.76,97.34,C,10+ years,RENT,97700,Not Verified,other,17.78,0,699,45.3,Fully Paid
12200,60 months,12.95,277.28,B,10+ years,OWN,76200,Source Verified,debt_consolidation,32.28,0,705,67.2,Fully Paid
11300,60 months,6.32,220.15,A,< 1 year,RENT,247200,Not Verified,debt_consolidation,17.67,1,744,30.4,Fully Paid
9000,36 months,13.14,303.85,C,1 year,MORTGAGE,155600,Not Verified,car,22.15,1,698,31.9,Charged Off
19200,60 months,13.6,442.78,C,4 years,OTHER,189900,Verified,debt_consolidation,7.82,0,702,57.4,Fully Paid
20900,36 months,14.48,719.19,C,1 year,OWN,45500,Not Verified,debt_consolidation,34.13,0,684,50.0,Fully Paid
19500,60 months,14.69,460.74,C,5 years,RENT,49800,Not Verified,debt_consolidation,14.15,0,706,83.6,Charged Off
7000,36 months,20.71,262.68,E,10+ years,RENT,96300,Verified,major_purchase,19.27,1,671,45.2,Fully Paid
7200,36 months,16.76,255.84,E,10+ years,MORTGAGE,54300,Not Verified,debt_consolidation,17.34,0,676,49.7,Fully Paid
10600,60 months,9.88,224.59,B,10+ years,MORTGAGE,38800,Verified,debt_consolidation,14.16,0,695,35.8,Fully Paid
10600,36 months,16.1,373.19,D,10+ years,MORTGAGE,149200,Verified,other,14.19,2,696,60.3,Fully Paid
10100,36 months,11.42,332.67,B,10+ years,RENT,67400,Not Verified,home_improvement,17.91,0,717,76.3,Fully Paid
8500,60 months,10.81,184.01,B,10+ years,RENT,33500,Not Verified,debt_consolidation,6.34,1,717,66.0,Fully Paid
9700,36 months,23.7,379.03,F,6 years,MORTGAGE,32200,Verified,debt_consolidation,10.98,0,674,78.3,Charged Off
3900,60 months,17.1,97.13,D,5 years,MORTGAGE,101900,Not Verified,debt_consolidation,13.03,0,680,39.0,Fully Paid
7500,36 months,13.62,254.95,C,10+ years,MORTGAGE,33500,Verified,debt_consolidation,26.02,1,707,58.7,Charged Off
21800,60 months,7.05,432.18,A,,MORTGAGE,56700,Not Verified,other,17.08,0,740,67.0,Fully Paid
14100,36 months,17.25,504.46,E,5 years,RENT,140300,Not Verified,debt_consolidation,19.58,0,663,43.1,Fully Paid
8900,60 months,9.44,186.66,B,10+ years,MORTGAGE,60200,Not Verified,major_purchase,26.95,0,729,34.2,Fully Paid
19100,36 months,8.45,602.5,B,5 years,RENT,127000,Source Verified,debt_consolidation,10.9,0,727,54.0,Fully Paid
19000,36 months,8.8,602.43,B,10+ years,OWN,230600,Not Verified,debt_consolidation,7.51,1,720,,Fully Paid
1900,36 months,14.82,65.7,C,4 years,RENT,54600,Source Verified,debt_consolidation,14.72,0,685,70.3,Fully Paid
13900,36 months,11.2,456.39,B,7 years,RENT,127300,Verified,debt_consolidation,16.13,0,716,38.6,Fully Paid
6100,36 months,13.61,207.33,C,5 years,RENT,40500,Not Verified,debt_consolidation,20.71,0,689,34.2,Charged Off
35600,36 months,6.26,1087.22,A,,RENT,131400,Verified,credit_card,24.32,0,736,25.3,Fully Paid
23000,36 months,14.43,790.9,C,5 years,RENT,85400,Verified,credit_card,14.93,2,690,57.3,Fully Paid
10800,36 months,7.39,335.4,A,4 years,RENT,39200,Verified,debt_consolidation,18.78,0,743,51.1,Fully Paid
20200,36 months,18.73,737.7,D,3 years,MORTGAGE,204900,Verified,credit_card,9.18,0,695,62.6,Fully Paid
14700,36 months,13.88,501.55,C,8 years,MORTGAGE,173400,Verified,credit_card,30.66,0,677,30.0,Fully Paid
17500,36 months,10.45,568.38,B,,OWN,87800,Verified,debt_consolidation,19.75,0,726,50.7,Fully Paid
23400,36 months,10.05,755.6,B,10+ years,RENT,43800,Not Verified,home_improvement,10.95,0,718,28.4,Fully Paid
5500,60 months,20.42,147.0,E,10+ years,MORTGAGE,12000,Source Verified,debt_consolidation,17.63,0,658,47.5,Fully Paid
6200,60 months,12.67,140.02,B,< 1 year,OWN,47400,Source Verified,debt_consolidation,29.49,1,725,61.0,Fully Paid
13800,36 months,12.59,462.26,B,4 years,RENT,26500,Not Verified,debt_consolidation,26.16,0,728,36.1,Fully Paid
25500,36 months,10.53,829.17,B,3 years,MORTGAGE,88200,Verified,debt_consolidation,4.31,0,679,22.7,Fully Paid
14000,60 months,12.95,318.18,B,3 years,MORTGAGE,150300,Not Verified,debt_consolidation,14.83,1,704,85.6,Charged Off
11200,60 months,13.15,255.7,C,8 years,MORTGAGE,283100,Not Verified,credit_card,12.75,0,685,81.1,Fully Paid
20900,60 months,11.51,459.75,B,1 year,OWN,52700,Source Verified,debt_consolidation,22.67,0,715,13.0,Fully Paid
6000,36 months,13.47,203.52,C,10+ years,MORTGAGE,109200,Source Verified,debt_consolidation,21.99,1,690,55.4,Fully Paid
9400,36 months,15.63,328.76,C,1 year,RENT,48100,Verified,credit_card,5.83,0,699,52.3,Fully Paid
38800,60 months,14.02,903.21,C,4 years,MORTGAGE,71300,Not Verified,credit_card,29.26,0,690,62.8,Fully Paid
3600,36 months,7.7,112.31,A,10+ years,MORTGAGE,38100,Verified,debt_consolidation,27.04,0,723,40.4,Fully Paid
9700,36 months,16.78,344.77,E,1 year,RENT,45900,Not Verified,debt_consolidation,12.44,1,657,56.1,Fully Paid
19400,36 months,7.27,601.41,A,2 years,MORTGAGE,58700,Verified,debt_consolidation,11.56,0,755,35.6,Fully Paid
5900,36 months,6.52,180.88,A,10+ years,MORTGAGE,172500,Verified,home_improvement,17.57,0,726,33.6,Fully Paid
38400,36 months,12.77,1289.6,C,2 years,RENT,91600,Not Verified,debt_consolidation,28.34,0,703,93.3,Charged Off
12100,36 months,8.06,379.51,A,,RENT,60200,Not Verified,debt_consolidation,10.05,0,746,40.3,Fully Paid
5900,60 months,13.95,137.13,C,1 year,MORTGAGE,20800,Source Verified,debt_consolidation,8.91,3,675,49.6,Fully Paid
11000,36 months,12.16,366.2,C,10+ years,MORTGAGE,81400,Not Verified,debt_consolidation,16.85,0,716,30.6,Fully Paid
7500,36 months,20.02,278.8,E,5 years,OWN,79200,Not Verified,credit_card,10.99,0,688,48.4,Fully Paid
9600,36 months,19.21,352.92,E,< 1 year,RENT,71000,Verified,debt_consolidation,25.25,0,672,33.2,Fully Paid
9700,36 months,6.81,298.67,A,10+ years,OWN,103000,Not Verified,credit_card,18.98,2,751,36.8,Charged Off
11700,36 months,12.09,389.11,B,10+ years,OWN,76900,Verified,debt_consolidation,13.85,0,695,35.7,Fully Paid
19700,36 months,15.03,683.2,D,2 years,RENT,45500,Not Verified,debt_consolidation,18.12,0,693,80.6,Fully Paid
9300,60 months,11.81,205.98,C,< 1 year,MORTGAGE,40900,Source Verified,home_improvement,22.23,0,710,49.7,Charged Off
11400,60 months,9.28,238.2,B,10+ years,RENT,66600,Verified,debt_consolidation,28.78,0,693,62.6,Fully Paid
20400,60 months,9.88,432.24,B,3 years,RENT,64800,Not Verified,debt_consolidation,22.06,0,715,50.2,Fully Paid
23000,36 months,6.55,705.45,A,2 years,RENT,39100,Not Verified,debt_consolidation,22.96,0,735,78.9,Fully Paid
13200,36 months,10.55,429.34,B,3 years,RENT,73200,Verified,debt_consolidation,28.35,1,729,73.5,Fully Paid
13800,60 months,10.33,295.45,B,10+ years,RENT,110400,Source Verified,debt_consolidation,38.42,0,704,21.1,Charged Off
14700,36 months,21.84,560.18,E,2 years,MORTGAGE,21500,Source Verified,car,17.01,0,685,48.0,Charged Off
9200,60 months,12.39,206.47,C,3 years,MORTGAGE,325800,Not Verified,credit_card,42.61,1,711,66.7,Charged Off
7000,36 months,10.11,226.23,B,10+ years,MORTGAGE,74200,Verified,home_improvement,8.83,0,702,93.8,Fully Paid
22600,36 months,9.18,720.57,B,10+ years,MORTGAGE,77500,Source Verified,car,14.82,1,703,41.6,Fully Paid
7000,36 months,9.39,223.87,B,10+ years,RENT,62900,Not Verified,credit_card,18.14,0,707,38.8,Fully Paid
14600,60 months,15.13,348.33,C,6 years,RENT,95900,Source Verified,major_purchase,14.16,0,696,57.4,Fully Paid
17300,36 months,8.27,544.28,B,1 year,RENT,80700,Not Verified,debt_consolidation,10.07,0,708,55.6,Charged Off
17300,36 months,6.02,526.46,A,10+ years,RENT,60100,Not Verified,debt_consolidation,19.66,0,745,30.1,Fully Paid
17500,60 months,10.69,377.79,B,< 1 year,RENT,287400,Verified,debt_consolidation,13.11,2,726,33.4,Charged Off
4100,36 months,15.61,143.36,D,9 years,MORTGAGE,43300,Verified,credit_card,12.64,0,702,79.8,Fully Paid
22300,36 months,15.52,778.73,D,10+ years,MORTGAGE,53500,Source Verified,debt_consolidation,9.07,0,689,24.1,Fully Paid
14500,36 months,15.97,509.56,D,< 1 year,MORTGAGE,81200,Not Verified,debt_consolidation,7.88,0,680,50.2,Fully Paid
12200,36 months,9.95,393.37,B,2 years,MORTGAGE,41000,Not Verified,credit_card,11.03,0,702,57.4,Fully Paid
8200,60 months,16.01,199.45,C,10+ years,MORTGAGE,86400,Verified,debt_consolidation,14.13,1,717,84.4,Fully Paid
12400,36 months,15.4,432.28,D,10+ years,RENT,48500,Source Verified,debt_consolidation,28.87,0,696,41.8,Fully Paid
12800,36 months,16.31,451.97,C,8 years,MORTGAGE,150600,Verified,home_improvement,7.74,0,715,49.3,Fully Paid
11100,36 months,9.9,357.64,B,7 years,RENT,45800,Verified,small_business,16.99,0,705,66.2,Charged Off
12600,36 months,10.09,407.1,B,10+ years,MORTGAGE,44400,Verified,debt_consolidation,24.27,0,701,55.9,Fully Paid
10700,60 months,10.83,231.74,B,10+ years,MORTGAGE,122700,Verified,credit_card,22.05,0,698,20.9,Fully Paid
16100,60 months,9.08,334.83,A,10+ years,OWN,20900,Source Verified,debt_consolidation,21.64,0,740,65.6,Fully Paid
13400,36 months,12.42,447.76,C,9 years,RENT,39000,Verified,credit_card,15.39,1,697,36.3,Charged Off
16400,60 months,10.12,349.42,B,10+ years,RENT,95100,Verified,debt_consolidation,35.48,1,710,55.6,Charged Off
14100,36 months,15.06,489.2,C,1 year,MORTGAGE,91200,Source Verified,debt_consolidation,12.59,1,695,76.5,Fully Paid
12400,36 months,10.18,401.16,B,6 years,OWN,155000,Source Verified,major_purchase,22.1,2,735,11.1,Fully Paid
18800,36 months,8.56,593.99,A,,OTHER,71100,Not Verified,debt_consolidation,29.62,1,750,,Fully Paid
11900,36 months,15.25,413.98,D,,MORTGAGE,97900,Not Verified,home_improvement,9.0,0,692,62.0,Fully Paid
12800,36 months,15.93,449.57,D,2 years,MORTGAGE,53200,Verified,debt_consolidation,19.8,0,691,68.2,Fully Paid
5300,60 months,17.17,132.2,D,4 years,MORTGAGE,46400,Verified,debt_consolidation,14.34,0,677,36.3,Charged Off
12000,36 months,22.64,462.27,E,6 years,MORTGAGE,59700,Verified,debt_consolidation,9.58,0,661,53.6,Charged Off
5400,36 months,5.72,163.59,A,9 years,MORTGAGE,125400,Source Verified,debt_consolidation,13.17,1,751,36.2,Fully Paid
6200,36 months,7.42,192.63,A,10+ years,MORTGAGE,37300,Not Verified,small_business,2.48,0,776,61.5,Fully Paid
6300,36 months,14.72,217.53,C,10+ years,OWN,75500,Verified,debt_consolidation,8.08,0,703,67.0,Fully Paid
16900,36 months,6.08,514.74,A,6 years,RENT,43000,Source Verified,debt_consolidation,24.41,0,759,49.5,Fully Paid
7600,60 months,13.84,176.21,C,10+ years,MORTGAGE,45000,Verified,debt_consolidation,19.57,0,717,94.5,Charged Off
7800,36 months,10.19,252.38,B,10+ years,MORTGAGE,71900,Not Verified,debt_consolidation,23.03,0,711,49.9,Fully Paid
18000,60 months,12.13,401.58,C,4 years,MORTGAGE,51600,Not Verified,credit_card,9.49,0,685,59.5,Fully Paid
5200,36 months,16.44,183.95,E,5 years,MORTGAGE,74500,Not Verified,credit_card,18.14,0,687,65.7,Charged Off
8500,36 months,8.05,266.56,B,9 years,MORTGAGE,109200,Verified,debt_consolidation,21.74,1,707,59.8,Charged Off
13800,60 months,6.52,270.14,A,< 1 year,OWN,62700,Not Verified,debt_consolidation,12.33,2,762,53.6,Fully Paid
14500,36 months,14.55,499.46,D,8 years,MORTGAGE,109400,Source Verified,credit_card,30.21,0,697,54.3,Charged Off
11300,36 months,10.83,369.04,B,< 1 year,MORTGAGE,191000,Verified,debt_consolidation,10.81,1,715,88.4,Fully Paid
6200,60 months,9.48,130.15,B,10+ years,RENT,163400,Source Verified,small_business,14.45,0,703,67.1,Fully Paid
5200,36 months,9.96,167.69,B,3 years,RENT,71100,Not Verified,credit_card,8.17,0,698,54.9,Fully Paid
5600,36 months,25.82,225.09,F,9 years,MORTGAGE,84300,Verified,debt_consolidation,8.39,0,643,36.5,Fully Paid
20200,36 months,8.88,641.23,B,10+ years,RENT,60300,Source Verified,debt_consolidation,38.19,0,721,41.9,Charged Off
10900,36 months,6.56,334.37,A,10+ years,RENT,57000,Not Verified,major_purchase,19.16,1,728,57.5,Fully Paid
17100,36 months,26.3,691.71,E,10+ years,RENT,59200,Verified,debt_consolidation,17.69,0,697,58.6,Charged Off
8800,36 months,13.94,300.51,C,10+ years,MORTGAGE,69300,Verified,debt_consolidation,11.25,0,709,56.3,Charged Off
19400,60 months,17.35,485.8,D,,RENT,48600,Source Verified,debt_consolidation,27.62,0,695,51.4,Fully Paid
13900,36 months,6.03,423.05,A,3 years,MORTGAGE,137700,Not Verified,debt_consolidation,24.11,0,748,49.5,Fully Paid
8500,36 months,13.91,290.14,C,3 years,RENT,31700,Not Verified,debt_consolidation,16.96,0,696,40.9,Fully Paid
22400,36 months,14.53,771.36,C,1 year,RENT,113000,Verified,debt_consolidation,6.81,0,697,52.7,Fully Paid
31900,60 months,16.48,783.91,D,9 years,RENT,87500,Verified,debt_consolidation,15.08,0,679,44.5,Charged Off
7200,60 months,10.44,154.54,B,< 1 year,RENT,57800,Source Verified,debt_consolidation,6.01,0,715,,Fully Paid
18600,36 months,14.9,643.86,C,,RENT,42100,Not Verified,debt_consolidation,19.14,0,698,42.0,Fully Paid
21200,36 months,19.33,780.65,D,10+ years,MORTGAGE,77700,Not Verified,credit_card,16.81,0,682,36.8,Fully Paid
12900,36 months,11.85,427.54,B,8 years,RENT,130500,Source Verified,debt_consolidation,18.66,0,695,14.9,Fully Paid
25400,36 months,13.25,858.89,C,10+ years,RENT,64200,Source Verified,debt_consolidation,4.84,0,713,28.8,Fully Paid
11000,36 months,8.73,348.42,A,2 years,RENT,66100,Verified,credit_card,7.82,0,764,86.1,Fully Paid
18700,36 months,22.47,718.72,F,8 years,RENT,34500,Not Verified,debt_consolidation,27.61,1,687,71.6,Fully Paid
35000,36 months,6.95,1079.9,A,4 years,MORTGAGE,37100,Not Verified,small_business,16.04,1,777,21.3,Fully Paid
7800,36 months,6.52,239.13,A,9 years,RENT,103600,Verified,debt_consolidation,18.7,0,748,27.1,Fully Paid
10500,36 months,14.64,362.14,C,10+ years,RENT,35900,Verified,debt_consolidation,7.5,0,704,62.3,Fully Paid
5700,36 months,6.86,175.63,A,2 years,OWN,30800,Source Verified,debt_consolidation,17.74,0,743,33.1,Fully Paid
12100,60 months,12.81,274.14,C,10+ years,MORTGAGE,44600,Source Verified,home_improvement,14.55,0,727,81.3,Fully Paid
6000,36 months,16.77,213.23,C,< 1 year,RENT,49200,Source Verified,debt_consolidation,10.35,0,695,80.2,Fully Paid
33300,36 months,13.37,1127.95,C,2 years,MORTGAGE,92400,Source Verified,debt_consolidation,29.19,0,697,86.8,Fully Paid
16300,36 months,10.4,529.02,B,10+ years,RENT,85500,Source Verified,credit_card,22.87,0,723,48.4,Fully Paid
19100,36 months,12.9,642.63,C,< 1 year,MORTGAGE,96100,Source Verified,debt_consolidation,29.5,0,717,83.6,Fully Paid
25900,36 months,16.74,920.06,D,3 years,MORTGAGE,47800,Not Verified,credit_card,21.47,0,656,55.3,Charged Off
17700,36 months,10.28,573.46,B,10+ years,RENT,67300,Not Verified,debt_consolidation,29.5,0,727,34.1,Fully Paid
14100,36 months,14.59,485.95,C,10+ years,MORTGAGE,51400,Verified,debt_consolidation,23.86,1,692,27.3,Charged Off
35700,36 months,17.12,1274.94,E,8 years,OWN,183400,Source Verified,credit_card,16.85,1,659,28.9,Fully Paid
6700,36 months,8.25,210.73,A,6 years,MORTGAGE,176200,Source Verified,credit_card,10.4,1,754,63.8,Fully Paid
18100,60 months,10.88,392.46,C,10+ years,MORTGAGE,92200,Verified,debt_consolidation,19.45,1,676,50.7,Fully Paid
5500,36 months,11.79,182.13,B,10+ years,RENT,56300,Verified,credit_card,20.34,1,714,54.7,Fully Paid
10800,36 months,19.81,400.32,E,2 years,RENT,30200,Source Verified,credit_card,12.55,0,681,15.7,Charged Off
5100,36 months,8.33,160.59,A,10+ years,OWN,144500,Verified,debt_consolidation,23.43,0,753,55.1,Fully Paid
8900,36 months,21.06,335.58,E,5 years,RENT,38100,Source Verified,credit_card,14.42,1,665,58.8,Fully Paid
21800,60 months,14.67,514.85,C,10+ years,OWN,39300,Not Verified,small_business,13.83,0,683,87.0,Charged Off
23400,36 months,15.03,811.51,D,2 years,MORTGAGE,41700,Verified,debt_consolidation,16.3,0,643,18.4,Fully Paid
13000,36 months,20.2,484.45,E,6 years,RENT,45200,Source Verified,credit_card,27.53,0,658,30.6,Fully Paid
18000,60 months,17.55,452.69,D,10+ years,MORTGAGE,83600,Not Verified,credit_card,18.48,0,673,66.8,Fully Paid
12500,60 months,20.88,337.32,E,1 year,RENT,173900,Source Verified,credit_card,14.95,1,661,88.7,Charged Off
10600,36 months,10.47,344.38,B,10+ years,MORTGAGE,48500,Verified,credit_card,17.67,0,729,56.9,Fully Paid
33100,36 months,18.12,1198.64,D,6 years,OWN,143100,Verified,credit_card,16.26,0,664,70.7,Fully Paid
12600,36 months,14.39,433.03,C,10+ years,RENT,136800,Not Verified,debt_consolidation,10.53,1,714,39.9,Charged Off
18500,60 months,12.43,415.55,C,10+ years,MORTGAGE,43000,Not Verified,credit_card,27.51,0,697,72.8,Fully Paid
7400,60 months,8.73,152.64,A,10+ years,MORTGAGE,98400,Not Verified,debt_consolidation,10.66,1,737,53.0,Fully Paid
27000,36 months,10.37,875.91,B,2 years,MORTGAGE,137000,Verified,credit_card,22.79,0,722,79.2,Fully Paid
6300,36 months,5.87,191.29,A,1 year,RENT,127100,Not Verified,credit_card,30.88,0,748,34.6,Fully Paid
19100,36 months,10.52,620.98,B,< 1 year,OWN,22800,Source Verified,debt_consolidation,33.81,0,718,58.2,Charged Off
12400,36 months,11.55,409.2,C,3 years,RENT,74400,Verified,home_improvement,18.28,1,695,70.3,Charged Off
6000,60 months,10.23,128.16,B,10+ years,RENT,56200,Verified,debt_consolidation,21.84,0,728,38.8,Fully Paid
12200,36 months,10.18,394.69,B,10+ years,RENT,58100,Verified,debt_consolidation,11.73,0,697,80.3,Fully Paid
9700,36 months,13.62,329.74,C,10+ years,RENT,31200,Not Verified,major_purchase,28.43,1,698,68.8,Charged Off
6800,60 months,9.72,143.54,B,3 years,RENT,43700,Source Verified,debt_consolidation,10.26,1,701,24.9,Fully Paid
7700,60 months,7.52,154.37,A,3 years,MORTGAGE,93300,Not Verified,debt_consolidation,32.8,0,745,68.7,Fully Paid
17700,36 months,6.47,542.25,A,1 year,MORTGAGE,93500,Verified,major_purchase,41.76,0,749,30.2,Fully Paid
10500,36 months,13.89,358.3,C,10+ years,MORTGAGE,71800,Verified,other,24.17,1,685,55.9,Fully Paid
26200,36 months,15.93,920.21,D,5 years,MORTGAGE,54400,Verified,credit_card,20.74,0,699,85.7,Fully Paid
12700,36 months,14.22,435.41,C,< 1 year,MORTGAGE,33500,Verified,debt_consolidation,24.05,0,667,18.4,Fully Paid
10000,36 months,18.06,361.83,D,2 years,RENT,87000,Not Verified,credit_card,9.84,1,691,36.6,Fully Paid
14400,36 months,10.27,466.48,B,9 years,RENT,127600,Source Verified,credit_card,10.15,0,706,54.6,Fully Paid
7800,60 months,26.24,234.65,G,10+ years,RENT,34700,Source Verified,debt_consolidation,13.16,0,672,36.3,Charged Off
8600,60 months,12.65,194.14,C,10+ years,MORTGAGE,23500,Not Verified,debt_consolidation,25.64,1,722,64.6,Charged Off
14900,36 months,9.6,477.99,B,3 years,RENT,134400,Source Verified,credit_card,16.56,0,702,47.0,Fully Paid
7300,36 months,14.91,252.74,C,10+ years,RENT,73200,Not Verified,debt_consolidation,18.58,0,681,30.8,Fully Paid
8400,60 months,13.57,193.59,C,9 years,MORTGAGE,82700,Not Verified,debt_consolidation,20.23,0,712,40.6,Fully Paid
15600,36 months,10.98,510.58,B,10+ years,RENT,74500,Source Verified,car,17.95,0,723,76.5,Fully Paid
40000,36 months,8.87,1269.57,B,10+ years,OWN,218000,Not Verified,debt_consolidation,6.46,2,718,81.0,Fully Paid
10400,36 months,12.24,346.62,B,3 years,MORTGAGE,37700,Not Verified,credit_card,8.79,0,745,41.0,Fully Paid
6900,36 months,12.45,230.66,C,10+ years,RENT,206000,Source Verified,debt_consolidation,8.17,0,705,74.9,Fully Paid
14800,36 months,23.21,574.53,E,7 years,MORTGAGE,33000,Source Verified,debt_consolidation,15.72,2,668,40.9,Charged Off
24500,60 months,6.42,478.45,A,1 year,OTHER,79800,Source Verified,debt_consolidation,13.17,2,752,69.0,Charged Off
12500,60 months,11.87,277.24,B,9 years,MORTGAGE,112000,Source Verified,car,17.51,1,699,70.6,Fully Paid
19000,36 months,15.0,658.64,D,10+ years,RENT,40400,Source Verified,credit_card,23.97,2,689,42.2,Fully Paid
9300,36 months,13.88,317.31,C,10+ years,RENT,12000,Verified,debt_consolidation,26.23,0,704,78.2,Fully Paid
8900,60 months,7.7,179.18,A,4 years,MORTGAGE,73200,Verified,other,6.01,0,747,17.6,Fully Paid
8600,36 months,6.05,261.82,A,7 years,RENT,36500,Verified,credit_card,23.04,1,755,42.0,Fully Paid
4900,36 months,6.88,151.03,A,10+ years,MORTGAGE,73300,Verified,debt_consolidation,17.99,1,721,81.9,Fully Paid
13400,36 months,8.93,425.68,B,10+ years,MORTGAGE,75200,Verified,other,17.98,1,714,69.3,Fully Paid
9200,36 months,9.67,295.43,B,1 year,MORTGAGE,53600,Not Verified,debt_consolidation,20.21,0,714,41.9,Fully Paid
20500,60 months,18.81,529.64,E,6 years,MORTGAGE,58600,Verified,debt_consolidation,20.02,0,672,31.9,Fully Paid
40000,60 months,17.2,998.41,D,7 years,RENT,51200,Verified,debt_consolidation,23.84,0,695,44.2,Fully Paid
4400,36 months,12.87,147.98,C,10+ years,RENT,52300,Not Verified,debt_consolidation,18.53,0,717,41.3,Charged Off
17000,36 months,15.42,592.81,C,10+ years,MORTGAGE,104700,Verified,small_business,13.33,0,712,56.5,Fully Paid
3900,36 months,12.66,130.77,C,2 years,MORTGAGE,91700,Source Verified,credit_card,16.85,0,731,35.0,Fully Paid
9100,36 months,5.97,276.72,A,9 years,MORTGAGE,62300,Not Verified,debt_consolidation,11.28,0,733,57.0,Fully Paid
8500,60 months,9.08,176.78,B,10+ years,RENT,22000,Source Verified,debt_consolidation,31.5,0,736,70.5,Fully Paid
15200,36 months,15.29,529.07,C,4 years,MORTGAGE,150100,Verified,other,27.0,0,701,49.4,Fully Paid
9400,36 months,12.07,312.53,B,1 year,RENT,60400,Verified,credit_card,23.76,0,711,35.3,Fully Paid
13400,60 months,13.12,305.71,C,,RENT,96700,Source Verified,major_purchase,9.46,0,688,42.5,Charged Off
21400,60 months,9.6,450.49,B,4 years,MORTGAGE,73700,Verified,home_improvement,17.95,0,728,88.0,Charged Off
25600,36 months,12.29,853.84,C,3 years,RENT,90900,Source Verified,home_improvement,9.55,0,696,56.0,Fully Paid
20700,60 months,10.28,442.67,B,7 years,RENT,25300,Source Verified,credit_card,28.33,0,690,65.9,Fully Paid
10300,36 months,6.92,317.66,A,2 years,RENT,116500,Source Verified,debt_consolidation,20.37,0,740,51.7,Fully Paid
14600,36 months,7.45,453.82,A,10+ years,RENT,91700,Not Verified,credit_card,22.72,0,750,18.7,Fully Paid
9100,36 months,6.46,278.74,A,10+ years,MORTGAGE,74800,Source Verified,debt_consolidation,19.51,0,734,40.5,Fully Paid
13000,36 months,8.33,409.35,A,1 year,MORTGAGE,22200,Verified,credit_card,3.35,0,757,18.8,Fully Paid
6000,36 months,13.85,204.63,D,4 years,OWN,33400,Not Verified,credit_card,20.5,0,680,82.6,Fully Paid
12500,36 months,6.02,380.39,A,6 years,RENT,43500,Verified,debt_consolidation,17.21,0,738,16.2,Fully Paid
40000,36 months,14.26,1372.16,C,5 years,RENT,85300,Verified,credit_card,13.26,0,687,43.1,Fully Paid
27800,36 months,14.16,952.3,C,9 years,MORTGAGE,42600,Verified,credit_card,11.65,1,712,34.1,Fully Paid
14600,36 months,8.0,457.51,A,1 year,RENT,142000,Verified,debt_consolidation,15.72,0,766,56.9,Fully Paid
11700,36 months,10.37,379.56,B,7 years,RENT,21500,Verified,debt_consolidation,26.52,0,725,38.2,Charged Off
7200,36 months,9.79,231.61,B,5 years,RENT,71000,Verified,debt_consolidation,20.03,1,733,45.4,Fully Paid
19300,36 months,10.78,629.85,B,10+ years,MORTGAGE,75400,Source Verified,credit_card,15.83,0,714,74.1,Fully Paid
40000,60 months,19.39,1046.22,E,6 years,MORTGAGE,73700,Not Verified,debt_consolidation,12.93,0,686,39.0,Fully Paid
6000,60 months,10.91,130.19,B,3 years,OWN,170000,Not Verified,debt_consolidation,24.77,0,713,32.5,Fully Paid
4700,36 months,16.11,165.49,D,10+ years,RENT,187800,Not Verified,debt_consolidation,16.76,1,685,46.3,Fully Paid
29100,60 months,15.26,696.26,D,6 years,MORTGAGE,34900,Verified,credit_card,6.63,0,689,70.2,Fully Paid
24800,36 months,14.98,859.46,C,5 years,OWN,69000,Verified,debt_consolidation,7.44,0,699,51.6,Fully Paid
16300,36 months,8.03,511.01,A,4 years,RENT,46200,Verified,debt_consolidation,20.94,0,732,67.2,Charged Off
11300,60 months,14.49,265.81,C,3 years,RENT,72100,Source Verified,debt_consolidation,17.16,0,693,72.6,Charged Off
15500,36 months,16.42,548.15,D,,MORTGAGE,45400,Source Verified,debt_consolidation,6.42,0,682,86.6,Fully Paid
16700,36 months,14.9,578.09,D,10+ years,OWN,54000,Verified,debt_consolidation,14.83,0,683,22.6,Charged Off
9400,36 months,15.15,326.54,C,10+ years,MORTGAGE,95400,Not Verified,debt_consolidation,9.59,0,714,52.1,Fully Paid
18100,36 months,11.4,596.01,B,2 years,MORTGAGE,86100,Not Verified,credit_card,10.4,0,690,51.4,Fully Paid
10400,36 months,22.11,397.77,E,10+ years,OTHER,47600,Verified,debt_consolidation,25.08,2,669,55.9,Charged Off
4400,36 months,14.59,151.65,C,5 years,MORTGAGE,60900,Source Verified,debt_consolidation,17.06,0,712,46.6,Fully Paid
9000,36 months,6.83,277.19,A,9 years,MORTGAGE,92900,Not Verified,other,4.75,0,745,52.0,Fully Paid
26600,60 months,10.59,572.92,B,5 years,OWN,46700,Verified,debt_consolidation,30.82,0,706,53.9,Charged Off
8700,60 months,7.03,172.39,A,10+ years,OWN,53800,Not Verified,debt_consolidation,17.82,0,752,43.3,Fully Paid
13700,36 months,9.46,438.6,B,6 years,RENT,36300,Source Verified,credit_card,9.17,0,713,70.5,Fully Paid
16800,36 months,7.72,524.28,A,9 years,RENT,94800,Not Verified,credit_card,10.15,0,759,97.5,Charged Off
16700,36 months,13.18,564.14,C,10+ years,MORTGAGE,73400,Verified,debt_consolidation,25.44,0,696,22.1,Fully Paid
13000,36 months,11.59,429.24,C,10+ years,MORTGAGE,94100,Source Verified,debt_consolidation,13.38,0,684,88.0,Fully Paid
9300,36 months,13.21,314.3,C,3 years,OWN,231000,Not Verified,debt_consolidation,30.25,0,696,13.4,Fully Paid
5500,60 months,13.64,126.95,C,7 years,MORTGAGE,113100,Verified,credit_card,16.37,0,696,75.8,Fully Paid
12200,60 months,11.68,269.41,B,10+ years,RENT,56900,Source Verified,debt_consolidation,13.25,2,712,,Fully Paid
14600,60 months,25.22,430.41,G,1 year,RENT,122400,Verified,debt_consolidation,11.51,0,644,20.7,Fully Paid
13500,36 months,10.79,440.63,B,3 years,OWN,78800,Not Verified,credit_card,10.23,0,735,58.7,Fully Paid
22600,36 months,8.97,718.36,B,1 year,MORTGAGE,140800,Verified,credit_card,9.06,2,722,39.7,Fully Paid
12500,60 months,9.79,264.3,B,2 years,MORTGAGE,69500,Verified,debt_consolidation,15.51,0,695,72.0,Fully Paid
13600,36 months,13.37,460.67,C,< 1 year,OWN,50500,Verified,debt_consolidation,16.2,0,692,61.2,Fully Paid
12900,36 months,19.14,473.78,E,10+ years,MORTGAGE,108200,Verified,credit_card,11.56,1,673,57.0,Fully Paid
8700,60 months,6.61,170.67,A,7 years,RENT,26500,Not Verified,car,11.85,0,757,56.6,Fully Paid
30300,36 months,7.14,937.52,A,8 years,MORTGAGE,57400,Source Verified,debt_consolidation,20.4,0,749,73.7,Fully Paid
12800,36 months,15.57,447.3,C,8 years,RENT,53200,Not Verified,medical,20.37,1,704,63.7,Charged Off
32400,36 months,15.57,1132.22,D,10+ years,MORTGAGE,29100,Not Verified,debt_consolidation,10.55,1,675,87.1,Fully Paid
7800,60 months,6.53,152.73,A,10+ years,RENT,120400,Source Verified,debt_consolidation,24.08,0,727,55.6,Charged Off
11600,36 months,19.1,425.8,E,4 years,OWN,226300,Not Verified,debt_consolidation,9.21,0,656,42.2,Charged Off
3100,36 months,13.83,105.69,C,,MORTGAGE,32600,Source Verified,other,25.57,1,700,71.3,Charged Off
19100,36 months,10.14,617.56,B,5 years,RENT,91500,Not Verified,small_business,22.14,0,703,20.0,Fully Paid
6200,60 months,27.21,190.1,F,1 year,MORTGAGE,17200,Verified,home_improvement,31.52,0,664,29.4,Charged Off
10100,36 months,10.55,328.51,B,10+ years,RENT,230000,Source Verified,debt_consolidation,13.05,0,711,33.8,Fully Paid
11400,36 months,7.28,353.46,A,6 years,MORTGAGE,143200,Verified,debt_consolidation,20.96,0,744,22.5,Fully Paid
16600,36 months,11.15,544.64,B,4 years,MORTGAGE,21900,Verified,small_business,17.91,0,702,79.3,Fully Paid
21100,36 months,6.77,649.29,A,,MORTGAGE,200100,Verified,debt_consolidation,9.1,1,748,47.8,Fully Paid
12000,36 months,15.97,421.71,D,7 years,OWN,47400,Not Verified,debt_consolidation,23.66,0,672,35.2,Charged Off
9200,60 months,18.08,234.02,D,2 years,OWN,47400,Not Verified,credit_card,9.02,0,689,81.0,Fully Paid
25900,36 months,12.27,863.59,C,10+ years,MORTGAGE,179700,Not Verified,debt_consolidation,16.64,0,689,47.3,Fully Paid
7500,60 months,12.06,167.06,B,10+ years,MORTGAGE,21000,Verified,debt_consolidation,14.37,0,748,28.3,Fully Paid
7400,36 months,11.51,244.06,C,10+ years,MORTGAGE,42500,Verified,debt_consolidation,24.09,0,707,32.0,Fully Paid
10400,36 months,7.01,321.17,A,10+ years,MORTGAGE,77400,Verified,credit_card,12.68,0,774,43.3,Fully Paid
5100,36 months,6.61,156.57,A,5 years,MORTGAGE,157900,Source Verified,debt_consolidation,27.04,1,728,66.5,Fully Paid
23000,60 months,12.63,518.97,D,,MORTGAGE,77700,Verified,debt_consolidation,21.18,0,680,95.2,Fully Paid
12300,60 months,14.32,288.24,C,2 years,MORTGAGE,156200,Verified,debt_consolidation,22.95,0,690,21.2,Fully Paid
18100,60 months,11.27,395.98,B,5 years,MORTGAGE,106800,Verified,debt_consolidation,16.29,0,720,39.0,Fully Paid
20100,36 months,5.06,602.96,A,10+ years,MORTGAGE,79900,Source Verified,debt_consolidation,17.76,1,725,40.9,Fully Paid
9300,36 months,15.36,324.03,C,10+ years,RENT,30500,Not Verified,debt_consolidation,17.18,0,698,65.3,Charged Off
15400,36 months,6.41,471.36,A,10+ years,MORTGAGE,64000,Source Verified,debt_consolidation,26.57,0,723,61.4,Fully Paid
17000,36 months,14.08,581.68,C,< 1 year,RENT,57600,Source Verified,other,7.47,0,722,30.6,Fully Paid
16500,60 months,17.28,412.56,D,4 years,OTHER,136700,Verified,credit_card,18.37,0,702,67.3,Charged Off
5900,36 months,13.93,201.45,C,9 years,MORTGAGE,58400,Verified,debt_consolidation,40.27,0,696,38.2,Fully Paid
6600,36 months,16.92,235.05,D,,RENT,94600,Verified,debt_consolidation,22.03,0,701,56.7,Charged Off
10300,36 months,8.43,324.81,B,2 years,MORTGAGE,61600,Verified,credit_card,11.59,0,710,66.6,Fully Paid
13400,36 months,6.89,413.08,A,5 years,MORTGAGE,101800,Source Verified,debt_consolidation,10.3,0,750,24.6,Fully Paid
15100,36 months,10.12,488.09,B,,RENT,89600,Verified,debt_consolidation,24.54,0,698,55.4,Fully Paid
22900,36 months,12.95,771.04,C,10+ years,RENT,46600,Not Verified,debt_consolidation,16.67,0,700,20.8,Fully Paid
5300,36 months,15.92,186.12,C,10+ years,RENT,55500,Not Verified,medical,14.55,0,703,40.7,Fully Paid
15800,60 months,11.82,350.03,B,10+ years,RENT,108700,Source Verified,debt_consolidation,24.16,0,729,67.3,Fully Paid
8000,36 months,8.67,253.17,B,10+ years,MORTGAGE,65500,Source Verified,credit_card,3.64,0,706,23.9,Fully Paid
20800,60 months,10.43,446.35,B,9 years,RENT,53600,Not Verified,credit_card,6.8,0,699,70.4,Fully Paid
6700,36 months,16.07,235.78,D,8 years,MORTGAGE,114600,Not Verified,credit_card,13.45,0,688,68.7,Charged Off
6500,36 months,16.69,230.74,D,5 years,RENT,125000,Not Verified,debt_consolidation,23.05,0,681,72.4,Fully Paid
10400,60 months,17.1,259.03,D,3 years,RENT,71300,Verified,car,21.29,0,661,61.8,Fully Paid
16600,36 months,12.34,554.06,B,8 years,MORTGAGE,60100,Not Verified,debt_consolidation,9.25,0,703,89.0,Fully Paid
12100,60 months,12.1,269.77,B,2 years,MORTGAGE,107500,Verified,home_improvement,27.92,1,719,32.9,Fully Paid
12100,36 months,21.91,461.54,E,10+ years,RENT,57700,Verified,credit_card,18.98,0,668,49.6,Charged Off
33000,60 months,6.15,640.29,A,7 years,MORTGAGE,268700,Not Verified,debt_consolidation,17.27,1,720,62.4,Charged Off
9200,36 months,6.93,283.77,A,5 years,MORTGAGE,26600,Not Verified,other,10.54,1,772,54.5,Fully Paid
10400,36 months,10.87,339.84,B,10+ years,MORTGAGE,13400,Source Verified,major_purchase,17.21,0,726,62.8,Fully Paid
13400,36 months,9.54,429.49,B,1 year,OWN,64900,Source Verified,credit_card,20.6,0,714,58.2,Fully Paid
9500,36 months,19.06,348.52,D,10+ years,RENT,80800,Not Verified,debt_consolidation,14.73,0,703,48.0,Fully Paid
7100,36 months,9.25,226.61,B,< 1 year,MORTGAGE,47300,Verified,debt_consolidation,12.33,0,691,53.1,Fully Paid
8900,36 months,13.83,303.45,C,< 1 year,MORTGAGE,106500,Not Verified,debt_consolidation,4.6,1,689,19.9,Fully Paid
7900,36 months,17.28,282.76,D,10+ years,RENT,40500,Not Verified,debt_consolidation,23.32,1,689,56.3,Charged Off
13600,36 months,14.89,470.72,D,10+ years,OWN,23500,Verified,debt_consolidation,16.45,0,658,40.6,Fully Paid
10500,36 months,22.44,403.39,E,3 years,RENT,132900,Source Verified,debt_consolidation,10.63,0,673,41.6,Fully Paid
7200,36 months,11.0,235.72,B,6 years,MORTGAGE,52700,Not Verified,debt_consolidation,17.69,0,713,,Fully Paid
6900,36 months,14.43,237.27,D,2 years,MORTGAGE,118900,Verified,home_improvement,12.94,0,691,57.9,Charged Off
12900,36 months,22.96,499.09,E,7 years,RENT,52100,Source Verified,car,23.6,1,673,50.2,Fully Paid
10100,36 months,7.16,312.6,A,10+ years,RENT,73300,Verified,debt_consolidation,23.6,1,743,68.7,Fully Paid
15100,36 months,11.69,499.3,B,< 1 year,MORTGAGE,78800,Not Verified,debt_consolidation,16.0,0,686,50.7,Fully Paid
9000,60 months,14.31,210.86,C,7 years,MORTGAGE,77900,Not Verified,home_improvement,22.08,0,689,66.2,Charged Off
14100,36 months,11.49,464.89,B,9 years,OWN,76400,Verified,credit_card,9.84,0,710,31.9,Fully Paid
12500,60 months,7.79,252.2,A,9 years,RENT,44300,Not Verified,small_business,29.81,0,743,69.4,Charged Off
18800,36 months,17.33,673.36,D,6 years,MORTGAGE,117500,Not Verified,credit_card,14.32,0,667,45.6,Fully Paid
4100,36 months,16.27,144.69,D,10+ years,RENT,18500,Verified,debt_consolidation,27.17,0,682,81.6,Fully Paid
20100,36 months,14.07,687.65,C,8 years,RENT,118400,Source Verified,debt_consolidation,11.12,0,701,69.1,Fully Paid
18100,36 months,10.15,585.31,B,2 years,MORTGAGE,73800,Verified,debt_consolidation,16.46,0,722,22.5,Fully Paid
6700,60 months,7.87,135.44,A,3 years,MORTGAGE,46700,Source Verified,home_improvement,25.48,0,755,67.9,Fully Paid
6900,36 months,11.15,226.39,C,10+ years,MORTGAGE,61100,Not Verified,debt_consolidation,19.33,0,717,68.5,Fully Paid
3800,36 months,15.65,132.94,C,4 years,OWN,48900,Source Verified,debt_consolidation,25.17,0,693,14.1,Fully Paid
20500,36 months,10.22,663.6,B,9 years,MORTGAGE,109800,Not Verified,major_purchase,5.66,0,741,83.8,Fully Paid
6200,36 months,15.29,215.81,D,10+ years,MORTGAGE,148500,Verified,debt_consolidation,17.92,0,683,18.9,Fully Paid
14400,36 months,6.77,443.12,A,10+ years,MORTGAGE,126400,Verified,credit_card,14.54,0,767,32.5,Fully Paid
7700,36 months,13.38,260.86,C,4 years,MORTGAGE,58500,Verified,debt_consolidation,8.55,0,694,44.1,Fully Paid
7800,36 months,9.83,251.06,B,10+ years,RENT,74000,Verified,debt_consolidation,15.05,0,709,55.5,Charged Off
31500,36 months,7.92,985.93,A,10+ years,RENT,79000,Not Verified,credit_card,30.07,1,745,42.5,Fully Paid
4300,36 months,10.34,139.44,B,3 years,MORTGAGE,106900,Not Verified,credit_card,41.82,0,721,30.1,Charged Off
19700,60 months,17.15,491.19,D,1 year,OWN,54300,Source Verified,credit_card,13.69,0,697,73.2,Charged Off
8900,36 months,9.19,283.81,B,5 years,MORTGAGE,100100,Not Verified,home_improvement,23.8,0,715,54.1,Charged Off
20400,36 months,21.46,773.4,E,5 years,MORTGAGE,49000,Source Verified,debt_consolidation,7.65,0,670,56.2,Fully Paid
6500,36 months,10.58,211.51,B,< 1 year,MORTGAGE,36200,Source Verified,other,15.02,0,724,45.4,Fully Paid
9700,36 months,14.51,333.93,C,10+ years,MORTGAGE,54200,Source Verified,debt_consolidation,5.2,0,708,11.7,Fully Paid
6700,36 months,20.0,249.0,E,6 years,MORTGAGE,49100,Verified,credit_card,19.43,1,673,26.9,Fully Paid
10200,60 months,10.97,221.62,B,2 years,MORTGAGE,41800,Source Verified,credit_card,23.46,0,707,48.5,Fully Paid
15000,60 months,6.78,295.46,A,< 1 year,MORTGAGE,65600,Verified,debt_consolidation,21.55,0,738,76.5,Fully Paid
20900,36 months,12.09,695.08,B,1 year,RENT,123200,Source Verified,debt_consolidation,24.8,0,730,24.9,Charged Off
6300,36 months,5.34,189.78,A,3 years,MORTGAGE,86600,Not Verified,debt_consolidation,29.6,0,745,47.5,Fully Paid
6700,36 months,7.28,207.74,A,7 years,RENT,56000,Not Verified,home_improvement,28.23,0,754,48.9,Fully Paid
11200,60 months,11.71,247.5,B,5 years,RENT,180300,Not Verified,debt_consolidation,17.35,0,721,61.4,Fully Paid
10400,36 months,8.07,326.23,B,10+ years,MORTGAGE,41100,Verified,other,14.84,0,737,33.4,Fully Paid
8200,36 months,16.36,289.75,D,10+ years,RENT,37200,Source Verified,debt_consolidation,19.61,0,693,47.2,Fully Paid
9200,36 months,12.23,306.58,C,< 1 year,OWN,119700,Verified,debt_consolidation,18.59,1,695,39.7,Fully Paid
18700,36 months,13.7,636.4,C,1 year,MORTGAGE,96900,Source Verified,credit_card,17.92,1,703,34.7,Fully Paid
17800,36 months,7.78,555.98,B,9 years,RENT,96800,Source Verified,debt_consolidation,20.61,1,718,79.7,Fully Paid
12200,60 months,9.03,253.43,B,10+ years,MORTGAGE,69900,Source Verified,debt_consolidation,13.11,1,691,51.9,Fully Paid
19800,60 months,9.97,420.4,B,2 years,RENT,38600,Not Verified,credit_card,26.96,1,708,36.8,Fully Paid
8900,60 months,12.54,200.41,C,7 years,MORTGAGE,77500,Not Verified,debt_consolidation,36.34,0,678,40.6,Charged Off
23300,36 months,14.51,802.12,C,2 years,MORTGAGE,57900,Not Verified,debt_consolidation,7.92,2,713,31.7,Fully Paid
17700,36 months,14.5,609.25,C,10+ years,RENT,78000,Verified,small_business,8.27,0,712,65.1,Fully Paid
8100,36 months,12.91,272.57,C,8 years,MORTGAGE,105600,Not Verified,debt_consolidation,20.27,0,693,50.8,Fully Paid
17800,60 months,10.99,386.93,B,10+ years,OWN,78300,Not Verified,credit_card,16.77,0,725,50.3,Fully Paid
7200,36 months,8.9,228.62,B,1 year,MORTGAGE,40900,Not Verified,debt_consolidation,21.11,0,693,11.9,Fully Paid
7600,60 months,7.01,150.52,A,10+ years,MORTGAGE,12000,Verified,other,44.62,2,720,36.3,Fully Paid
29200,36 months,12.66,979.09,C,10+ years,MORTGAGE,118300,Source Verified,credit_card,13.03,0,701,42.0,Fully Paid
13900,36 months,7.12,429.95,A,10+ years,RENT,132100,Not Verified,credit_card,26.26,1,732,72.1,Fully Paid
9100,36 months,6.97,280.86,A,1 year,RENT,47800,Verified,credit_card,25.89,0,754,29.5,Fully Paid
5400,36 months,10.44,175.36,B,10+ years,RENT,20500,Source Verified,home_improvement,23.59,0,716,9.5,Fully Paid
34300,60 months,10.14,731.14,B,10+ years,MORTGAGE,93500,Not Verified,debt_consolidation,16.45,0,713,5.9,Fully Paid
8800,36 months,6.13,268.23,A,6 years,RENT,39400,Not Verified,medical,11.97,0,735,65.7,Fully Paid
7700,36 months,10.78,251.29,B,2 years,MORTGAGE,42900,Verified,debt_consolidation,17.31,0,726,28.8,Fully Paid
14700,60 months,17.79,371.61,E,1 year,RENT,163000,Verified,debt_consolidation,7.22,0,658,17.8,Fully Paid
19600,60 months,12.95,445.46,C,9 years,MORTGAGE,70600,Source Verified,debt_consolidation,18.51,0,717,64.8,Fully Paid
4800,36 months,9.69,154.18,B,10+ years,MORTGAGE,268700,Not Verified,debt_consolidation,11.63,1,708,38.8,Fully Paid
10500,36 months,9.1,334.39,B,6 years,MORTGAGE,65400,Source Verified,debt_consolidation,14.17,0,704,,Fully Paid
10500,36 months,11.89,348.2,B,5 years,MORTGAGE,46100,Verified,credit_card,15.99,0,702,31.3,Fully Paid
8500,36 months,16.58,301.27,E,4 years,RENT,13600,Source Verified,debt_consolidation,29.75,0,675,15.6,Fully Paid
20400,60 months,12.41,458.02,B,10+ years,MORTGAGE,160600,Source Verified,debt_consolidation,14.4,1,709,71.6,Fully Paid
21700,60 months,13.85,503.24,C,10+ years,MORTGAGE,67200,Not Verified,debt_consolidation,12.48,1,691,11.0,Fully Paid
31100,36 months,10.06,1004.39,B,1 year,RENT,24500,Not Verified,home_improvement,13.9,1,733,30.1,Fully Paid
5500,36 months,12.06,182.84,C,10+ years,OWN,67800,Verified,medical,13.93,0,697,19.6,Fully Paid
6800,36 months,6.49,208.38,A,10+ years,MORTGAGE,50900,Source Verified,debt_consolidation,15.2,1,781,45.8,Fully Paid
11100,60 months,10.96,241.12,B,8 years,RENT,60000,Verified,debt_consolidation,11.09,0,710,8.3,Fully Paid
9400,36 months,10.4,305.08,B,10+ years,RENT,37000,Source Verified,debt_consolidation,19.29,0,720,63.0,Fully Paid
14500,60 months,7.18,288.35,A,10+ years,MORTGAGE,81500,Source Verified,debt_consolidation,9.15,1,771,41.5,Fully Paid
15300,60 months,11.66,337.72,C,4 years,MORTGAGE,32200,Source Verified,credit_card,8.21,0,707,25.7,Fully Paid
35200,36 months,10.99,1152.24,B,7 years,RENT,120300,Verified,credit_card,8.54,1,720,74.6,Fully Paid
4200,36 months,19.2,154.38,E,6 years,MORTGAGE,37100,Source Verified,debt_consolidation,22.45,0,667,16.8,Fully Paid
7900,60 months,9.48,165.84,B,5 years,MORTGAGE,94400,Source Verified,debt_consolidation,22.36,0,727,65.9,Fully Paid
6800,36 months,10.16,219.93,B,10+ years,RENT,83600,Not Verified,debt_consolidation,15.1,0,717,30.2,Fully Paid
6500,36 months,15.62,227.3,D,1 year,OWN,137900,Not Verified,debt_consolidation,17.97,0,698,69.4,Charged Off
24400,36 months,13.15,823.9,C,2 years,MORTGAGE,49800,Verified,credit_card,12.64,0,697,28.5,Fully Paid
15900,60 months,20.32,424.09,D,,MORTGAGE,131800,Not Verified,small_business,35.51,0,678,25.4,Fully Paid
4200,36 months,7.63,130.9,A,< 1 year,MORTGAGE,45000,Source Verified,debt_consolidation,7.12,1,766,58.8,Fully Paid
15200,36 months,16.59,538.82,E,10+ years,MORTGAGE,98400,Source Verified,credit_card,23.64,0,668,10.3,Fully Paid
12800,60 months,11.79,283.37,C,,RENT,67100,Not Verified,credit_card,20.02,0,695,23.8,Fully Paid
19700,36 months,15.91,691.72,C,3 years,MORTGAGE,69200,Verified,credit_card,10.6,1,709,72.4,Fully Paid
11400,36 months,7.39,354.04,A,< 1 year,RENT,75100,Verified,home_improvement,21.56,0,749,54.3,Charged Off
26200,60 months,16.52,644.39,D,10+ years,MORTGAGE,60600,Source Verified,home_improvement,15.24,0,685,21.3,Fully Paid
15600,36 months,26.34,631.36,G,2 years,MORTGAGE,85900,Not Verified,debt_consolidation,21.29,0,657,58.8,Charged Off
40000,36 months,12.77,1343.33,C,3 years,MORTGAGE,104700,Verified,debt_consolidation,8.66,0,706,59.8,Fully Paid
14800,36 months,20.98,557.44,E,5 years,RENT,120200,Source Verified,debt_consolidation,8.41,0,674,44.1,Charged Off
10900,36 months,13.77,371.32,C,,OWN,47000,Source Verified,home_improvement,6.64,1,703,49.2,Fully Paid
32500,60 months,19.64,854.55,E,10+ years,MORTGAGE,52700,Not Verified,debt_consolidation,9.85,0,654,55.9,Fully Paid
11200,36 months,9.68,359.71,B,10+ years,MORTGAGE,143200,Verified,debt_consolidation,16.01,0,724,60.4,Charged Off
8500,60 months,6.33,165.64,A,10+ years,MORTGAGE,74000,Source Verified,debt_consolidation,24.59,1,722,26.8,Fully Paid
13900,36 months,11.26,456.78,B,10+ years,RENT,64400,Not Verified,credit_card,7.5,0,699,81.9,Fully Paid
18900,60 months,11.53,415.94,C,10+ years,OWN,87000,Verified,debt_consolidation,19.6,0,718,60.5,Fully Paid
24300,36 months,5.7,735.95,A,10+ years,RENT,34600,Not Verified,debt_consolidation,33.91,0,773,27.0,Fully Paid
2600,36 months,13.23,87.89,C,10+ years,MORTGAGE,36200,Verified,debt_consolidation,39.03,0,735,65.0,Charged Off
17700,36 months,12.51,592.21,C,5 years,MORTGAGE,119900,Verified,debt_consolidation,10.47,0,697,57.0,Charged Off
27800,36 months,21.51,1054.66,F,< 1 year,RENT,87400,Verified,debt_consolidation,24.05,0,661,54.1,Charged Off
10500,36 months,10.34,340.48,B,9 years,MORTGAGE,69200,Not Verified,debt_consolidation,12.19,0,725,83.8,Fully Paid
19300,36 months,6.35,590.21,A,5 years,MORTGAGE,51900,Source Verified,debt_consolidation,5.6,0,746,86.5,Fully Paid
15300,36 months,13.21,517.07,C,10+ years,MORTGAGE,72800,Not Verified,small_business,10.77,0,697,78.8,Fully Paid
14200,36 months,13.15,479.48,C,6 years,OWN,36900,Source Verified,debt_consolidation,24.28,0,691,39.9,Charged Off
13300,36 months,23.93,521.31,F,3 years,RENT,112500,Not Verified,debt_consolidation,15.92,0,653,72.4,Charged Off
5700,60 months,15.6,137.4,C,9 years,RENT,35900,Source Verified,credit_card,10.39,1,700,69.2,Fully Paid
17300,36 months,20.11,643.9,E,10+ years,RENT,93800,Verified,debt_consolidation,15.52,0,666,58.7,Fully Paid
38700,36 months,12.56,1295.77,C,7 years,MORTGAGE,115600,Not Verified,credit_card,34.37,0,694,45.7,Fully Paid
8300,60 months,15.03,197.59,C,9 years,MORTGAGE,142500,Source Verified,debt_consolidation,12.28,0,689,62.9,Fully Paid
8600,36 months,17.4,308.33,E,4 years,RENT,45700,Source Verified,debt_consolidation,12.79,0,661,49.5,Fully Paid
4800,36 months,28.22,199.12,F,10+ years,RENT,47900,Source Verified,debt_consolidation,17.99,0,675,33.7,Fully Paid
6200,36 months,14.7,214.02,C,4 years,RENT,74200,Not Verified,debt_consolidation,14.23,0,712,53.4,Fully Paid
15000,60 months,9.71,316.57,B,10+ years,MORTGAGE,38600,Not Verified,credit_card,34.33,0,709,68.4,Fully Paid
12400,36 months,11.02,406.08,C,3 years,MORTGAGE,60600,Source Verified,debt_consolidation,2.51,1,681,39.2,Fully Paid
14600,36 months,12.68,489.68,C,10+ years,OTHER,203000,Source Verified,debt_consolidation,37.53,0,680,21.3,Fully Paid
15000,60 months,16.18,366.21,D,2 years,OTHER,49900,Not Verified,debt_consolidation,15.85,0,680,31.6,Charged Off
10300,60 months,14.84,244.17,C,10+ years,MORTGAGE,69800,Source Verified,credit_card,20.43,1,690,62.2,Fully Paid
5100,36 months,8.82,161.75,B,10+ years,RENT,50100,Source Verified,debt_consolidation,9.97,0,719,64.9,Fully Paid
5200,60 months,16.97,129.15,D,10+ years,MORTGAGE,52100,Not Verified,debt_consolidation,42.96,0,680,34.4,Charged Off
20000,36 months,19.15,734.64,E,1 year,MORTGAGE,26400,Source Verified,home_improvement,5.08,0,675,53.8,Charged Off
21500,36 months,12.86,722.97,C,< 1 year,MORTGAGE,39100,Not Verified,debt_consolidation,20.28,0,698,4.8,Fully Paid
12900,36 months,16.99,459.86,C,,MORTGAGE,28200,Source Verified,debt_consolidation,17.75,0,692,91.3,Fully Paid
10700,60 months,20.15,284.38,E,10+ years,RENT,48800,Not Verified,debt_consolidation,43.59,0,673,84.8,Charged Off
21300,60 months,10.05,453.09,B,4 years,RENT,47200,Verified,credit_card,16.64,0,699,45.8,Fully Paid
38100,60 months,14.05,887.51,C,4 years,RENT,80700,Not Verified,credit_card,18.35,2,705,50.7,Charged Off
14000,36 months,6.1,426.54,A,10+ years,MORTGAGE,35700,Verified,home_improvement,16.92,1,746,41.8,Charged Off
14700,36 months,9.82,473.09,B,5 years,RENT,109200,Not Verified,home_improvement,27.09,0,736,52.2,Fully Paid
15100,60 months,25.07,443.82,F,2 years,MORTGAGE,39800,Source Verified,credit_card,6.96,0,659,53.3,Fully Paid
31300,60 months,7.69,630.02,A,10+ years,OWN,33100,Verified,debt_consolidation,11.53,0,724,14.1,Fully Paid
5100,60 months,8.36,104.29,B,10+ years,MORTGAGE,58500,Verified,debt_consolidation,50.0,0,697,74.9,Charged Off
12100,36 months,11.74,400.39,C,3 years,MORTGAGE,160000,Not Verified,car,43.97,2,700,57.0,Charged Off
16500,36 months,12.68,553.41,B,10+ years,MORTGAGE,55000,Source Verified,debt_consolidation,26.56,0,713,4.8,Fully Paid
2600,36 months,10.79,84.86,B,4 years,OWN,49000,Source Verified,debt_consolidation,16.52,2,711,53.9,Fully Paid
19100,60 months,7.72,384.72,A,10+ years,MORTGAGE,34800,Verified,home_improvement,48.72,0,731,49.6,Charged Off
6500,60 months,17.32,162.66,D,3 years,RENT,65300,Not Verified,debt_consolidation,22.07,1,689,25.2,Fully Paid
18400,60 months,11.47,404.39,B,4 years,MORTGAGE,59000,Source Verified,major_purchase,16.8,0,713,48.1,Fully Paid
8300,36 months,9.21,264.75,B,2 years,MORTGAGE,105100,Verified,debt_consolidation,15.14,0,732,56.0,Fully Paid
23100,36 months,7.4,717.49,A,10+ years,OWN,61900,Source Verified,debt_consolidation,27.65,0,756,76.4,Fully Paid
27200,36 months,12.65,911.9,B,2 years,MORTGAGE,18300,Verified,credit_card,15.19,1,713,86.7,Fully Paid
6300,60 months,15.58,151.8,C,6 years,MORTGAGE,64700,Source Verified,credit_card,8.78,1,679,32.6,Fully Paid
4100,60 months,13.14,93.58,C,1 year,MORTGAGE,30500,Source Verified,major_purchase,14.62,0,683,48.9,Fully Paid
13800,36 months,10.74,450.1,B,10+ years,MORTGAGE,43000,Source Verified,home_improvement,23.47,0,733,55.0,Fully Paid
14800,36 months,10.78,482.99,B,10+ years,RENT,144500,Verified,credit_card,7.21,0,726,70.2,Fully Paid
9600,60 months,6.02,185.68,A,2 years,RENT,73500,Source Verified,credit_card,26.89,0,777,33.2,Fully Paid
9900,36 months,13.54,336.15,C,10+ years,MORTGAGE,50400,Not Verified,debt_consolidation,14.06,1,699,42.1,Fully Paid
4400,36 months,14.56,151.58,C,10+ years,OWN,31400,Not Verified,home_improvement,16.08,0,692,64.9,Fully Paid
9100,36 months,12.55,304.65,C,10+ years,MORTGAGE,74200,Not Verified,credit_card,9.3,0,714,25.8,Fully Paid
5600,36 months,11.19,183.84,C,,RENT,35000,Not Verified,debt_consolidation,20.65,0,702,72.3,Fully Paid
6300,60 months,7.4,125.94,A,10+ years,MORTGAGE,178100,Not Verified,credit_card,14.98,1,763,70.1,Fully Paid
10000,36 months,13.48,339.26,C,7 years,RENT,102000,Not Verified,debt_consolidation,13.71,1,693,57.5,Fully Paid
8800,60 months,19.13,228.91,E,5 years,RENT,28300,Verified,debt_consolidation,23.14,0,673,27.6,Fully Paid
10900,60 months,20.57,292.25,E,7 years,MORTGAGE,40800,Source Verified,other,8.93,1,672,,Charged Off
35500,36 months,10.66,1156.52,B,3 years,MORTGAGE,86200,Not Verified,debt_consolidation,13.94,0,710,76.5,Fully Paid
4100,60 months,6.87,80.93,A,< 1 year,RENT,46100,Verified,debt_consolidation,7.58,0,748,80.9,Fully Paid
18600,36 months,12.69,623.93,C,10+ years,RENT,71300,Verified,small_business,20.83,0,696,76.5,Fully Paid
16600,36 months,10.47,539.31,B,1 year,MORTGAGE,77300,Not Verified,other,26.68,0,735,,Fully Paid
6600,36 months,9.68,211.97,B,< 1 year,MORTGAGE,40300,Source Verified,debt_consolidation,8.11,0,725,41.5,Fully Paid
12000,36 months,9.33,383.44,B,2 years,RENT,78300,Verified,credit_card,16.68,0,708,14.3,Fully Paid
15500,36 months,11.01,507.52,B,10+ years,MORTGAGE,81300,Verified,debt_consolidation,29.05,0,696,23.8,Fully Paid
20000,60 months,14.49,470.46,C,1 year,MORTGAGE,40500,Source Verified,credit_card,16.78,1,720,57.6,Fully Paid
16900,36 months,11.95,560.92,B,2 years,RENT,65200,Verified,other,19.11,0,696,65.1,Charged Off
8500,36 months,9.89,273.83,B,4 years,MORTGAGE,190500,Not Verified,credit_card,11.89,0,733,23.2,Fully Paid
10500,36 months,11.62,346.85,B,10+ years,MORTGAGE,71400,Verified,debt_consolidation,12.22,0,710,71.2,Fully Paid
21400,36 months,17.07,763.71,D,6 years,RENT,84100,Verified,credit_card,13.43,0,693,84.6,Fully Paid
5700,36 months,14.69,196.73,D,10+ years,MORTGAGE,82900,Verified,credit_card,8.45,0,692,59.0,Fully Paid
8600,36 months,13.95,293.72,C,10+ years,OWN,61400,Source Verified,debt_consolidation,8.6,0,685,82.1,Fully Paid
9800,60 months,10.33,209.82,B,10+ years,MORTGAGE,95900,Verified,credit_card,19.79,0,713,52.3,Fully Paid
16700,36 months,17.85,602.49,D,5 years,MORTGAGE,71100,Source Verified,credit_card,11.69,1,693,61.3,Fully Paid
8000,60 months,9.1,166.46,B,10+ years,RENT,21000,Source Verified,debt_consolidation,12.5,0,720,83.3,Fully Paid
13100,36 months,14.25,449.32,C,3 years,MORTGAGE,23600,Not Verified,credit_card,13.8,0,715,26.6,Fully Paid
17800,36 months,9.58,570.85,B,2 years,RENT,98000,Source Verified,debt_consolidation,16.2,1,711,14.6,Fully Paid
18200,60 months,19.26,474.73,D,5 years,RENT,46100,Verified,debt_consolidation,8.53,0,687,23.7,Fully Paid
14500,60 months,17.03,360.6,D,7 years,MORTGAGE,49100,Verified,debt_consolidation,11.76,0,669,69.9,Fully Paid
22400,36 months,13.47,759.83,C,1 year,MORTGAGE,67300,Verified,debt_consolidation,22.08,0,697,72.0,Fully Paid
35800,36 months,15.03,1241.54,C,< 1 year,RENT,39400,Not Verified,debt_consolidation,23.36,0,720,51.0,Fully Paid
9900,60 months,26.65,300.23,G,2 years,MORTGAGE,32000,Verified,credit_card,4.57,0,670,48.0,Fully Paid
24000,36 months,12.72,805.42,B,4 years,MORTGAGE,35100,Verified,debt_consolidation,19.5,0,709,31.8,Fully Paid
17100,36 months,12.31,570.5,C,10+ years,MORTGAGE,75100,Verified,debt_consolidation,20.0,0,699,45.9,Fully Paid
17000,60 months,13.75,393.36,D,10+ years,RENT,154100,Verified,debt_consolidation,11.31,0,715,63.6,Fully Paid
10900,36 months,9.47,349.01,B,2 years,MORTGAGE,64400,Not Verified,debt_consolidation,15.48,0,694,44.4,Fully Paid
8800,60 months,11.71,194.46,B,6 years,RENT,69200,Source Verified,debt_consolidation,19.11,0,709,43.4,Charged Off
13800,36 months,16.32,487.35,D,10+ years,MORTGAGE,29900,Verified,debt_consolidation,10.21,0,683,41.0,Fully Paid
13700,36 months,6.13,417.59,A,10+ years,RENT,82700,Not Verified,debt_consolidation,30.72,0,752,47.1,Fully Paid
9100,36 months,10.76,296.89,B,4 years,MORTGAGE,146500,Source Verified,car,13.65,1,720,45.8,Charged Off
13100,36 months,19.16,481.25,D,10+ years,RENT,108100,Source Verified,credit_card,17.75,0,711,30.2,Fully Paid
25900,60 months,11.04,563.65,B,7 years,MORTGAGE,72200,Source Verified,major_purchase,8.85,0,714,69.9,Fully Paid
5400,36 months,7.04,166.84,A,10+ years,MORTGAGE,80100,Source Verified,debt_consolidation,7.79,1,727,80.1,Fully Paid
11500,36 months,17.05,410.29,D,8 years,RENT,40700,Verified,small_business,14.33,1,671,15.7,Charged Off
10700,36 months,16.53,378.99,D,6 years,RENT,89200,Source Verified,debt_consolidation,38.19,0,686,24.4,Fully Paid
13200,60 months,8.24,269.17,A,< 1 year,OWN,138600,Verified,other,13.67,0,745,58.2,Fully Paid
40000,36 months,7.15,1237.83,A,3 years,MORTGAGE,52300,Verified,debt_consolidation,10.23,0,763,28.4,Fully Paid
9400,36 months,15.76,329.36,C,4 years,MORTGAGE,31100,Source Verified,home_improvement,27.59,0,687,72.8,Fully Paid
8000,60 months,11.42,175.62,C,10+ years,MORTGAGE,90000,Source Verified,credit_card,19.92,1,707,52.2,Fully Paid
15400,36 months,11.94,511.06,B,1 year,RENT,31500,Source Verified,debt_consolidation,16.78,0,729,56.4,Fully Paid
11800,36 months,9.34,377.11,B,10+ years,RENT,125000,Not Verified,car,27.49,1,695,20.4,Fully Paid
12600,36 months,9.68,404.68,B,4 years,MORTGAGE,75000,Not Verified,small_business,20.51,0,728,76.2,Fully Paid
17300,36 months,7.78,540.37,B,,RENT,80000,Not Verified,debt_consolidation,19.7,0,728,28.8,Fully Paid
19200,36 months,6.31,586.8,A,7 years,RENT,98500,Not Verified,credit_card,10.64,0,750,69.6,Fully Paid
4700,60 months,17.67,118.51,D,5 years,MORTGAGE,138800,Not Verified,debt_consolidation,12.08,0,689,46.6,Fully Paid
13800,36 months,7.56,429.65,A,2 years,RENT,160400,Verified,credit_card,8.78,0,747,77.1,Fully Paid
11800,60 months,7.63,237.18,A,10+ years,RENT,106500,Not Verified,credit_card,16.98,2,743,34.1,Charged Off
24900,36 months,11.2,817.55,B,9 years,MORTGAGE,34700,Not Verified,debt_consolidation,12.12,0,737,36.1,Fully Paid
19300,36 months,12.39,644.64,C,2 years,OWN,87900,Verified,debt_consolidation,10.85,0,711,78.6,Fully Paid
23300,60 months,13.9,540.94,C,10+ years,MORTGAGE,22100,Verified,credit_card,9.65,0,683,44.1,Fully Paid
23500,60 months,15.51,565.37,C,7 years,MORTGAGE,20000,Verified,credit_card,32.36,1,718,57.9,Fully Paid
31800,36 months,12.89,1069.78,C,5 years,RENT,69800,Source Verified,medical,30.08,1,704,19.9,Charged Off
5300,36 months,15.37,184.69,D,6 years,MORTGAGE,27700,Verified,debt_consolidation,30.36,0,677,69.8,Charged Off
17100,60 months,11.62,377.1,B,1 year,RENT,81700,Source Verified,debt_consolidation,11.02,1,704,21.4,Fully Paid
26800,60 months,9.18,558.67,B,7 years,RENT,38900,Not Verified,debt_consolidation,21.81,0,713,36.1,Charged Off
20200,36 months,14.98,700.04,D,5 years,RENT,81300,Not Verified,debt_consolidation,7.43,0,676,39.5,Fully Paid
15100,36 months,12.94,508.34,C,9 years,MORTGAGE,78100,Not Verified,debt_consolidation,20.48,1,674,57.9,Fully Paid
12100,60 months,11.68,267.21,B,8 years,RENT,71900,Not Verified,debt_consolidation,25.43,0,707,39.0,Charged Off
12600,36 months,14.43,433.27,C,10+ years,RENT,35800,Verified,debt_consolidation,22.12,0,698,56.0,Fully Paid
40000,36 months,12.06,1329.72,C,5 years,RENT,56300,Not Verified,debt_consolidation,31.59,0,719,53.8,Charged Off
11600,36 months,12.49,388.01,C,1 year,RENT,44700,Source Verified,credit_card,16.99,0,716,56.4,Fully Paid
16300,60 months,11.5,358.48,B,9 years,MORTGAGE,29900,Not Verified,debt_consolidation,27.13,0,698,81.7,Fully Paid
11500,36 months,10.8,375.41,B,10+ years,RENT,165700,Source Verified,medical,17.39,0,731,28.0,Fully Paid
20400,36 months,10.94,667.29,B,10+ years,RENT,88600,Not Verified,debt_consolidation,24.17,1,704,26.7,Charged Off
4200,36 months,10.86,137.22,B,9 years,OWN,66300,Source Verified,debt_consolidation,20.98,1,718,11.9,Fully Paid
12800,36 months,13.83,436.42,C,2 years,MORTGAGE,46300,Source Verified,debt_consolidation,38.0,0,693,29.7,Fully Paid
8400,60 months,21.48,229.52,E,4 years,MORTGAGE,74100,Source Verified,debt_consolidation,15.41,0,689,69.6,Fully Paid
11600,36 months,9.19,369.9,B,8 years,MORTGAGE,115200,Source Verified,debt_consolidation,6.46,1,695,40.4,Fully Paid
20000,36 months,9.72,642.72,B,4 years,MORTGAGE,185500,Not Verified,major_purchase,11.87,1,693,37.1,Fully Paid
25100,36 months,13.68,853.96,C,10+ years,RENT,52500,Not Verified,debt_consolidation,14.17,0,692,82.6,Fully Paid
16400,60 months,11.25,358.62,B,5 years,MORTGAGE,43200,Verified,debt_consolidation,19.79,0,704,38.8,Fully Paid
2900,36 months,13.96,99.06,C,3 years,MORTGAGE,56700,Source Verified,home_improvement,8.1,1,719,70.4,Fully Paid
16200,60 months,24.47,470.47,F,10+ years,RENT,54900,Verified,debt_consolidation,32.26,0,683,84.2,Charged Off
11200,60 months,11.37,245.59,B,2 years,OWN,133500,Not Verified,debt_consolidation,19.3,0,691,44.4,Fully Paid
12000,36 months,9.56,384.73,B,5 years,MORTGAGE,14600,Verified,credit_card,9.63,0,721,4.7,Fully Paid
22500,36 months,13.11,759.31,C,6 years,MORTGAGE,51100,Verified,credit_card,16.75,2,698,11.2,Fully Paid
24000,60 months,10.45,515.26,C,10+ years,RENT,118600,Verified,credit_card,15.08,1,694,53.5,Fully Paid
8300,36 months,13.1,280.06,C,< 1 year,RENT,45900,Not Verified,debt_consolidation,17.1,0,697,87.7,Fully Paid
10100,60 months,22.79,283.51,F,< 1 year,MORTGAGE,126100,Not Verified,credit_card,13.35,0,654,31.7,Charged Off
18100,36 months,13.0,609.86,C,9 years,OTHER,34500,Source Verified,debt_consolidation,11.84,0,717,53.3,Fully Paid
9200,36 months,14.8,318.02,D,7 years,RENT,92500,Verified,debt_consolidation,13.47,0,676,46.4,Fully Paid
4400,36 months,11.1,144.26,C,1 year,MORTGAGE,73800,Source Verified,debt_consolidation,20.13,1,720,30.3,Fully Paid
15300,36 months,10.08,494.26,B,3 years,OWN,16500,Not Verified,debt_consolidation,17.59,1,702,79.9,Charged Off
40000,60 months,9.94,848.7,B,9 years,RENT,26300,Verified,credit_card,19.85,0,739,64.8,Charged Off
14300,36 months,15.49,499.15,D,10+ years,RENT,73400,Verified,debt_consolidation,10.91,0,679,47.9,Fully Paid
11000,36 months,23.05,426.09,E,10+ years,RENT,16600,Not Verified,debt_consolidation,36.42,1,654,85.0,Fully Paid
9000,60 months,11.33,197.17,B,10+ years,MORTGAGE,105200,Not Verified,debt_consolidation,31.98,0,726,64.9,Charged Off
16200,36 months,12.72,543.66,C,10+ years,RENT,147800,Source Verified,debt_consolidation,21.89,0,691,10.5,Fully Paid
7300,36 months,9.41,233.53,B,4 years,OTHER,129900,Verified,debt_consolidation,22.2,0,708,52.9,Fully Paid
9400,36 months,9.89,302.83,B,10+ years,MORTGAGE,65200,Not Verified,medical,8.55,1,729,80.0,Fully Paid
6400,36 months,6.55,196.3,A,10+ years,MORTGAGE,73300,Verified,debt_consolidation,14.97,0,745,40.4,Fully Paid
16800,36 months,22.18,643.17,E,10+ years,RENT,117400,Not Verified,small_business,21.21,2,656,29.4,Fully Paid
25000,60 months,5.0,471.78,A,< 1 year,MORTGAGE,19300,Verified,other,26.61,1,739,70.9,Fully Paid
32700,36 months,7.01,1009.83,A,5 years,MORTGAGE,27900,Verified,credit_card,8.09,1,752,43.0,Fully Paid
40000,60 months,8.46,819.89,A,10+ years,OWN,37000,Not Verified,debt_consolidation,29.04,1,771,92.3,Fully Paid
10400,36 months,13.63,353.58,C,5 years,MORTGAGE,59700,Verified,debt_consolidation,12.84,0,689,16.4,Fully Paid
13700,60 months,6.05,265.18,A,5 years,RENT,136200,Verified,medical,17.54,0,752,28.2,Fully Paid
26600,36 months,17.48,954.73,D,7 years,RENT,74600,Not Verified,debt_consolidation,20.95,0,673,78.1,Fully Paid
9300,36 months,10.48,302.19,B,1 year,RENT,39000,Verified,major_purchase,31.6,0,719,67.5,Charged Off
12100,60 months,13.22,276.68,C,10+ years,OWN,205700,Not Verified,home_improvement,23.5,0,699,66.7,Fully Paid
7600,60 months,20.87,205.05,E,2 years,MORTGAGE,68900,Not Verified,debt_consolidation,16.49,1,698,56.4,Fully Paid
8500,36 months,17.78,306.36,E,7 years,RENT,172100,Verified,debt_consolidation,23.53,0,668,44.4,Fully Paid
18500,36 months,7.46,575.13,A,4 years,MORTGAGE,130200,Verified,debt_consolidation,12.85,0,748,42.4,Fully Paid
11800,36 months,10.46,383.31,B,10+ years,MORTGAGE,55400,Not Verified,home_improvement,23.48,1,719,69.4,Fully Paid
7800,36 months,17.48,279.96,D,4 years,RENT,88100,Not Verified,debt_consolidation,13.19,1,679,56.4,Fully Paid
13500,36 months,16.68,479.16,D,9 years,MORTGAGE,239000,Verified,credit_card,2.98,0,663,73.7,Fully Paid
17600,60 months,10.99,382.58,B,10+ years,MORTGAGE,28900,Not Verified,medical,20.95,0,696,80.9,Fully Paid
22400,36 months,13.61,761.34,C,< 1 year,RENT,39900,Verified,debt_consolidation,16.31,0,683,71.5,Fully Paid
2900,36 months,9.99,93.56,B,2 years,OWN,41400,Verified,debt_consolidation,9.6,1,700,50.7,Fully Paid
7500,36 months,11.66,247.89,B,10+ years,RENT,99300,Source Verified,small_business,12.16,0,726,20.7,Fully Paid
9100,36 months,20.79,341.86,E,2 years,MORTGAGE,44900,Verified,debt_consolidation,16.18,0,680,72.1,Fully Paid
10800,36 months,8.91,342.98,B,4 years,MORTGAGE,79400,Verified,debt_consolidation,5.54,0,717,46.3,Fully Paid
8600,36 months,12.46,287.54,C,10+ years,RENT,98800,Verified,debt_consolidation,9.36,0,685,39.6,Fully Paid
23900,36 months,7.72,745.86,A,10+ years,RENT,26500,Verified,credit_card,30.47,0,756,71.2,Fully Paid
10900,36 months,9.08,347.02,B,3 years,RENT,82600,Verified,home_improvement,20.54,1,733,43.0,Fully Paid
11700,36 months,9.89,376.92,B,1 year,MORTGAGE,31200,Not Verified,debt_consolidation,9.51,0,719,42.4,Fully Paid
5400,36 months,13.63,183.59,C,6 years,RENT,101400,Verified,debt_consolidation,15.03,0,727,74.0,Fully Paid
9700,36 months,11.79,321.21,B,3 years,OWN,120500,Not Verified,credit_card,16.48,0,735,53.3,Fully Paid
8800,36 months,16.17,310.12,D,10+ years,MORTGAGE,107300,Verified,debt_consolidation,34.13,0,665,61.4,Charged Off
9300,60 months,7.27,185.34,A,6 years,MORTGAGE,74600,Not Verified,credit_card,43.44,0,756,12.0,Fully Paid
3400,60 months,12.95,77.27,C,7 years,RENT,27400,Not Verified,debt_consolidation,7.92,0,715,63.0,Fully Paid
5100,36 months,11.0,166.97,C,5 years,MORTGAGE,108300,Verified,credit_card,28.15,0,694,34.5,Fully Paid
6300,60 months,14.14,147.05,D,2 years,MORTGAGE,28300,Not Verified,debt_consolidation,16.86,1,676,74.5,Fully Paid
9300,36 months,11.23,305.48,B,8 years,MORTGAGE,42000,Not Verified,medical,17.6,0,720,22.6,Fully Paid
14200,36 months,17.09,506.9,D,,MORTGAGE,70500,Verified,home_improvement,8.31,0,689,60.2,Fully Paid
20400,36 months,17.52,732.61,D,10+ years,MORTGAGE,44900,Source Verified,debt_consolidation,14.89,2,687,39.1,Fully Paid
12200,36 months,8.26,383.77,A,10+ years,MORTGAGE,38800,Not Verified,major_purchase,13.21,0,761,58.4,Fully Paid
9800,60 months,9.12,204.0,B,10+ years,MORTGAGE,78100,Verified,debt_consolidation,7.97,0,698,27.0,Fully Paid
19500,36 months,11.34,641.55,B,4 years,MORTGAGE,22200,Not Verified,credit_card,20.42,0,715,48.8,Charged Off
29700,36 months,15.5,1036.85,D,10+ years,OWN,86000,Not Verified,home_improvement,13.59,0,694,43.1,Fully Paid
18200,36 months,9.98,587.09,B,10+ years,MORTGAGE,44400,Source Verified,car,24.12,0,712,50.9,Fully Paid
10500,60 months,25.47,311.09,F,10+ years,OWN,131900,Verified,credit_card,21.14,0,653,29.2,Charged Off
25700,36 months,6.76,790.72,A,5 years,RENT,120400,Verified,debt_consolidation,10.49,0,761,13.5,Fully Paid
19800,36 months,12.38,661.24,C,5 years,MORTGAGE,79500,Not Verified,home_improvement,28.2,0,695,32.9,Fully Paid
14400,36 months,12.39,480.97,C,10+ years,RENT,42600,Verified,major_purchase,49.11,2,708,55.6,Charged Off
11700,36 months,10.14,378.3,B,10+ years,MORTGAGE,81300,Source Verified,debt_consolidation,15.28,0,735,10.9,Fully Paid
15100,60 months,7.77,304.51,A,4 years,RENT,159300,Verified,debt_consolidation,12.58,1,757,86.5,Fully Paid
6000,36 months,9.08,191.02,B,1 year,MORTGAGE,100600,Not Verified,credit_card,7.89,0,718,35.9,Fully Paid
5300,60 months,11.94,117.73,B,3 years,RENT,73100,Source Verified,debt_consolidation,20.67,0,720,31.9,Fully Paid
26900,60 months,10.05,572.21,B,10+ years,RENT,67600,Source Verified,credit_card,11.42,1,709,86.9,Fully Paid
30200,36 months,7.04,933.04,A,3 years,MORTGAGE,63200,Not Verified,debt_consolidation,19.03,0,759,70.3,Fully Paid
6100,36 months,13.34,206.53,C,8 years,MORTGAGE,49900,Source Verified,home_improvement,19.4,1,682,36.4,Fully Paid
28400,36 months,11.26,933.28,B,4 years,RENT,140300,Source Verified,debt_consolidation,27.91,0,712,47.0,Fully Paid
9100,36 months,13.04,306.79,C,9 years,MORTGAGE,33800,Source Verified,debt_consolidation,13.4,1,702,48.0,Fully Paid
6500,36 months,12.71,218.1,C,10+ years,OWN,46200,Verified,credit_card,11.21,1,694,14.0,Fully Paid
17700,60 months,10.31,378.78,B,5 years,MORTGAGE,189100,Source Verified,debt_consolidation,9.71,0,702,19.2,Fully Paid
6900,60 months,11.96,153.35,B,10+ years,MORTGAGE,38100,Source Verified,credit_card,14.43,0,722,31.6,Fully Paid
13800,36 months,16.0,485.17,C,9 years,RENT,48300,Verified,major_purchase,15.12,0,695,52.7,Fully Paid
18000,60 months,11.59,396.68,B,2 years,MORTGAGE,149900,Not Verified,credit_card,12.52,0,723,27.3,Fully Paid
13600,36 months,16.46,481.23,D,5 years,RENT,147300,Source Verified,car,22.65,0,686,42.3,Fully Paid
12600,36 months,12.04,418.74,B,4 years,MORTGAGE,107300,Source Verified,debt_consolidation,11.68,0,717,83.2,Fully Paid
5400,36 months,6.57,165.68,A,5 years,MORTGAGE,42300,Source Verified,debt_consolidation,19.09,0,736,44.9,Fully Paid
6300,36 months,5.87,191.29,A,10+ years,MORTGAGE,48400,Verified,debt_consolidation,16.27,0,731,73.2,Fully Paid
15500,36 months,7.52,482.29,A,3 years,MORTGAGE,22300,Source Verified,debt_consolidation,5.0,1,752,72.0,Fully Paid
12300,36 months,19.14,451.74,E,10+ years,MORTGAGE,120000,Verified,credit_card,22.2,0,665,65.6,Fully Paid
8600,36 months,16.46,304.31,D,10+ years,RENT,23800,Not Verified,debt_consolidation,6.76,0,668,32.2,Fully Paid
8600,36 months,19.55,317.64,E,5 years,RENT,125400,Not Verified,debt_consolidation,9.98,0,661,43.1,Fully Paid
7400,36 months,7.5,230.19,A,6 years,MORTGAGE,60000,Source Verified,major_purchase,25.88,0,768,16.1,Fully Paid
11700,60 months,27.69,362.1,G,5 years,RENT,76000,Not Verified,credit_card,10.68,0,631,73.5,Charged Off
8700,60 months,10.3,186.14,B,10+ years,MORTGAGE,70400,Not Verified,debt_consolidation,17.54,0,717,45.9,Fully Paid
11800,36 months,20.2,439.73,E,10+ years,MORTGAGE,115900,Not Verified,credit_card,13.37,2,667,57.7,Fully Paid
20700,36 months,7.32,642.19,A,10+ years,MORTGAGE,35400,Not Verified,debt_consolidation,39.48,0,763,75.2,Fully Paid
27900,36 months,13.47,946.39,C,10+ years,MORTGAGE,34300,Source Verified,debt_consolidation,11.71,0,687,62.3,Fully Paid
23700,60 months,15.16,565.81,C,3 years,MORTGAGE,78500,Source Verified,home_improvement,15.29,0,713,54.9,Charged Off
10400,36 months,15.76,364.4,C,1 year,MORTGAGE,225200,Source Verified,debt_consolidation,13.56,0,690,61.1,Fully Paid
6100,36 months,13.14,205.94,C,10+ years,MORTGAGE,92800,Source Verified,debt_consolidation,19.06,0,701,39.3,Fully Paid
31200,36 months,8.42,983.75,B,,MORTGAGE,138900,Source Verified,debt_consolidation,21.77,0,716,44.7,Fully Paid
5700,36 months,19.81,211.28,E,10+ years,MORTGAGE,59800,Not Verified,debt_consolidation,31.03,0,676,28.4,Fully Paid
8800,60 months,7.93,178.14,A,1 year,RENT,87200,Not Verified,debt_consolidation,43.07,0,739,41.5,Charged Off
8300,60 months,17.17,207.04,D,10+ years,RENT,54400,Not Verified,debt_consolidation,11.92,0,672,45.3,Fully Paid
10100,36 months,7.06,312.14,A,3 years,RENT,33700,Not Verified,debt_consolidation,14.98,2,739,41.8,Fully Paid
17800,36 months,14.53,612.95,C,5 years,MORTGAGE,37700,Source Verified,debt_consolidation,19.33,0,710,55.2,Fully Paid
17700,36 months,16.46,626.31,D,9 years,OWN,76200,Not Verified,debt_consolidation,27.61,1,687,21.0,Fully Paid
40000,60 months,14.69,945.1,C,10+ years,MORTGAGE,109900,Verified,other,22.76,1,683,69.6,Fully Paid
14600,36 months,10.64,475.5,B,2 years,OWN,68200,Verified,debt_consolidation,22.47,1,722,68.3,Fully Paid
4700,36 months,9.79,151.19,B,7 years,RENT,102200,Not Verified,home_improvement,29.39,1,732,25.5,Fully Paid
4700,36 months,9.71,151.02,B,10+ years,MORTGAGE,154800,Source Verified,car,10.8,0,716,70.9,Fully Paid
10600,60 months,11.84,234.93,C,2 years,RENT,84900,Not Verified,debt_consolidation,10.47,1,693,19.2,Fully Paid
7300,60 months,16.0,177.52,C,2 years,MORTGAGE,17200,Not Verified,debt_consolidation,7.37,0,701,20.7,Fully Paid
10700,36 months,9.73,343.9,B,8 years,MORTGAGE,107600,Verified,credit_card,26.72,0,713,58.3,Fully Paid
9100,60 months,7.75,183.43,A,10+ years,MORTGAGE,64900,Not Verified,home_improvement,31.6,0,770,50.0,Fully Paid
28600,60 months,7.77,576.76,A,10+ years,RENT,111900,Source Verified,credit_card,21.85,0,759,41.4,Fully Paid
12700,60 months,15.7,306.82,C,8 years,MORTGAGE,48300,Source Verified,debt_consolidation,10.44,0,711,7.5,Fully Paid
6800,36 months,7.21,210.62,A,2 years,OWN,54900,Not Verified,debt_consolidation,11.06,0,736,49.2,Fully Paid
11900,36 months,10.52,386.89,B,,MORTGAGE,159000,Verified,debt_consolidation,13.83,1,706,50.5,Fully Paid
10600,36 months,23.06,410.65,E,5 years,MORTGAGE,27900,Verified,debt_consolidation,10.75,0,649,81.7,Charged Off
19000,60 months,15.43,456.31,C,5 years,MORTGAGE,104800,Source Verified,debt_consolidation,7.47,0,695,78.3,Fully Paid
5200,36 months,16.28,183.54,D,,MORTGAGE,268300,Verified,debt_consolidation,13.66,0,689,52.5,Fully Paid
10300,36 months,15.98,362.02,D,3 years,MORTGAGE,213500,Verified,debt_consolidation,12.41,0,687,73.7,Fully Paid
6300,36 months,5.8,191.09,A,< 1 year,OWN,86100,Verified,debt_consolidation,17.33,0,752,48.0,Fully Paid
8300,36 months,14.53,285.82,C,,RENT,71200,Source Verified,debt_consolidation,18.7,1,710,77.9,Fully Paid
16000,36 months,14.4,549.96,C,2 years,MORTGAGE,115000,Verified,debt_consolidation,13.64,0,697,21.4,Fully Paid
7300,36 months,13.68,248.36,C,10+ years,MORTGAGE,15500,Not Verified,credit_card,9.24,0,702,83.4,Fully Paid
5400,60 months,6.74,106.27,A,10+ years,RENT,24700,Verified,credit_card,7.0,0,739,57.3,Fully Paid
6900,36 months,6.39,211.13,A,4 years,MORTGAGE,72500,Source Verified,debt_consolidation,12.22,0,750,77.2,Fully Paid
3600,36 months,15.53,125.73,D,10+ years,RENT,20300,Verified,home_improvement,22.77,0,681,18.9,Fully Paid
10900,36 months,14.68,376.15,C,10+ years,RENT,71600,Not Verified,credit_card,27.7,0,696,43.7,Fully Paid
11300,36 months,9.87,363.93,B,10+ years,OWN,74400,Source Verified,small_business,26.6,0,709,34.4,Fully Paid
11200,36 months,15.89,393.15,D,,MORTGAGE,55900,Verified,credit_card,24.66,0,686,24.2,Fully Paid
12500,36 months,12.37,417.39,C,5 years,MORTGAGE,104500,Not Verified,debt_consolidation,14.16,1,700,46.0,Fully Paid
6600,60 months,10.89,143.14,B,4 years,RENT,59600,Source Verified,debt_consolidation,25.45,0,708,60.5,Fully Paid
18900,36 months,21.36,715.56,E,2 years,MORTGAGE,50100,Not Verified,credit_card,22.61,1,683,69.1,Fully Paid
12200,36 months,20.04,453.64,D,10+ years,MORTGAGE,32800,Not Verified,medical,50.0,0,689,17.9,Charged Off
30100,36 months,11.17,987.86,B,2 years,MORTGAGE,27900,Verified,debt_consolidation,15.59,0,723,16.7,Fully Paid
9400,36 months,6.49,288.06,A,10+ years,MORTGAGE,148100,Not Verified,debt_consolidation,27.09,0,743,54.0,Charged Off
5500,36 months,19.47,202.92,D,5 years,MORTGAGE,48000,Source Verified,home_improvement,21.36,0,689,26.9,Charged Off
28500,36 months,6.18,869.35,A,1 year,MORTGAGE,102700,Verified,credit_card,10.93,0,743,89.7,Fully Paid
4600,60 months,13.12,104.95,C,5 years,MORTGAGE,83800,Not Verified,debt_consolidation,9.66,0,709,18.3,Fully Paid
13900,36 months,13.33,470.56,C,3 years,MORTGAGE,29600,Not Verified,other,12.11,0,694,11.9,Fully Paid
10800,36 months,6.84,332.68,A,10+ years,MORTGAGE,35400,Verified,debt_consolidation,12.97,0,741,83.1,Fully Paid
40000,36 months,6.79,1231.25,A,10+ years,RENT,49300,Verified,debt_consolidation,16.08,0,750,74.9,Fully Paid
9000,36 months,10.66,293.2,B,1 year,MORTGAGE,66700,Source Verified,debt_consolidation,12.75,1,709,59.0,Charged Off
22900,36 months,6.97,706.77,A,1 year,MORTGAGE,165500,Not Verified,major_purchase,22.09,1,750,10.6,Fully Paid
26300,60 months,16.88,651.93,E,4 years,MORTGAGE,43400,Source Verified,debt_consolidation,38.23,1,672,71.2,Fully Paid
24300,60 months,10.4,521.1,B,10+ years,MORTGAGE,60000,Verified,debt_consolidation,10.56,0,726,91.7,Charged Off
15400,60 months,16.38,377.61,D,3 years,MORTGAGE,44000,Not Verified,debt_consolidation,8.72,0,684,69.4,Fully Paid
18200,60 months,17.03,452.61,D,2 years,MORTGAGE,23700,Verified,other,26.87,0,687,49.4,Charged Off
8900,36 months,13.14,300.48,C,10+ years,RENT,31300,Verified,debt_consolidation,27.34,0,707,39.1,Fully Paid
40000,36 months,7.1,1236.91,A,6 years,RENT,166900,Not Verified,credit_card,13.31,0,736,48.5,Fully Paid
15700,60 months,14.54,369.72,C,< 1 year,RENT,80300,Not Verified,debt_consolidation,6.02,0,699,43.7,Fully Paid
10100,60 months,11.5,222.13,B,7 years,RENT,52800,Verified,debt_consolidation,10.76,0,704,68.9,Fully Paid
9400,36 months,14.96,325.67,C,,MORTGAGE,29400,Source Verified,credit_card,3.41,2,711,54.3,Fully Paid
10500,36 months,9.86,338.12,B,4 years,MORTGAGE,124000,Verified,debt_consolidation,16.58,2,712,23.3,Fully Paid
10800,36 months,19.46,398.4,E,8 years,RENT,116500,Not Verified,debt_consolidation,11.91,0,662,70.5,Charged Off
10200,60 months,7.39,203.85,A,10+ years,OWN,51200,Source Verified,small_business,10.47,0,771,57.3,Fully Paid
17900,60 months,14.76,423.59,D,5 years,RENT,47200,Source Verified,debt_consolidation,18.01,0,692,64.4,Fully Paid
11600,36 months,11.38,381.86,B,1 year,RENT,152400,Not Verified,debt_consolidation,11.65,0,719,80.6,Fully Paid
11800,36 months,7.52,367.16,A,9 years,MORTGAGE,53500,Verified,credit_card,11.37,0,743,80.9,Fully Paid
8400,60 months,10.93,182.34,B,5 years,OWN,36300,Source Verified,car,12.62,1,716,47.5,Fully Paid
15300,36 months,21.9,583.52,E,10+ years,OWN,65600,Verified,debt_consolidation,22.17,0,660,79.7,Fully Paid
7100,60 months,13.78,164.4,C,4 years,RENT,148800,Source Verified,debt_consolidation,20.63,0,696,97.4,Fully Paid
10200,36 months,20.27,380.47,E,< 1 year,MORTGAGE,25400,Source Verified,credit_card,42.9,0,651,47.3,Fully Paid
25000,36 months,11.54,824.88,B,10+ years,MORTGAGE,16600,Verified,debt_consolidation,16.58,0,693,21.0,Fully Paid
13400,36 months,17.96,484.17,E,10+ years,MORTGAGE,16700,Source Verified,credit_card,23.22,3,665,52.2,Charged Off
31500,36 months,12.38,1051.98,B,9 years,MORTGAGE,42500,Not Verified,credit_card,30.28,0,725,62.2,Fully Paid
18100,36 months,7.98,567.02,A,10+ years,MORTGAGE,85000,Not Verified,debt_consolidation,15.35,1,749,70.9,Fully Paid
8500,36 months,12.25,283.34,C,10+ years,RENT,61200,Not Verified,home_improvement,6.99,0,713,55.4,Fully Paid
9600,36 months,11.32,315.75,B,< 1 year,MORTGAGE,62000,Source Verified,debt_consolidation,30.53,1,717,22.3,Fully Paid
8000,36 months,5.94,243.16,A,2 years,MORTGAGE,30200,Verified,debt_consolidation,9.05,0,730,43.4,Fully Paid
10800,60 months,15.28,258.52,C,10+ years,MORTGAGE,77100,Not Verified,debt_consolidation,15.01,0,710,13.9,Fully Paid
11900,36 months,13.48,403.71,C,10+ years,MORTGAGE,90000,Source Verified,debt_consolidation,19.3,0,700,32.7,Charged Off
7000,36 months,16.18,246.72,C,,MORTGAGE,92800,Verified,home_improvement,9.69,1,717,21.7,Fully Paid
6400,36 months,17.2,228.82,D,3 years,MORTGAGE,149600,Verified,debt_consolidation,26.59,0,698,48.2,Charged Off
14500,36 months,9.45,464.14,B,4 years,MORTGAGE,44000,Verified,home_improvement,17.93,0,735,49.2,Fully Paid
25400,36 months,17.83,916.11,D,1 year,MORTGAGE,38200,Not Verified,debt_consolidation,26.45,0,705,45.1,Fully Paid
9600,36 months,12.37,320.56,B,10+ years,MORTGAGE,126300,Not Verified,debt_consolidation,15.86,0,707,35.8,Fully Paid
40000,60 months,17.11,996.47,D,10+ years,MORTGAGE,65000,Verified,debt_consolidation,27.41,1,688,61.7,Charged Off
9700,36 months,10.01,313.04,B,7 years,RENT,96700,Not Verified,debt_consolidation,20.75,0,728,18.0,Fully Paid
5600,36 months,11.88,185.68,B,9 years,OWN,148300,Not Verified,credit_card,13.33,0,709,58.9,Fully Paid
4500,36 months,12.62,150.8,C,1 year,RENT,97200,Source Verified,major_purchase,19.08,0,700,49.9,Fully Paid
20200,36 months,11.26,663.81,C,10+ years,RENT,38400,Not Verified,debt_consolidation,28.68,0,710,77.2,Charged Off
12800,36 months,10.16,413.98,B,6 years,MORTGAGE,41100,Not Verified,debt_consolidation,14.14,1,717,41.6,Fully Paid
19700,36 months,15.4,686.77,D,1 year,MORTGAGE,88700,Source Verified,car,10.89,0,680,55.6,Fully Paid
7100,36 months,10.32,230.17,B,3 years,MORTGAGE,37000,Not Verified,credit_card,9.26,0,712,72.3,Fully Paid
40000,60 months,12.63,902.56,B,10+ years,OWN,37900,Not Verified,debt_consolidation,6.51,0,727,17.9,Fully Paid
10800,36 months,14.78,373.22,C,9 years,RENT,43300,Source Verified,debt_consolidation,15.75,0,702,59.6,Charged Off
24000,36 months,7.02,741.27,A,10+ years,MORTGAGE,47000,Source Verified,debt_consolidation,12.32,0,762,40.9,Fully Paid
11600,60 months,7.06,230.02,A,10+ years,MORTGAGE,57900,Source Verified,debt_consolidation,31.41,0,741,67.8,Fully Paid
11300,60 months,24.05,325.41,G,10+ years,MORTGAGE,81600,Not Verified,debt_consolidation,16.38,0,648,49.3,Fully Paid
6500,60 months,9.82,137.53,B,5 years,RENT,42900,Verified,debt_consolidation,17.84,1,729,30.7,Fully Paid
12900,60 months,12.37,289.37,B,1 year,MORTGAGE,18900,Source Verified,debt_consolidation,32.63,0,716,43.5,Fully Paid
13000,36 months,14.1,444.94,C,5 years,RENT,65800,Not Verified,home_improvement,9.3,0,705,17.0,Fully Paid
7200,36 months,9.92,232.05,B,10+ years,MORTGAGE,52500,Not Verified,debt_consolidation,11.59,0,689,52.5,Charged Off
14900,60 months,11.82,330.09,C,10+ years,MORTGAGE,78000,Verified,medical,27.19,0,707,60.2,Fully Paid
18800,36 months,11.21,617.36,C,7 years,OWN,35200,Verified,credit_card,9.74,0,700,73.3,Fully Paid
19600,36 months,9.69,629.59,B,1 year,RENT,64900,Source Verified,credit_card,14.81,0,717,25.0,Fully Paid
8800,60 months,9.67,185.55,B,4 years,RENT,110100,Source Verified,credit_card,34.07,0,719,32.0,Charged Off
5000,36 months,10.08,161.52,B,9 years,MORTGAGE,30500,Verified,debt_consolidation,18.31,1,724,25.8,Fully Paid
9700,36 months,20.58,363.36,E,4 years,MORTGAGE,124700,Source Verified,debt_consolidation,13.32,0,676,74.3,Charged Off
6000,36 months,11.09,196.69,B,7 years,MORTGAGE,174700,Verified,credit_card,14.06,1,713,26.4,Fully Paid
18100,36 months,17.56,650.37,D,10+ years,MORTGAGE,241100,Source Verified,credit_card,35.45,1,685,2.9,Fully Paid
15200,60 months,13.4,348.97,C,10+ years,OWN,29900,Source Verified,debt_consolidation,30.68,0,707,73.9,Fully Paid
24700,60 months,28.64,778.62,G,1 year,OWN,124400,Source Verified,debt_consolidation,24.84,3,661,32.6,Charged Off
25900,60 months,15.32,620.52,C,2 years,RENT,64100,Verified,home_improvement,8.29,0,710,61.0,Fully Paid
26600,60 months,12.93,604.28,C,10+ years,MORTGAGE,65200,Not Verified,credit_card,11.82,0,725,24.2,Fully Paid
8100,60 months,18.46,207.72,D,10+ years,MORTGAGE,60600,Source Verified,credit_card,15.96,0,700,32.1,Fully Paid
9700,36 months,10.07,313.31,B,8 years,MORTGAGE,30400,Not Verified,credit_card,18.1,0,706,40.2,Fully Paid
8100,36 months,9.48,259.39,B,3 years,MORTGAGE,140900,Verified,debt_consolidation,18.29,0,722,58.0,Fully Paid
5300,36 months,10.64,172.61,B,7 years,RENT,83200,Not Verified,debt_consolidation,28.26,0,718,40.4,Fully Paid
10400,36 months,7.69,324.41,A,9 years,MORTGAGE,63000,Not Verified,medical,13.95,0,739,60.8,Fully Paid
11500,36 months,9.4,367.84,B,8 years,OWN,57700,Verified,debt_consolidation,16.11,0,715,75.9,Charged Off
9000,36 months,12.46,300.91,C,5 years,MORTGAGE,62300,Source Verified,credit_card,18.68,1,705,78.8,Fully Paid
6400,36 months,13.18,216.2,C,,MORTGAGE,118900,Not Verified,small_business,19.83,2,724,50.2,Fully Paid
12400,36 months,14.79,428.58,D,9 years,RENT,372100,Source Verified,debt_consolidation,11.77,0,681,79.2,Fully Paid
8100,36 months,9.31,258.75,B,10+ years,RENT,24600,Not Verified,medical,15.9,1,726,44.9,Fully Paid
12100,36 months,15.53,422.6,C,10+ years,OWN,69100,Not Verified,debt_consolidation,18.15,0,701,60.1,Fully Paid
14800,60 months,17.55,372.21,D,7 years,MORTGAGE,37200,Not Verified,credit_card,20.46,0,691,56.5,Fully Paid
9300,60 months,13.57,214.33,C,10+ years,RENT,48600,Verified,debt_consolidation,39.11,0,693,47.9,Charged Off
22300,36 months,14.15,763.79,D,9 years,OWN,80200,Verified,debt_consolidation,17.28,0,688,28.5,Fully Paid
13700,36 months,7.72,427.54,A,9 years,RENT,98100,Verified,major_purchase,16.28,0,744,70.5,Fully Paid
27700,36 months,11.82,917.66,B,10+ years,OWN,218900,Source Verified,debt_consolidation,15.95,1,725,63.4,Fully Paid
10300,36 months,10.81,336.28,B,5 years,MORTGAGE,98300,Source Verified,credit_card,11.7,0,726,31.8,Fully Paid
6400,36 months,15.09,222.14,D,9 years,RENT,44500,Not Verified,debt_consolidation,12.45,0,686,40.4,Fully Paid
21600,60 months,13.8,500.36,C,9 years,RENT,119300,Source Verified,debt_consolidation,11.68,0,701,21.3,Fully Paid
18600,60 months,11.8,411.87,B,10+ years,RENT,40500,Source Verified,credit_card,19.56,0,718,26.1,Fully Paid
9200,36 months,7.4,285.75,A,10+ years,MORTGAGE,160200,Not Verified,major_purchase,12.88,0,741,33.5,Fully Paid
18300,36 months,15.8,641.57,D,5 years,MORTGAGE,51800,Verified,debt_consolidation,19.98,0,694,70.2,Charged Off
11000,36 months,13.84,375.1,C,10+ years,MORTGAGE,56800,Source Verified,credit_card,9.38,0,709,62.2,Fully Paid
7200,36 months,10.11,232.7,B,10+ years,MORTGAGE,47100,Source Verified,debt_consolidation,16.5,0,715,26.6,Fully Paid
10400,36 months,13.62,353.53,C,10+ years,OWN,72800,Not Verified,debt_consolidation,11.32,0,699,66.4,Fully Paid
7300,36 months,13.64,248.22,C,7 years,RENT,44900,Source Verified,debt_consolidation,26.85,0,701,48.0,Fully Paid
21600,36 months,22.89,834.89,E,< 1 year,RENT,29700,Verified,debt_consolidation,35.0,1,682,74.9,Charged Off
11100,60 months,12.8,251.42,C,10+ years,MORTGAGE,73100,Source Verified,debt_consolidation,37.75,0,695,49.7,Charged Off
18900,36 months,18.45,687.55,D,10+ years,OWN,65600,Verified,debt_consolidation,26.1,0,674,,Fully Paid
9600,36 months,14.3,329.51,C,10+ years,RENT,104700,Source Verified,debt_consolidation,14.68,0,710,87.9,Charged Off
5600,36 months,16.25,197.57,D,10+ years,OWN,112900,Not Verified,debt_consolidation,23.4,0,684,81.8,Charged Off
40000,36 months,8.3,1259.0,B,9 years,MORTGAGE,26600,Source Verified,debt_consolidation,5.49,0,716,31.3,Fully Paid
18000,60 months,24.22,520.12,F,7 years,RENT,70100,Verified,credit_card,12.43,0,674,87.6,Charged Off
18300,36 months,21.03,689.74,E,10+ years,MORTGAGE,104400,Source Verified,debt_consolidation,12.63,0,662,51.9,Charged Off
13700,60 months,10.46,294.2,B,5 years,MORTGAGE,37800,Source Verified,debt_consolidation,11.98,0,707,20.9,Fully Paid
9800,36 months,16.52,347.06,C,2 years,MORTGAGE,48500,Verified,major_purchase,15.88,0,707,34.2,Fully Paid
23700,36 months,21.6,900.22,E,2 years,OTHER,109500,Verified,debt_consolidation,13.33,1,684,88.3,Charged Off
19600,36 months,16.84,697.23,D,7 years,MORTGAGE,60200,Not Verified,credit_card,19.41,0,682,91.0,Charged Off
9300,36 months,10.3,301.4,B,< 1 year,MORTGAGE,50600,Not Verified,debt_consolidation,14.39,0,713,33.9,Charged Off
6300,36 months,10.57,204.97,B,2 years,RENT,26100,Not Verified,debt_consolidation,25.06,0,699,12.9,Fully Paid
8000,36 months,10.28,259.19,B,2 years,MORTGAGE,59400,Source Verified,debt_consolidation,17.15,0,695,29.8,Fully Paid
19700,60 months,6.67,387.02,A,4 years,OWN,35200,Source Verified,credit_card,16.7,0,732,60.2,Charged Off
3800,36 months,9.3,121.37,B,6 years,RENT,53800,Verified,debt_consolidation,23.47,1,706,57.8,Fully Paid
39900,60 months,13.84,925.1,D,10+ years,RENT,223400,Verified,debt_consolidation,18.93,1,681,20.0,Fully Paid
5400,36 months,11.5,178.07,B,3 years,MORTGAGE,31300,Source Verified,debt_consolidation,24.06,0,714,43.9,Fully Paid
23200,60 months,11.52,510.46,B,1 year,RENT,153100,Source Verified,debt_consolidation,29.92,0,719,58.7,Fully Paid
11700,36 months,6.47,358.43,A,2 years,MORTGAGE,35100,Source Verified,debt_consolidation,20.29,0,754,37.8,Fully Paid
12800,60 months,10.5,275.12,B,10+ years,OWN,51300,Source Verified,debt_consolidation,22.32,1,711,26.0,Fully Paid
18000,60 months,15.52,433.15,D,3 years,MORTGAGE,82600,Source Verified,debt_consolidation,11.6,0,674,37.2,Fully Paid
6800,36 months,5.0,203.8,A,2 years,OWN,82700,Verified,credit_card,25.87,1,737,50.7,Fully Paid
16200,36 months,8.46,511.09,B,1 year,RENT,33600,Source Verified,credit_card,20.67,0,736,66.7,Fully Paid
13700,36 months,14.87,474.04,C,10+ years,RENT,21600,Source Verified,credit_card,11.44,0,700,29.0,Fully Paid
8300,36 months,13.07,279.94,C,10+ years,MORTGAGE,115100,Not Verified,debt_consolidation,29.97,0,671,54.7,Charged Off
7300,60 months,14.55,171.95,C,10+ years,MORTGAGE,154900,Source Verified,debt_consolidation,31.58,0,699,41.2,Fully Paid
12300,36 months,13.62,418.12,C,10+ years,RENT,76900,Verified,credit_card,5.13,1,693,54.9,Fully Paid
12400,36 months,10.04,400.35,B,10+ years,MORTGAGE,56900,Not Verified,other,17.66,0,723,43.2,Fully Paid
27200,36 months,12.53,910.33,B,4 years,RENT,190300,Source Verified,debt_consolidation,24.45,0,722,56.2,Charged Off
26300,36 months,14.32,902.96,C,2 years,MORTGAGE,178800,Source Verified,debt_consolidation,28.11,0,691,59.1,Charged Off
17600,36 months,20.47,658.3,F,1 year,OWN,101600,Not Verified,small_business,13.14,0,665,31.0,Charged Off
6200,60 months,15.62,149.52,D,4 years,RENT,91000,Verified,debt_consolidation,6.87,0,681,,Fully Paid
19400,36 months,11.32,638.08,B,2 years,RENT,55400,Not Verified,debt_consolidation,13.59,1,734,56.7,Fully Paid
5900,60 months,12.83,133.73,C,10+ years,MORTGAGE,71100,Not Verified,debt_consolidation,35.71,0,696,26.5,Fully Paid
20400,36 months,10.64,664.4,B,10+ years,MORTGAGE,38400,Not Verified,debt_consolidation,24.22,0,740,78.9,Charged Off
17000,36 months,12.09,565.37,B,10+ years,MORTGAGE,74400,Verified,debt_consolidation,20.32,0,727,40.4,Fully Paid
36000,36 months,18.4,1308.72,D,5 years,MORTGAGE,79500,Source Verified,credit_card,25.2,0,712,57.7,Charged Off
15100,60 months,13.14,344.65,C,3 years,RENT,57600,Source Verified,debt_consolidation,7.83,0,706,80.4,Fully Paid
6900,60 months,16.12,168.23,D,10+ years,OWN,105700,Not Verified,debt_consolidation,26.1,1,684,39.7,Fully Paid
16800,60 months,20.68,451.48,D,10+ years,RENT,35300,Source Verified,debt_consolidation,15.1,0,678,20.2,Charged Off
7700,60 months,6.76,151.6,A,10+ years,RENT,74900,Verified,debt_consolidation,26.9,1,737,53.7,Fully Paid
4500,60 months,8.2,91.68,A,10+ years,MORTGAGE,113000,Verified,debt_consolidation,17.13,2,748,42.6,Fully Paid
9700,60 months,22.93,273.06,F,,MORTGAGE,184300,Not Verified,debt_consolidation,21.78,0,655,65.2,Charged Off
5500,60 months,20.78,148.11,E,4 years,RENT,89800,Not Verified,debt_consolidation,5.02,1,680,59.3,Charged Off
6900,36 months,17.67,248.31,D,10+ years,MORTGAGE,45000,Not Verified,debt_consolidation,39.28,0,676,31.4,Fully Paid
8500,60 months,10.53,182.82,B,10+ years,MORTGAGE,110900,Source Verified,debt_consolidation,19.96,0,719,55.4,Fully Paid
26100,36 months,16.37,922.37,D,7 years,OWN,41000,Verified,credit_card,9.79,1,694,56.3,Fully Paid
19100,36 months,12.84,642.08,C,5 years,MORTGAGE,58000,Source Verified,debt_consolidation,7.2,0,686,,Fully Paid
9000,36 months,14.94,311.72,C,5 years,MORTGAGE,47100,Verified,debt_consolidation,17.73,1,714,52.7,Charged Off
31500,36 months,15.74,1103.41,D,10+ years,MORTGAGE,163000,Source Verified,major_purchase,16.84,2,683,60.1,Fully Paid
13000,36 months,10.47,422.35,B,3 years,RENT,65700,Source Verified,major_purchase,18.69,0,729,44.9,Fully Paid
8100,36 months,19.62,299.46,E,7 years,MORTGAGE,78200,Verified,debt_consolidation,18.31,0,660,48.9,Fully Paid
5400,36 months,10.06,174.39,B,10+ years,MORTGAGE,97400,Not Verified,debt_consolidation,12.3,0,703,76.3,Fully Paid
29200,60 months,11.39,640.57,B,9 years,RENT,98900,Source Verified,major_purchase,17.81,0,724,58.7,Fully Paid
10200,60 months,8.32,208.38,A,5 years,RENT,41400,Source Verified,debt_consolidation,16.19,0,724,31.4,Fully Paid
29400,60 months,22.94,827.79,E,< 1 year,OWN,65000,Not Verified,debt_consolidation,13.22,1,651,24.1,Fully Paid
10800,60 months,17.11,269.05,D,10+ years,OWN,44200,Source Verified,debt_consolidation,16.29,0,660,50.6,Fully Paid
6000,36 months,11.45,197.71,B,9 years,OWN,123600,Source Verified,debt_consolidation,17.39,1,706,73.7,Fully Paid
27200,36 months,8.23,855.24,A,< 1 year,MORTGAGE,60200,Not Verified,debt_consolidation,5.6,0,767,29.1,Fully Paid
13300,36 months,14.8,459.75,C,1 year,MORTGAGE,75900,Not Verified,debt_consolidation,4.92,0,730,31.8,Fully Paid
26300,36 months,12.57,880.71,B,2 years,RENT,23600,Not Verified,debt_consolidation,30.66,0,735,48.3,Charged Off
22300,36 months,6.16,680.03,A,9 years,RENT,31200,Verified,debt_consolidation,19.47,0,753,95.2,Fully Paid
15600,36 months,12.66,523.07,C,10+ years,MORTGAGE,248300,Verified,credit_card,7.87,0,681,19.9,Fully Paid
9300,36 months,13.04,313.53,C,10+ years,RENT,153200,Not Verified,debt_consolidation,33.39,0,708,77.1,Charged Off
10700,60 months,12.98,243.35,C,10+ years,MORTGAGE,56100,Not Verified,other,17.42,0,710,81.2,Charged Off
10100,60 months,11.27,220.96,B,10+ years,MORTGAGE,88100,Verified,credit_card,17.84,0,721,41.2,Fully Paid
14300,36 months,13.14,482.79,C,2 years,RENT,59100,Not Verified,medical,22.4,1,691,59.3,Fully Paid
13700,60 months,6.51,268.12,A,10+ years,MORTGAGE,84500,Verified,credit_card,13.1,0,747,40.5,Fully Paid
16900,36 months,12.05,561.73,C,2 years,MORTGAGE,52400,Not Verified,debt_consolidation,30.96,0,710,32.5,Fully Paid
5600,36 months,9.88,180.38,B,3 years,RENT,81400,Not Verified,debt_consolidation,14.95,0,723,75.9,Fully Paid
6500,36 months,9.76,209.01,B,10+ years,RENT,134100,Not Verified,credit_card,21.76,0,696,22.4,Charged Off
12500,36 months,13.51,424.25,C,10+ years,MORTGAGE,67700,Not Verified,credit_card,4.2,0,694,86.0,Fully Paid
8700,36 months,15.64,304.32,D,10+ years,MORTGAGE,112800,Verified,credit_card,14.89,0,667,78.8,Charged Off
11000,36 months,12.62,368.62,B,2 years,RENT,89700,Verified,debt_consolidation,8.53,0,723,5.8,Fully Paid
10000,36 months,20.43,373.83,E,10+ years,MORTGAGE,46600,Source Verified,major_purchase,20.58,0,658,40.3,Charged Off
16900,36 months,14.2,579.24,C,6 years,MORTGAGE,61700,Not Verified,debt_consolidation,15.1,0,685,59.3,Fully Paid
5400,60 months,12.79,122.29,C,7 years,MORTGAGE,109500,Verified,credit_card,5.58,0,690,77.7,Fully Paid
7800,36 months,17.3,279.26,D,5 years,MORTGAGE,52500,Verified,major_purchase,27.7,0,667,49.7,Fully Paid
7800,36 months,10.53,253.63,B,10+ years,RENT,30300,Source Verified,home_improvement,20.96,0,714,65.7,Fully Paid
7800,36 months,22.1,298.29,E,10+ years,MORTGAGE,50600,Source Verified,credit_card,10.12,0,667,86.6,Charged Off
9800,36 months,9.67,314.7,B,9 years,MORTGAGE,88200,Verified,debt_consolidation,16.43,0,729,72.2,Fully Paid
24700,60 months,11.1,538.27,B,10+ years,OWN,81400,Not Verified,debt_consolidation,7.85,1,711,45.5,Fully Paid
7400,36 months,6.98,228.42,A,6 years,RENT,72100,Not Verified,credit_card,17.37,0,741,74.5,Fully Paid
2400,36 months,5.5,72.47,A,10+ years,MORTGAGE,95800,Verified,debt_consolidation,11.05,0,744,81.2,Fully Paid
6400,36 months,12.97,215.55,C,,MORTGAGE,62900,Source Verified,debt_consolidation,5.77,0,730,44.1,Fully Paid
15200,36 months,14.92,526.32,C,10+ years,MORTGAGE,64900,Verified,debt_consolidation,16.74,0,712,45.6,Fully Paid
6800,36 months,15.78,238.33,C,10+ years,RENT,103900,Verified,credit_card,7.4,1,686,42.0,Fully Paid
19000,36 months,16.62,673.81,E,10+ years,MORTGAGE,58800,Not Verified,debt_consolidation,41.25,0,670,72.2,Charged Off
6400,60 months,30.0,207.06,G,1 year,MORTGAGE,58800,Not Verified,debt_consolidation,10.02,0,671,58.7,Fully Paid
14400,36 months,10.42,467.49,B,10+ years,MORTGAGE,19200,Source Verified,debt_consolidation,27.19,1,732,66.8,Fully Paid
12200,36 months,28.35,506.95,G,,RENT,84300,Verified,debt_consolidation,19.15,0,652,66.6,Fully Paid
15700,60 months,6.66,308.37,A,5 years,RENT,71000,Verified,debt_consolidation,39.81,1,737,37.2,Fully Paid
9400,60 months,6.25,182.82,A,8 years,MORTGAGE,50300,Not Verified,credit_card,6.56,0,770,50.5,Fully Paid
13000,60 months,14.9,308.59,D,10+ years,RENT,101000,Verified,medical,31.46,0,676,11.4,Charged Off
11900,60 months,13.28,272.47,C,10+ years,RENT,128200,Not Verified,debt_consolidation,22.76,0,699,26.4,Fully Paid
4600,36 months,14.67,158.72,C,4 years,MORTGAGE,95200,Verified,debt_consolidation,13.36,0,698,65.5,Fully Paid
12700,60 months,15.75,307.15,D,3 years,MORTGAGE,89200,Source Verified,car,5.96,0,674,38.4,Charged Off
9000,36 months,7.26,278.97,A,10+ years,MORTGAGE,134500,Not Verified,credit_card,25.71,0,748,43.7,Charged Off
11100,36 months,17.41,398.01,D,10+ years,RENT,77900,Verified,car,16.68,1,677,56.3,Fully Paid
6500,60 months,10.04,138.23,B,< 1 year,MORTGAGE,58200,Verified,debt_consolidation,10.79,0,719,75.6,Fully Paid
6800,36 months,11.27,223.49,C,3 years,MORTGAGE,112200,Source Verified,credit_card,14.82,0,699,39.1,Fully Paid
11100,60 months,6.44,216.87,A,10+ years,RENT,85800,Source Verified,credit_card,10.6,0,738,63.8,Fully Paid
8400,36 months,15.03,291.31,D,5 years,OWN,188000,Source Verified,major_purchase,23.87,0,688,17.8,Fully Paid
35400,36 months,9.52,1134.3,B,8 years,MORTGAGE,51000,Verified,debt_consolidation,9.55,0,717,58.1,Charged Off
2100,60 months,9.62,44.23,B,1 year,MORTGAGE,29000,Not Verified,credit_card,15.15,0,726,20.0,Fully Paid
19200,36 months,14.72,662.94,C,1 year,RENT,72800,Not Verified,credit_card,9.58,0,690,25.6,Fully Paid
5600,36 months,12.11,186.29,B,10+ years,RENT,128700,Not Verified,credit_card,10.12,0,718,70.2,Fully Paid
11100,36 months,12.69,372.35,C,3 years,RENT,86300,Not Verified,debt_consolidation,21.98,0,706,73.8,Fully Paid
8000,36 months,5.92,243.09,A,8 years,MORTGAGE,39500,Source Verified,debt_consolidation,13.43,0,738,81.2,Fully Paid
10800,60 months,13.01,245.79,C,10+ years,RENT,62700,Source Verified,debt_consolidation,12.35,0,686,51.2,Fully Paid
9000,36 months,11.24,295.67,B,10+ years,MORTGAGE,21900,Verified,debt_consolidation,20.06,1,712,44.4,Fully Paid
5400,36 months,14.45,185.74,C,10+ years,RENT,92000,Verified,credit_card,19.91,1,698,77.6,Charged Off
6600,36 months,11.46,217.52,B,2 years,MORTGAGE,68200,Verified,debt_consolidation,21.37,0,713,48.1,Fully Paid
17700,36 months,16.21,624.12,D,3 years,MORTGAGE,69200,Verified,credit_card,18.79,0,687,62.1,Charged Off
10700,36 months,6.9,329.9,A,10+ years,MORTGAGE,95100,Not Verified,debt_consolidation,22.51,0,730,82.9,Fully Paid
11500,60 months,14.66,271.54,C,9 years,OWN,46000,Source Verified,credit_card,27.44,0,694,58.2,Fully Paid
6000,36 months,12.29,200.12,B,10+ years,RENT,32400,Source Verified,credit_card,50.0,0,713,62.3,Fully Paid
40000,60 months,9.12,832.67,B,,OWN,93600,Verified,debt_consolidation,23.26,1,711,55.0,Fully Paid
21200,36 months,12.56,709.83,C,8 years,RENT,47700,Not Verified,debt_consolidation,17.37,0,697,41.2,Fully Paid
17000,36 months,11.08,557.2,B,5 years,RENT,62600,Not Verified,home_improvement,20.33,0,718,75.0,Charged Off
3500,36 months,12.75,117.51,C,3 years,RENT,79200,Source Verified,debt_consolidation,21.63,1,714,26.9,Fully Paid
13900,36 months,12.89,467.61,C,1 year,MORTGAGE,38800,Verified,debt_consolidation,12.9,0,712,23.8,Fully Paid
18400,60 months,6.06,356.24,A,< 1 year,OWN,107200,Verified,debt_consolidation,18.53,0,755,52.0,Fully Paid
8000,36 months,10.17,258.78,B,10+ years,RENT,67800,Source Verified,small_business,10.7,1,705,37.5,Fully Paid
20700,60 months,13.99,481.55,C,10+ years,MORTGAGE,160300,Verified,debt_consolidation,25.94,0,697,55.7,Charged Off
26700,60 months,9.58,561.79,B,1 year,MORTGAGE,107700,Verified,debt_consolidation,8.9,0,729,68.6,Fully Paid
6000,36 months,14.44,206.35,C,10+ years,MORTGAGE,52100,Not Verified,credit_card,5.6,0,708,44.0,Fully Paid
27300,36 months,7.58,850.2,A,10+ years,MORTGAGE,37600,Verified,credit_card,8.92,0,747,34.9,Fully Paid
10500,60 months,13.01,238.96,B,8 years,OWN,88800,Verified,debt_consolidation,24.27,0,701,31.5,Fully Paid
16400,60 months,13.89,380.66,C,10+ years,RENT,25600,Source Verified,other,9.05,1,718,78.8,Fully Paid
24400,60 months,13.22,557.93,C,< 1 year,MORTGAGE,36200,Not Verified,debt_consolidation,11.45,0,697,22.2,Fully Paid
12600,60 months,7.17,250.51,A,10+ years,OWN,71400,Not Verified,debt_consolidation,16.79,0,729,6.8,Fully Paid
7300,36 months,14.01,249.53,C,6 years,RENT,33000,Not Verified,major_purchase,17.37,1,713,87.5,Fully Paid
7900,60 months,11.01,171.8,B,8 years,MORTGAGE,28600,Verified,debt_consolidation,5.08,0,718,21.8,Fully Paid
4700,36 months,15.81,164.8,D,10+ years,MORTGAGE,126600,Not Verified,car,13.18,0,669,22.2,Charged Off
4700,36 months,19.19,172.74,E,4 years,MORTGAGE,130900,Source Verified,debt_consolidation,20.98,0,679,72.5,Charged Off
13400,36 months,10.08,432.88,B,,RENT,36600,Source Verified,credit_card,13.99,0,723,59.1,Fully Paid
16900,36 months,14.38,580.73,C,4 years,MORTGAGE,189200,Not Verified,credit_card,11.98,0,696,80.6,Fully Paid
15800,36 months,7.18,489.16,A,8 years,OWN,102400,Verified,credit_card,23.54,0,748,47.5,Fully Paid
4800,36 months,11.63,158.58,C,4 years,MORTGAGE,127700,Verified,car,12.11,0,690,44.8,Fully Paid
23900,36 months,13.84,814.99,C,10+ years,OWN,22900,Source Verified,debt_consolidation,27.15,0,692,79.7,Charged Off
13400,36 months,9.7,430.5,B,8 years,MORTGAGE,49800,Source Verified,major_purchase,30.6,3,691,56.5,Fully Paid
18400,60 months,14.56,433.5,C,8 years,OWN,46300,Not Verified,credit_card,14.18,1,700,72.6,Fully Paid
8000,36 months,29.1,335.68,G,10+ years,RENT,37300,Source Verified,debt_consolidation,14.91,0,662,35.3,Fully Paid
14600,36 months,11.31,480.13,B,9 years,RENT,195600,Not Verified,debt_consolidation,8.16,0,700,47.2,Fully Paid
5300,36 months,7.39,164.6,A,5 years,MORTGAGE,67300,Verified,credit_card,19.75,0,744,47.7,Fully Paid
8200,36 months,11.21,269.27,C,,MORTGAGE,32200,Verified,home_improvement,29.32,2,689,29.8,Fully Paid
20300,36 months,9.53,650.55,B,10+ years,RENT,45600,Source Verified,major_purchase,28.27,0,707,34.6,Fully Paid
40000,36 months,6.58,1227.42,A,3 years,MORTGAGE,38400,Source Verified,credit_card,9.88,0,737,53.1,Fully Paid
11100,36 months,9.84,357.33,B,< 1 year,MORTGAGE,49400,Verified,credit_card,4.57,1,726,14.8,Fully Paid
12800,36 months,10.55,416.33,C,1 year,MORTGAGE,135900,Source Verified,debt_consolidation,19.52,0,696,50.1,Fully Paid
12500,36 months,9.12,398.2,B,2 years,RENT,141900,Not Verified,debt_consolidation,5.11,0,726,83.4,Fully Paid
20900,36 months,15.19,726.45,C,8 years,MORTGAGE,71300,Not Verified,debt_consolidation,13.79,1,677,43.0,Charged Off
4200,36 months,7.6,130.84,A,8 years,MORTGAGE,72700,Source Verified,credit_card,20.89,1,733,68.9,Charged Off
7800,60 months,14.82,184.83,D,2 years,MORTGAGE,53400,Verified,small_business,43.21,1,693,27.3,Fully Paid
20700,36 months,6.8,637.26,A,2 years,MORTGAGE,46600,Not Verified,debt_consolidation,24.41,1,736,66.2,Fully Paid
3400,36 months,14.51,117.05,C,4 years,RENT,66700,Source Verified,debt_consolidation,17.2,0,712,56.6,Fully Paid
6600,36 months,18.31,239.63,D,8 years,MORTGAGE,51800,Not Verified,credit_card,30.12,1,692,67.4,Fully Paid
5300,60 months,14.36,124.31,C,10+ years,RENT,68700,Source Verified,debt_consolidation,20.69,0,704,38.3,Fully Paid
11700,60 months,13.06,266.57,C,4 years,RENT,128500,Not Verified,home_improvement,4.34,1,698,15.5,Fully Paid
8500,36 months,12.82,285.66,C,3 years,MORTGAGE,153200,Not Verified,debt_consolidation,18.99,0,709,63.3,Fully Paid
11300,36 months,14.04,386.43,C,9 years,MORTGAGE,66100,Verified,debt_consolidation,26.26,0,697,53.0,Fully Paid
3600,36 months,12.24,119.98,C,2 years,RENT,23400,Source Verified,debt_consolidation,28.36,0,681,,Charged Off
7400,36 months,13.78,252.12,C,3 years,MORTGAGE,172600,Source Verified,debt_consolidation,21.8,1,708,64.2,Charged Off
12800,36 months,10.74,417.48,B,3 years,MORTGAGE,83400,Not Verified,credit_card,19.66,0,702,64.1,Fully Paid
10600,36 months,10.24,343.23,B,10+ years,RENT,40600,Source Verified,debt_consolidation,17.35,0,719,60.9,Fully Paid
13800,60 months,23.17,390.38,F,2 years,RENT,176300,Source Verified,credit_card,15.28,0,653,62.4,Charged Off
11500,60 months,8.76,237.38,B,9 years,MORTGAGE,29300,Not Verified,debt_consolidation,23.24,1,707,16.5,Fully Paid
32400,36 months,6.96,999.83,A,1 year,MORTGAGE,34700,Source Verified,credit_card,13.9,1,748,30.0,Fully Paid
8500,36 months,9.32,271.57,B,10+ years,MORTGAGE,57600,Verified,debt_consolidation,25.16,0,719,52.7,Charged Off
11400,36 months,11.91,378.15,B,8 years,MORTGAGE,79400,Source Verified,other,2.78,1,706,81.0,Fully Paid
8900,36 months,10.56,289.52,B,8 years,MORTGAGE,31000,Verified,debt_consolidation,12.38,0,721,20.3,Fully Paid
13700,60 months,10.41,293.86,B,4 years,RENT,130700,Not Verified,debt_consolidation,11.77,1,720,51.2,Fully Paid
11500,36 months,26.79,468.2,G,< 1 year,MORTGAGE,179100,Not Verified,car,18.84,0,655,76.2,Charged Off
10600,36 months,6.81,326.38,A,10+ years,MORTGAGE,111300,Not Verified,credit_card,16.17,0,749,69.0,Fully Paid
13400,60 months,5.99,259.0,A,2 years,OWN,49300,Source Verified,credit_card,22.87,0,764,34.2,Fully Paid
8300,60 months,11.58,182.87,C,10+ years,MORTGAGE,58900,Not Verified,credit_card,15.14,0,708,74.6,Fully Paid
11800,36 months,9.91,380.25,B,2 years,RENT,50400,Verified,home_improvement,34.18,0,706,59.4,Fully Paid
6700,36 months,14.99,232.22,D,6 years,MORTGAGE,54000,Source Verified,debt_consolidation,10.38,1,673,54.2,Fully Paid
13100,60 months,7.41,261.94,A,6 years,MORTGAGE,49200,Source Verified,credit_card,16.11,0,748,53.5,Fully Paid
22200,60 months,13.41,509.79,C,10+ years,RENT,48800,Not Verified,debt_consolidation,22.71,0,687,30.0,Fully Paid
18900,36 months,15.0,655.17,C,7 years,RENT,22200,Not Verified,debt_consolidation,24.04,0,684,75.6,Fully Paid
12800,36 months,15.58,447.36,E,5 years,MORTGAGE,56900,Source Verified,debt_consolidation,17.41,0,682,45.9,Charged Off
11400,36 months,8.22,358.39,A,5 years,OWN,77600,Not Verified,credit_card,12.86,0,759,25.8,Fully Paid
14400,36 months,16.51,509.89,C,4 years,OWN,191500,Source Verified,debt_consolidation,35.95,0,687,56.9,Charged Off
7200,60 months,13.08,164.12,C,6 years,RENT,154200,Not Verified,credit_card,31.48,0,689,56.8,Fully Paid
9900,60 months,15.16,236.35,D,10+ years,RENT,25500,Source Verified,small_business,18.46,0,684,18.6,Fully Paid
9800,36 months,12.35,327.14,B,< 1 year,MORTGAGE,68700,Not Verified,debt_consolidation,11.2,1,715,17.6,Fully Paid
7900,60 months,19.26,206.06,D,5 years,MORTGAGE,78600,Source Verified,debt_consolidation,6.7,0,689,,Charged Off
9500,36 months,13.5,322.39,C,4 years,OTHER,27400,Not Verified,credit_card,21.96,0,706,79.1,Fully Paid
10700,36 months,7.59,333.28,A,10+ years,RENT,54900,Source Verified,major_purchase,26.11,0,736,18.0,Fully Paid
10400,36 months,11.61,343.49,C,2 years,MORTGAGE,109100,Not Verified,debt_consolidation,11.86,2,699,21.0,Fully Paid
12300,36 months,16.11,433.1,D,1 year,RENT,54600,Source Verified,credit_card,18.63,0,682,77.0,Fully Paid
5600,36 months,17.27,200.41,D,3 years,MORTGAGE,68800,Verified,credit_card,8.81,1,671,43.1,Fully Paid
30000,60 months,12.7,677.99,C,8 years,MORTGAGE,51500,Source Verified,debt_consolidation,9.67,0,696,59.0,Fully Paid
10500,36 months,7.46,326.42,A,10+ years,MORTGAGE,24200,Not Verified,debt_consolidation,24.4,0,746,46.9,Fully Paid
19400,36 months,13.55,658.81,C,9 years,MORTGAGE,25400,Source Verified,debt_consolidation,23.14,0,712,54.3,Fully Paid
13900,36 months,22.35,533.37,E,10+ years,RENT,67900,Verified,debt_consolidation,20.65,0,670,37.3,Fully Paid
11600,60 months,12.69,262.1,C,2 years,MORTGAGE,41100,Not Verified,debt_consolidation,11.71,0,711,58.9,Fully Paid
12000,36 months,10.38,389.35,B,10+ years,RENT,95300,Verified,home_improvement,21.48,0,716,52.3,Fully Paid
12200,36 months,6.83,375.75,A,3 years,RENT,74300,Source Verified,credit_card,29.25,0,741,33.0,Fully Paid
18100,60 months,11.43,397.43,B,4 years,RENT,67600,Source Verified,debt_consolidation,14.62,1,728,28.0,Fully Paid
21700,36 months,13.93,740.92,D,5 years,MORTGAGE,154900,Source Verified,debt_consolidation,1.91,0,673,65.1,Fully Paid
9600,36 months,16.24,338.65,D,1 year,RENT,23000,Verified,debt_consolidation,11.6,1,667,26.6,Fully Paid
14500,36 months,10.66,472.38,B,7 years,OWN,62900,Verified,credit_card,36.12,1,697,37.5,Fully Paid
5600,36 months,17.44,200.88,D,1 year,MORTGAGE,76400,Source Verified,medical,24.62,1,674,43.3,Charged Off
23400,60 months,9.97,496.84,B,1 year,MORTGAGE,64600,Not Verified,credit_card,26.23,0,707,27.9,Fully Paid
25100,36 months,11.53,828.06,B,10+ years,MORTGAGE,56300,Source Verified,credit_card,19.02,1,711,28.7,Fully Paid
16600,60 months,17.61,418.02,D,2 years,RENT,89500,Not Verified,debt_consolidation,6.55,0,690,51.0,Charged Off
24700,36 months,12.02,820.63,B,10+ years,MORTGAGE,40000,Source Verified,small_business,18.13,0,719,31.5,Fully Paid
5700,36 months,18.22,206.7,D,2 years,MORTGAGE,74800,Verified,credit_card,23.99,1,700,71.6,Fully Paid
9300,36 months,6.94,286.9,A,7 years,MORTGAGE,49800,Source Verified,credit_card,17.36,0,759,32.4,Fully Paid
19500,36 months,10.75,636.1,B,10+ years,RENT,29100,Not Verified,credit_card,35.49,0,698,57.4,Fully Paid
9200,36 months,14.16,315.15,C,10+ years,OWN,54100,Source Verified,other,13.14,0,725,18.0,Fully Paid
14000,36 months,20.29,522.36,E,2 years,RENT,48600,Source Verified,small_business,19.23,0,667,60.4,Fully Paid
5700,36 months,6.71,175.24,A,3 years,MORTGAGE,38900,Not Verified,small_business,17.92,0,738,78.1,Fully Paid
6000,60 months,6.66,117.85,A,10+ years,RENT,64800,Not Verified,credit_card,17.17,0,740,53.7,Fully Paid
5000,36 months,24.22,196.74,F,9 years,RENT,76700,Source Verified,credit_card,34.38,1,670,64.0,Charged Off
33000,36 months,14.19,1130.91,C,< 1 year,MORTGAGE,46600,Verified,credit_card,12.44,0,694,46.4,Fully Paid
12400,36 months,27.3,508.23,G,10+ years,MORTGAGE,36200,Not Verified,debt_consolidation,21.84,0,648,60.4,Fully Paid
10800,60 months,7.88,218.37,A,10+ years,MORTGAGE,79800,Not Verified,debt_consolidation,14.82,0,730,44.6,Fully Paid
18100,60 months,9.71,381.99,B,10+ years,MORTGAGE,107000,Verified,debt_consolidation,15.92,0,733,28.0,Fully Paid
11600,36 months,12.21,386.45,C,9 years,MORTGAGE,70300,Not Verified,debt_consolidation,23.91,0,717,65.9,Fully Paid
12300,36 months,6.79,378.61,A,,OWN,86500,Source Verified,debt_consolidation,14.39,0,765,47.3,Fully Paid
5400,36 months,13.89,184.27,C,10+ years,MORTGAGE,102000,Source Verified,credit_card,17.47,1,693,60.5,Fully Paid
9700,36 months,5.78,294.13,A,10+ years,MORTGAGE,71200,Verified,major_purchase,35.1,0,744,74.3,Fully Paid
11800,36 months,9.19,376.28,B,4 years,MORTGAGE,24800,Verified,debt_consolidation,11.86,1,711,15.3,Fully Paid
15700,36 months,6.64,482.19,A,10+ years,MORTGAGE,93300,Source Verified,home_improvement,16.02,1,757,22.8,Fully Paid
27600,60 months,17.19,688.75,D,3 years,RENT,110900,Not Verified,debt_consolidation,19.85,0,670,39.7,Fully Paid
9800,36 months,10.3,317.6,B,10+ years,MORTGAGE,44500,Not Verified,debt_consolidation,19.15,1,726,88.3,Fully Paid
3300,36 months,15.09,114.54,D,10+ years,MORTGAGE,49100,Not Verified,debt_consolidation,25.16,0,689,11.8,Fully Paid
8700,36 months,7.42,270.3,A,2 years,MORTGAGE,108200,Not Verified,debt_consolidation,13.93,0,742,55.7,Fully Paid
34400,36 months,15.15,1195.02,C,3 years,MORTGAGE,77100,Not Verified,other,24.87,0,708,39.0,Fully Paid
12900,36 months,7.06,398.67,A,9 years,MORTGAGE,31900,Not Verified,credit_card,37.95,1,761,72.2,Charged Off
28800,36 months,5.42,868.6,A,5 years,MORTGAGE,29200,Verified,credit_card,12.7,0,748,62.5,Fully Paid
14000,60 months,12.9,317.83,C,10+ years,MORTGAGE,110600,Not Verified,debt_consolidation,13.48,0,707,35.8,Fully Paid
12600,36 months,12.56,421.88,B,10+ years,RENT,103100,Not Verified,home_improvement,21.05,2,689,16.2,Fully Paid
16900,60 months,15.51,406.59,D,1 year,MORTGAGE,221000,Source Verified,debt_consolidation,20.11,1,671,,Fully Paid
5200,36 months,15.02,180.31,C,10+ years,RENT,85000,Verified,car,33.39,0,691,70.4,Charged Off
9200,36 months,20.38,343.69,E,10+ years,RENT,55400,Verified,debt_consolidation,30.78,1,666,54.3,Charged Off
12200,36 months,10.44,396.18,B,10+ years,MORTGAGE,97700,Not Verified,debt_consolidation,28.85,0,711,67.3,Fully Paid
13200,36 months,15.01,457.65,C,6 years,MORTGAGE,49000,Verified,debt_consolidation,11.08,0,687,33.3,Fully Paid
18600,60 months,17.78,470.09,D,,RENT,88900,Not Verified,debt_consolidation,11.25,0,696,32.1,Fully Paid
26200,36 months,16.42,926.56,D,2 years,RENT,43400,Source Verified,debt_consolidation,10.37,0,684,65.1,Charged Off
19000,36 months,13.66,646.24,C,10+ years,OWN,46100,Source Verified,debt_consolidation,6.5,0,679,36.1,Fully Paid
5300,36 months,7.35,164.5,A,1 year,OWN,230500,Source Verified,debt_consolidation,14.57,1,747,41.2,Fully Paid
13900,60 months,20.64,373.23,E,10+ years,RENT,25600,Source Verified,credit_card,11.74,1,671,57.1,Fully Paid
15900,36 months,9.4,508.58,B,4 years,RENT,58100,Not Verified,debt_consolidation,29.44,0,737,60.7,Fully Paid
9600,36 months,7.07,296.73,A,10+ years,MORTGAGE,36300,Not Verified,debt_consolidation,6.19,0,703,50.2,Fully Paid
6000,36 months,13.9,204.77,C,10+ years,MORTGAGE,133500,Verified,major_purchase,22.64,0,693,24.4,Charged Off
9300,60 months,10.21,198.56,B,10+ years,RENT,195100,Source Verified,credit_card,9.17,1,721,59.5,Charged Off
6600,36 months,17.04,235.44,D,10+ years,MORTGAGE,56600,Not Verified,credit_card,19.79,2,674,51.4,Charged Off
3800,36 months,15.46,132.59,D,7 years,MORTGAGE,61600,Verified,major_purchase,7.11,1,684,35.6,Fully Paid
6800,60 months,6.47,132.95,A,10+ years,MORTGAGE,53800,Not Verified,debt_consolidation,15.89,1,742,62.0,Fully Paid
12600,36 months,14.72,435.06,C,10+ years,MORTGAGE,73300,Verified,debt_consolidation,23.07,1,697,41.4,Fully Paid
9100,36 months,12.74,305.48,C,10+ years,MORTGAGE,64100,Verified,credit_card,26.37,0,694,58.9,Fully Paid
14800,36 months,13.99,505.76,C,5 years,MORTGAGE,107700,Not Verified,credit_card,8.84,0,701,68.8,Fully Paid
23100,36 months,9.96,744.94,B,10+ years,RENT,77400,Verified,credit_card,17.89,0,735,16.4,Fully Paid
14600,36 months,6.83,449.67,A,8 years,RENT,82000,Verified,debt_consolidation,20.69,0,752,70.5,Fully Paid
40000,36 months,11.1,1311.44,B,10+ years,MORTGAGE,46100,Not Verified,debt_consolidation,17.2,0,723,26.7,Fully Paid
20900,60 months,10.35,447.67,B,1 year,RENT,34300,Not Verified,debt_consolidation,25.16,0,725,69.3,Fully Paid
40000,36 months,7.75,1248.85,B,10+ years,MORTGAGE,92300,Not Verified,major_purchase,24.78,0,734,64.9,Fully Paid
6900,36 months,12.35,230.33,C,9 years,MORTGAGE,68300,Not Verified,debt_consolidation,13.7,0,697,50.2,Charged Off
15900,60 months,12.47,357.47,B,1 year,RENT,42600,Not Verified,debt_consolidation,14.01,0,752,70.4,Fully Paid
11800,36 months,8.75,373.87,B,10+ years,OWN,67200,Source Verified,home_improvement,22.14,0,704,65.6,Fully Paid
6000,36 months,17.86,216.49,D,10+ years,MORTGAGE,160000,Source Verified,debt_consolidation,22.88,0,691,25.9,Fully Paid
13500,36 months,16.74,479.57,D,< 1 year,MORTGAGE,50200,Source Verified,credit_card,38.71,1,691,47.2,Fully Paid
6700,60 months,10.56,144.21,C,10+ years,RENT,75100,Not Verified,debt_consolidation,21.09,0,720,70.3,Fully Paid
24500,36 months,5.49,739.69,A,9 years,OWN,73300,Verified,debt_consolidation,13.16,1,752,51.5,Fully Paid
9600,36 months,18.39,348.94,D,10+ years,RENT,156900,Verified,debt_consolidation,17.32,1,715,49.8,Fully Paid
26400,36 months,6.63,810.7,A,4 years,RENT,93000,Verified,credit_card,9.16,0,769,30.8,Fully Paid
3700,36 months,8.13,116.17,A,3 years,MORTGAGE,68700,Verified,credit_card,13.26,0,750,82.6,Fully Paid
15500,36 months,12.28,516.9,C,1 year,MORTGAGE,48600,Not Verified,debt_consolidation,12.79,0,705,53.6,Fully Paid
5200,36 months,6.43,159.21,A,< 1 year,MORTGAGE,26100,Verified,debt_consolidation,17.35,0,754,76.4,Fully Paid
6100,60 months,9.62,128.47,B,2 years,MORTGAGE,37900,Verified,credit_card,19.18,1,721,65.6,Fully Paid
27100,36 months,14.43,931.88,D,4 years,RENT,183500,Not Verified,small_business,20.64,1,692,,Fully Paid
36200,60 months,13.02,824.03,C,4 years,RENT,79500,Not Verified,debt_consolidation,15.05,1,715,21.6,Fully Paid
12000,36 months,10.89,392.24,B,< 1 year,MORTGAGE,31100,Verified,debt_consolidation,18.56,0,737,63.7,Fully Paid
19100,36 months,12.15,635.76,B,1 year,RENT,55800,Verified,debt_consolidation,15.85,2,712,63.7,Fully Paid
5800,36 months,13.54,196.94,C,10+ years,MORTGAGE,40200,Source Verified,credit_card,12.84,0,721,14.5,Fully Paid
8700,60 months,11.76,192.47,B,10+ years,MORTGAGE,44300,Not Verified,credit_card,32.05,0,710,,Fully Paid
6600,36 months,20.42,246.69,D,10+ years,MORTGAGE,83300,Not Verified,debt_consolidation,20.24,0,683,61.6,Fully Paid
10400,60 months,20.82,280.3,E,5 years,RENT,95800,Source Verified,debt_consolidation,19.15,0,674,55.6,Fully Paid
13500,36 months,9.73,433.9,B,,RENT,55800,Verified,debt_consolidation,14.43,1,708,34.3,Fully Paid
8900,60 months,13.43,204.47,C,5 years,RENT,114000,Source Verified,debt_consolidation,18.73,0,689,76.5,Fully Paid
17000,36 months,9.72,546.31,B,7 years,MORTGAGE,55500,Verified,debt_consolidation,21.87,0,701,54.2,Fully Paid
10700,36 months,20.99,403.07,E,10+ years,MORTGAGE,56000,Source Verified,medical,20.38,0,666,39.5,Fully Paid
38800,36 months,11.6,1281.32,C,10+ years,MORTGAGE,51700,Not Verified,credit_card,13.24,1,693,38.7,Fully Paid
18000,36 months,20.09,669.77,E,10+ years,MORTGAGE,121700,Not Verified,credit_card,20.09,0,658,30.3,Fully Paid
7300,60 months,21.65,200.17,E,3 years,MORTGAGE,124100,Not Verified,debt_consolidation,19.78,1,682,54.2,Fully Paid
7700,36 months,12.08,256.04,C,10+ years,RENT,70900,Source Verified,debt_consolidation,19.49,1,682,49.3,Charged Off
13500,36 months,11.37,444.34,B,10+ years,MORTGAGE,38400,Source Verified,debt_consolidation,16.12,0,719,30.1,Fully Paid
5400,36 months,13.32,182.78,C,10+ years,MORTGAGE,48100,Source Verified,debt_consolidation,23.92,1,700,94.3,Charged Off
13900,60 months,15.91,337.36,D,< 1 year,MORTGAGE,93100,Verified,debt_consolidation,18.96,0,688,64.9,Fully Paid
13200,60 months,13.23,301.9,C,< 1 year,OWN,73500,Not Verified,credit_card,6.71,0,699,37.4,Fully Paid
20500,36 months,12.18,682.66,C,5 years,RENT,29100,Not Verified,credit_card,7.94,0,714,24.0,Fully Paid
25800,36 months,7.44,801.83,A,6 years,MORTGAGE,42700,Not Verified,debt_consolidation,10.47,1,734,93.2,Fully Paid
24100,36 months,13.22,814.58,C,3 years,RENT,84800,Not Verified,debt_consolidation,22.77,2,704,53.7,Charged Off
9900,36 months,23.94,388.09,E,10+ years,MORTGAGE,178000,Not Verified,debt_consolidation,18.55,0,690,60.5,Fully Paid
11300,60 months,14.26,264.46,C,1 year,MORTGAGE,70000,Verified,debt_consolidation,27.76,0,738,55.0,Charged Off
7000,36 months,11.01,229.2,B,2 years,MORTGAGE,41700,Not Verified,debt_consolidation,11.71,0,724,19.2,Fully Paid
34200,36 months,14.43,1176.03,C,9 years,MORTGAGE,87200,Source Verified,debt_consolidation,9.88,0,696,65.3,Fully Paid
16900,36 months,11.43,556.73,C,5 years,MORTGAGE,53300,Not Verified,other,14.26,0,686,55.8,Fully Paid
10600,36 months,9.39,339.0,B,10+ years,RENT,327100,Source Verified,debt_consolidation,11.94,0,705,51.5,Fully Paid
10800,36 months,6.67,331.85,A,< 1 year,RENT,31000,Not Verified,debt_consolidation,13.26,0,735,45.6,Fully Paid
2900,36 months,10.59,94.38,B,10+ years,RENT,101400,Source Verified,debt_consolidation,7.56,0,711,53.4,Fully Paid
40000,60 months,5.82,769.97,A,3 years,RENT,141900,Not Verified,credit_card,5.46,0,748,41.7,Fully Paid
7000,36 months,18.07,253.31,D,7 years,OWN,39600,Source Verified,debt_consolidation,29.55,0,687,65.4,Charged Off
29700,36 months,12.36,991.58,B,2 years,OWN,78000,Verified,debt_consolidation,18.69,2,735,40.5,Fully Paid
12400,36 months,6.32,379.03,A,7 years,RENT,79600,Source Verified,debt_consolidation,17.52,0,746,82.0,Fully Paid
39400,60 months,13.26,901.72,C,< 1 year,RENT,30700,Not Verified,credit_card,8.55,1,706,45.2,Fully Paid
6100,60 months,9.49,128.08,B,6 years,RENT,104300,Not Verified,credit_card,23.46,1,704,37.8,Fully Paid
29300,36 months,6.32,895.62,A,5 years,MORTGAGE,100000,Not Verified,credit_card,23.61,0,736,28.9,Fully Paid
10000,36 months,21.0,376.75,F,10+ years,MORTGAGE,48200,Verified,debt_consolidation,16.2,0,655,77.7,Charged Off
11100,36 months,11.04,363.61,B,10+ years,MORTGAGE,23800,Not Verified,home_improvement,25.79,0,721,56.3,Fully Paid
9500,36 months,7.08,293.68,A,10+ years,RENT,37400,Not Verified,credit_card,9.77,0,753,22.1,Fully Paid
10700,36 months,8.33,336.93,A,5 years,MORTGAGE,39800,Not Verified,home_improvement,15.46,0,736,39.2,Fully Paid
40000,60 months,18.11,1018.13,D,4 years,RENT,34100,Verified,credit_card,7.32,0,699,75.7,Fully Paid
8200,36 months,9.77,263.71,B,4 years,MORTGAGE,104800,Not Verified,credit_card,12.53,0,701,36.6,Fully Paid
6600,36 months,13.26,223.21,C,7 years,MORTGAGE,47000,Not Verified,debt_consolidation,21.93,0,688,27.5,Fully Paid
7200,36 months,13.84,245.52,C,4 years,MORTGAGE,40100,Not Verified,debt_consolidation,15.79,1,706,35.1,Fully Paid
8600,36 months,14.97,298.0,C,10+ years,MORTGAGE,36700,Source Verified,credit_card,17.12,0,715,52.4,Fully Paid
19900,36 months,12.92,669.74,C,3 years,MORTGAGE,74100,Verified,debt_consolidation,19.33,1,706,55.0,Fully Paid
9800,36 months,7.78,306.1,A,,OWN,157000,Source Verified,major_purchase,24.42,0,745,84.2,Charged Off
9400,36 months,7.4,291.97,A,3 years,MORTGAGE,47600,Verified,debt_consolidation,12.46,0,745,63.6,Fully Paid
23400,36 months,14.12,801.12,C,10+ years,MORTGAGE,22500,Source Verified,debt_consolidation,9.37,1,727,63.7,Fully Paid
5700,60 months,14.01,132.66,C,3 years,RENT,99400,Verified,credit_card,18.19,0,707,37.5,Fully Paid
23100,36 months,10.63,752.22,B,2 years,RENT,96400,Source Verified,debt_consolidation,13.41,0,722,26.8,Fully Paid
15300,36 months,13.57,519.73,C,10+ years,MORTGAGE,46100,Verified,credit_card,11.01,0,698,73.4,Fully Paid
9000,60 months,15.42,216.1,C,10+ years,RENT,43700,Not Verified,major_purchase,19.33,1,697,57.1,Fully Paid
8500,36 months,11.26,279.33,B,6 years,OWN,88300,Not Verified,debt_consolidation,11.99,1,725,79.3,Fully Paid
13700,60 months,9.96,290.81,B,,MORTGAGE,104400,Verified,debt_consolidation,15.5,0,718,4.7,Fully Paid
4900,36 months,17.68,176.36,D,10+ years,RENT,69000,Not Verified,debt_consolidation,23.65,2,673,74.5,Fully Paid
24600,60 months,14.71,581.49,D,< 1 year,RENT,132900,Not Verified,debt_consolidation,9.65,0,699,66.2,Fully Paid
13200,36 months,10.91,431.59,B,10+ years,OWN,59400,Not Verified,debt_consolidation,12.98,0,719,65.6,Fully Paid
28800,36 months,12.74,966.78,C,10+ years,RENT,142000,Verified,credit_card,15.96,0,713,21.0,Fully Paid
20300,36 months,13.19,685.85,C,4 years,MORTGAGE,97700,Not Verified,credit_card,10.73,0,715,46.9,Charged Off
38800,36 months,12.8,1303.59,C,4 years,MORTGAGE,63900,Source Verified,debt_consolidation,20.94,0,699,53.4,Fully Paid
22100,36 months,7.95,692.02,A,1 year,MORTGAGE,138300,Not Verified,credit_card,11.8,0,755,39.7,Fully Paid
16700,36 months,14.82,577.44,D,7 years,RENT,50800,Source Verified,debt_consolidation,23.21,3,669,57.7,Charged Off
12000,36 months,7.3,372.17,A,8 years,RENT,138100,Source Verified,debt_consolidation,9.44,0,752,31.9,Fully Paid
10200,36 months,19.69,377.46,E,2 years,RENT,46300,Not Verified,debt_consolidation,14.23,0,678,,Fully Paid
30300,60 months,15.47,728.33,C,8 years,MORTGAGE,58500,Source Verified,debt_consolidation,17.43,0,694,43.0,Fully Paid
8800,60 months,12.06,196.02,C,10+ years,OWN,66600,Source Verified,home_improvement,9.09,0,708,37.5,Fully Paid
7300,60 months,20.09,193.77,E,5 years,MORTGAGE,120000,Not Verified,debt_consolidation,32.07,1,672,82.4,Fully Paid
14900,36 months,21.84,567.81,F,1 year,RENT,110200,Verified,credit_card,22.96,0,646,69.4,Charged Off
21200,60 months,6.64,416.19,A,5 years,MORTGAGE,138200,Verified,debt_consolidation,20.29,0,739,63.2,Fully Paid
6500,36 months,13.32,220.01,C,5 years,MORTGAGE,55800,Not Verified,debt_consolidation,15.03,0,698,12.3,Fully Paid
15200,36 months,10.94,497.2,B,8 years,MORTGAGE,91500,Verified,debt_consolidation,7.81,1,712,92.6,Fully Paid
14100,36 months,7.21,436.72,A,10+ years,MORTGAGE,31000,Not Verified,major_purchase,16.65,0,753,32.5,Fully Paid
10000,36 months,12.06,332.43,C,4 years,RENT,191400,Source Verified,debt_consolidation,18.03,0,705,57.7,Charged Off
10300,36 months,13.88,351.43,C,10+ years,MORTGAGE,133600,Verified,debt_consolidation,30.34,0,707,36.4,Charged Off
40000,60 months,13.48,919.98,C,6 years,OWN,70900,Source Verified,credit_card,21.43,0,687,48.2,Charged Off
8600,60 months,6.17,166.94,A,,RENT,16500,Not Verified,debt_consolidation,10.48,0,740,52.6,Fully Paid
2500,36 months,14.94,86.59,C,4 years,MORTGAGE,68500,Verified,debt_consolidation,29.03,0,700,41.9,Charged Off
5600,36 months,7.03,172.99,A,< 1 year,RENT,111300,Verified,debt_consolidation,23.56,0,753,39.6,Fully Paid
15700,36 months,9.81,505.2,B,4 years,MORTGAGE,168000,Not Verified,credit_card,13.64,0,726,52.4,Fully Paid
14300,36 months,10.26,463.17,B,10+ years,RENT,109600,Source Verified,debt_consolidation,11.25,0,691,22.0,Fully Paid
7600,60 months,15.29,181.96,C,5 years,MORTGAGE,207300,Not Verified,credit_card,8.04,1,688,34.7,Fully Paid
13100,36 months,17.63,471.17,D,10+ years,RENT,43000,Source Verified,debt_consolidation,14.78,1,696,65.0,Fully Paid
13300,60 months,20.22,354.0,E,,OWN,163700,Not Verified,home_improvement,16.21,0,674,72.3,Charged Off
5700,36 months,9.97,183.84,B,,MORTGAGE,59500,Not Verified,debt_consolidation,11.48,0,707,61.1,Fully Paid
19800,60 months,7.6,397.69,A,8 years,RENT,104100,Source Verified,debt_consolidation,12.49,1,732,70.3,Fully Paid
22100,36 months,10.16,714.77,B,9 years,MORTGAGE,129000,Source Verified,debt_consolidation,6.53,0,725,14.3,Fully Paid
9200,60 months,15.72,222.36,D,2 years,OWN,71700,Source Verified,home_improvement,21.39,0,689,34.5,Charged Off
12000,36 months,17.6,431.42,D,3 years,RENT,68000,Verified,debt_consolidation,16.24,1,682,20.8,Fully Paid
20400,36 months,7.84,637.76,A,10+ years,MORTGAGE,118600,Not Verified,debt_consolidation,25.7,0,753,34.9,Fully Paid
7200,36 months,15.49,251.32,C,1 year,MORTGAGE,20800,Source Verified,credit_card,17.14,1,674,74.0,Fully Paid
11100,36 months,11.53,366.19,B,1 year,MORTGAGE,118700,Source Verified,debt_consolidation,14.44,0,702,72.3,Fully Paid
12700,36 months,10.96,415.54,B,2 years,RENT,105700,Verified,debt_consolidation,13.08,0,696,76.0,Fully Paid
13000,60 months,11.07,283.11,B,10+ years,RENT,57100,Verified,debt_consolidation,15.34,1,724,43.1,Fully Paid
9000,36 months,10.85,294.01,B,10+ years,MORTGAGE,24500,Verified,debt_consolidation,24.75,1,723,18.7,Fully Paid
9400,36 months,14.9,325.39,D,10+ years,RENT,45800,Not Verified,debt_consolidation,11.22,0,685,47.2,Fully Paid
11200,36 months,8.74,354.8,A,2 years,RENT,90500,Not Verified,debt_consolidation,16.33,0,729,52.9,Fully Paid
9000,36 months,10.34,291.84,C,< 1 year,OWN,177100,Source Verified,debt_consolidation,17.07,1,691,59.3,Fully Paid
17400,60 months,13.63,401.54,C,10+ years,RENT,55700,Verified,debt_consolidation,15.58,0,708,52.2,Fully Paid
38300,36 months,14.22,1313.1,C,< 1 year,OWN,71800,Not Verified,debt_consolidation,11.2,1,702,22.9,Fully Paid
5900,36 months,16.03,207.51,D,5 years,MORTGAGE,64300,Not Verified,debt_consolidation,27.2,0,680,50.8,Fully Paid
17300,36 months,11.19,567.94,C,2 years,RENT,66700,Source Verified,debt_consolidation,19.21,1,697,82.2,Fully Paid
18500,60 months,11.48,406.68,B,9 years,MORTGAGE,22500,Source Verified,debt_consolidation,8.13,0,735,55.1,Fully Paid
16600,36 months,10.19,537.12,B,4 years,RENT,37900,Verified,debt_consolidation,20.75,0,709,72.2,Fully Paid
17100,36 months,7.56,532.39,A,10+ years,MORTGAGE,38600,Verified,debt_consolidation,24.62,3,742,61.5,Fully Paid
10200,60 months,12.81,231.09,C,10+ years,MORTGAGE,44700,Not Verified,debt_consolidation,26.09,0,696,47.5,Fully Paid
13000,60 months,13.49,299.06,C,10+ years,MORTGAGE,23300,Not Verified,debt_consolidation,21.06,0,697,83.6,Fully Paid
8000,60 months,14.1,186.56,C,10+ years,RENT,43200,Verified,debt_consolidation,34.05,1,701,42.9,Fully Paid
11700,36 months,13.42,396.59,C,2 years,MORTGAGE,29900,Not Verified,debt_consolidation,19.01,0,694,34.0,Fully Paid
23100,36 months,18.02,835.35,D,10+ years,RENT,39800,Source Verified,debt_consolidation,18.66,0,671,57.8,Charged Off
8900,36 months,6.49,272.74,A,10+ years,RENT,46700,Verified,small_business,10.53,1,744,29.3,Fully Paid
10400,36 months,7.08,321.5,A,10+ years,OWN,104900,Verified,credit_card,21.29,0,752,70.4,Fully Paid
27700,60 months,14.88,657.24,C,4 years,RENT,35600,Not Verified,debt_consolidation,12.67,0,722,28.4,Fully Paid
11100,36 months,6.85,341.98,A,9 years,MORTGAGE,36300,Verified,major_purchase,10.98,0,733,53.9,Fully Paid
7600,36 months,18.74,277.59,E,1 year,RENT,34000,Source Verified,debt_consolidation,9.2,0,663,53.8,Fully Paid
17000,36 months,9.48,544.4,A,6 years,MORTGAGE,52900,Source Verified,debt_consolidation,13.56,0,754,77.7,Fully Paid
11600,36 months,19.04,425.44,E,2 years,RENT,59600,Source Verified,credit_card,18.61,0,663,64.6,Fully Paid
17900,36 months,13.21,604.93,B,10+ years,OWN,69500,Verified,home_improvement,17.61,1,708,40.8,Fully Paid
8600,60 months,17.2,214.66,D,10+ years,RENT,34400,Not Verified,debt_consolidation,21.51,0,702,72.1,Charged Off
9200,36 months,17.12,328.55,D,6 years,RENT,98700,Not Verified,major_purchase,37.25,1,674,40.9,Charged Off
4700,60 months,6.21,91.32,A,7 years,MORTGAGE,52900,Not Verified,home_improvement,34.16,0,750,,Fully Paid
16300,36 months,9.33,520.84,B,8 years,MORTGAGE,60200,Source Verified,debt_consolidation,22.26,1,704,36.8,Fully Paid
18500,36 months,12.82,621.74,C,10+ years,RENT,88700,Verified,home_improvement,20.17,0,712,84.2,Fully Paid
21600,36 months,14.31,741.49,C,10+ years,OWN,111100,Not Verified,credit_card,17.02,1,716,40.0,Fully Paid
7700,60 months,16.94,191.12,D,3 years,MORTGAGE,151100,Not Verified,debt_consolidation,31.69,0,705,24.9,Charged Off
13100,36 months,15.6,457.97,D,6 years,RENT,132700,Source Verified,other,17.66,0,681,20.2,Fully Paid
10000,36 months,21.63,379.99,E,9 years,RENT,41000,Verified,debt_consolidation,17.62,0,656,54.1,Charged Off
16600,36 months,10.06,536.1,B,10+ years,MORTGAGE,38500,Not Verified,debt_consolidation,9.82,0,714,29.2,Fully Paid
20000,36 months,7.86,625.44,A,5 years,MORTGAGE,80600,Verified,credit_card,19.09,0,759,38.7,Fully Paid
4800,36 months,6.17,146.4,A,6 years,RENT,38200,Not Verified,credit_card,31.14,0,738,37.5,Fully Paid
11300,60 months,10.78,244.45,B,10+ years,MORTGAGE,90200,Source Verified,credit_card,9.5,1,702,50.2,Fully Paid
7400,60 months,13.25,169.32,C,10+ years,RENT,78700,Verified,credit_card,23.83,0,694,28.2,Fully Paid
16900,60 months,10.9,366.6,B,< 1 year,MORTGAGE,140400,Not Verified,debt_consolidation,19.78,1,732,69.5,Fully Paid
37900,60 months,11.29,829.53,B,7 years,MORTGAGE,79300,Source Verified,credit_card,23.6,1,722,42.9,Fully Paid
9700,36 months,10.21,313.95,B,10+ years,MORTGAGE,171100,Verified,small_business,24.43,0,733,25.0,Fully Paid
12800,36 months,11.38,421.36,B,2 years,RENT,57100,Verified,debt_consolidation,17.8,0,738,42.0,Fully Paid
35400,36 months,13.09,1194.3,C,2 years,MORTGAGE,181900,Not Verified,debt_consolidation,20.82,0,693,79.1,Fully Paid
16100,36 months,10.14,520.56,B,7 years,RENT,93100,Verified,credit_card,25.4,0,728,37.6,Fully Paid
5100,36 months,10.0,164.56,B,< 1 year,RENT,34600,Verified,credit_card,25.68,0,716,47.1,Fully Paid
10400,36 months,13.86,354.74,C,< 1 year,OWN,20700,Verified,debt_consolidation,4.43,0,696,70.1,Fully Paid
25900,36 months,15.18,900.12,D,< 1 year,RENT,50000,Not Verified,home_improvement,11.56,1,675,52.0,Fully Paid
10600,36 months,10.6,345.03,B,2 years,MORTGAGE,68700,Not Verified,debt_consolidation,22.08,0,722,56.7,Fully Paid
16400,60 months,13.25,375.25,C,5 years,MORTGAGE,153900,Not Verified,debt_consolidation,23.93,0,684,61.9,Fully Paid
5000,36 months,11.32,164.45,B,10+ years,MORTGAGE,12400,Verified,credit_card,24.42,1,716,43.3,Fully Paid
21000,36 months,14.34,721.2,D,10+ years,MORTGAGE,139100,Not Verified,debt_consolidation,16.84,0,676,28.1,Fully Paid
25200,60 months,11.43,553.33,C,10+ years,MORTGAGE,177900,Source Verified,credit_card,24.46,0,689,29.3,Charged Off
13500,36 months,10.66,439.8,B,10+ years,RENT,30800,Source Verified,debt_consolidation,6.54,0,717,24.3,Fully Paid
16600,60 months,10.47,356.55,B,10+ years,RENT,54500,Not Verified,debt_consolidation,20.03,0,733,61.3,Fully Paid
19600,36 months,12.73,657.86,C,< 1 year,MORTGAGE,188200,Source Verified,debt_consolidation,25.69,1,701,56.6,Charged Off
22900,36 months,20.21,853.5,E,10+ years,MORTGAGE,70200,Not Verified,other,23.08,0,671,55.0,Fully Paid
35500,36 months,10.45,1153.0,B,2 years,RENT,57000,Verified,small_business,23.75,0,715,27.1,Fully Paid
12200,36 months,13.41,413.48,C,< 1 year,MORTGAGE,70700,Not Verified,credit_card,9.91,1,696,58.7,Fully Paid
8200,36 months,23.36,318.96,F,< 1 year,MORTGAGE,39200,Not Verified,credit_card,15.02,0,660,23.3,Charged Off
6900,36 months,18.38,250.77,D,3 years,MORTGAGE,88000,Not Verified,debt_consolidation,16.58,0,675,36.2,Fully Paid
15100,60 months,16.25,369.21,D,8 years,RENT,33500,Verified,home_improvement,31.46,0,659,16.8,Fully Paid
5500,60 months,19.95,145.56,E,10+ years,RENT,156100,Not Verified,credit_card,31.7,0,647,84.1,Charged Off
18100,36 months,13.79,616.77,D,2 years,OWN,67900,Source Verified,debt_consolidation,19.16,0,693,49.1,Fully Paid
23300,36 months,6.97,719.12,A,7 years,RENT,159700,Verified,credit_card,21.57,0,721,17.1,Fully Paid
7600,36 months,12.39,253.85,C,10+ years,RENT,67400,Not Verified,debt_consolidation,9.19,1,711,27.7,Fully Paid
7900,60 months,10.1,168.24,B,4 years,MORTGAGE,112600,Verified,other,23.99,0,701,39.4,Fully Paid
24100,36 months,19.31,887.19,E,10+ years,OWN,109500,Verified,car,12.94,0,659,36.7,Fully Paid
10800,60 months,12.22,241.44,C,10+ years,MORTGAGE,35800,Not Verified,debt_consolidation,10.54,0,687,35.7,Fully Paid
28300,60 months,15.82,685.5,D,10+ years,MORTGAGE,107200,Not Verified,debt_consolidation,17.16,0,675,44.0,Fully Paid
22100,36 months,14.92,765.24,C,< 1 year,MORTGAGE,50900,Not Verified,debt_consolidation,38.45,0,698,81.0,Fully Paid
10700,36 months,6.3,326.97,A,3 years,MORTGAGE,49500,Source Verified,debt_consolidation,15.95,0,742,58.0,Fully Paid
8900,36 months,10.14,287.76,B,3 years,MORTGAGE,168000,Not Verified,debt_consolidation,26.34,0,712,39.4,Fully Paid
7600,36 months,9.57,243.7,B,2 years,MORTGAGE,51200,Not Verified,debt_consolidation,1.62,0,688,66.8,Fully Paid
7700,36 months,6.32,235.37,A,5 years,OWN,95100,Not Verified,major_purchase,27.37,0,747,54.3,Fully Paid
14200,36 months,12.8,477.09,C,10+ years,MORTGAGE,100900,Source Verified,debt_consolidation,9.26,3,708,37.0,Fully Paid
9400,60 months,5.76,180.68,A,2 years,MORTGAGE,88600,Not Verified,debt_consolidation,21.57,0,751,40.5,Charged Off
10100,36 months,14.04,345.39,C,4 years,MORTGAGE,29200,Verified,other,32.01,0,714,63.2,Fully Paid
13900,36 months,18.15,503.56,D,5 years,RENT,70300,Verified,debt_consolidation,9.11,0,684,43.8,Fully Paid
12300,36 months,12.27,410.12,C,1 year,OWN,155100,Source Verified,debt_consolidation,12.25,0,679,30.3,Fully Paid
36200,60 months,10.1,770.93,B,10+ years,MORTGAGE,64000,Not Verified,other,25.09,0,724,70.8,Fully Paid
9400,36 months,10.97,307.61,B,10+ years,MORTGAGE,55900,Source Verified,credit_card,19.72,0,728,80.1,Fully Paid
15500,60 months,10.57,333.69,B,10+ years,RENT,33400,Source Verified,debt_consolidation,15.06,0,693,25.6,Fully Paid
4000,36 months,13.16,135.08,C,7 years,OWN,76200,Not Verified,credit_card,25.16,0,707,73.5,Fully Paid
19900,36 months,15.79,697.56,D,1 year,MORTGAGE,31200,Source Verified,debt_consolidation,20.03,0,690,53.7,Fully Paid
8000,36 months,12.38,267.17,C,2 years,MORTGAGE,39900,Verified,debt_consolidation,7.15,0,707,39.0,Fully Paid
10800,36 months,6.04,328.75,A,2 years,MORTGAGE,35400,Not Verified,other,7.59,1,749,16.6,Fully Paid
5000,36 months,9.9,161.1,B,< 1 year,MORTGAGE,46600,Not Verified,debt_consolidation,17.54,0,716,60.5,Fully Paid
10500,36 months,8.75,332.68,B,9 years,RENT,75900,Not Verified,debt_consolidation,14.81,0,723,63.9,Fully Paid
10400,60 months,12.97,236.47,C,3 years,MORTGAGE,78100,Not Verified,debt_consolidation,10.59,0,691,55.2,Fully Paid
8100,36 months,19.78,300.12,E,9 years,MORTGAGE,48300,Source Verified,small_business,21.04,0,668,40.6,Fully Paid
10100,60 months,15.78,244.43,D,10+ years,RENT,72600,Not Verified,debt_consolidation,31.38,0,695,57.7,Charged Off
38200,36 months,13.76,1301.14,C,8 years,RENT,33700,Source Verified,debt_consolidation,18.68,0,710,79.4,Fully Paid
13000,36 months,9.31,415.27,B,1 year,MORTGAGE,35400,Not Verified,debt_consolidation,12.48,0,717,42.9,Fully Paid
8500,36 months,6.69,261.25,A,2 years,MORTGAGE,31800,Not Verified,debt_consolidation,8.47,0,721,21.4,Fully Paid
6700,36 months,7.76,209.21,A,4 years,RENT,42800,Verified,credit_card,14.94,0,746,62.9,Fully Paid
12200,60 months,13.06,277.96,C,5 years,MORTGAGE,143800,Not Verified,debt_consolidation,41.87,0,701,46.9,Charged Off
9400,36 months,7.32,291.62,A,2 years,RENT,77400,Verified,credit_card,4.57,1,755,52.1,Fully Paid
6700,36 months,9.84,215.69,B,10+ years,MORTGAGE,47200,Not Verified,debt_consolidation,25.76,1,708,52.3,Fully Paid
13000,60 months,10.97,282.46,B,10+ years,MORTGAGE,57900,Not Verified,debt_consolidation,5.76,2,715,31.7,Fully Paid
7200,36 months,13.53,244.44,C,7 years,RENT,24600,Source Verified,debt_consolidation,5.76,0,696,55.9,Fully Paid
13300,60 months,6.31,259.05,A,3 years,OWN,93900,Not Verified,credit_card,9.44,0,746,22.0,Fully Paid
14400,60 months,15.09,343.26,D,1 year,MORTGAGE,27200,Verified,credit_card,13.14,0,698,82.7,Charged Off
7800,36 months,16.33,275.5,D,9 years,OWN,42500,Source Verified,credit_card,6.3,0,679,87.0,Fully Paid
13800,36 months,19.01,505.92,E,10+ years,MORTGAGE,196900,Source Verified,debt_consolidation,16.9,0,662,58.1,Fully Paid
15200,60 months,7.35,303.49,A,10+ years,MORTGAGE,171900,Verified,debt_consolidation,10.1,1,745,84.5,Fully Paid
15400,36 months,13.01,518.96,C,10+ years,RENT,52100,Verified,credit_card,13.05,0,701,,Fully Paid
6900,36 months,14.55,237.67,C,1 year,MORTGAGE,163600,Source Verified,credit_card,17.5,1,700,24.2,Fully Paid
20200,36 months,10.71,658.55,B,< 1 year,MORTGAGE,124600,Not Verified,debt_consolidation,32.1,0,720,38.6,Fully Paid
8500,36 months,13.51,288.49,C,10+ years,MORTGAGE,65500,Not Verified,credit_card,26.59,0,692,75.1,Charged Off
19600,60 months,9.35,410.2,B,10+ years,RENT,88800,Not Verified,debt_consolidation,11.08,0,727,61.4,Fully Paid
12600,36 months,8.09,395.36,A,10+ years,RENT,166800,Not Verified,home_improvement,8.13,0,742,69.3,Fully Paid
15400,36 months,13.01,518.96,C,10+ years,MORTGAGE,56400,Not Verified,debt_consolidation,20.5,0,708,65.2,Fully Paid
11800,60 months,17.27,294.98,E,10+ years,MORTGAGE,34600,Source Verified,debt_consolidation,11.54,0,678,50.0,Charged Off
10600,36 months,13.22,358.28,C,7 years,MORTGAGE,39400,Verified,credit_card,14.49,1,693,64.8,Fully Paid
2900,36 months,16.55,102.74,E,10+ years,MORTGAGE,65900,Not Verified,credit_card,21.11,1,678,65.6,Charged Off
12600,36 months,6.38,385.49,A,8 years,RENT,112700,Source Verified,debt_consolidation,18.35,0,724,36.3,Fully Paid
11000,60 months,14.84,260.77,D,6 years,MORTGAGE,49900,Not Verified,credit_card,11.14,1,660,52.7,Charged Off
5100,36 months,10.39,165.5,B,3 years,MORTGAGE,108800,Not Verified,debt_consolidation,36.84,1,692,68.2,Fully Paid
18700,36 months,8.48,590.14,B,2 years,RENT,43900,Not Verified,credit_card,26.11,0,721,66.0,Fully Paid
20300,36 months,16.51,718.81,C,1 year,MORTGAGE,33200,Verified,major_purchase,28.68,0,687,51.6,Fully Paid
14900,36 months,9.3,475.9,B,< 1 year,MORTGAGE,77400,Verified,major_purchase,31.15,0,740,55.8,Fully Paid
20000,36 months,11.64,660.85,B,< 1 year,OWN,72300,Not Verified,debt_consolidation,12.38,1,707,51.5,Fully Paid
17400,36 months,17.39,623.74,D,10+ years,MORTGAGE,64900,Source Verified,debt_consolidation,22.09,1,690,40.6,Fully Paid
8600,36 months,15.19,298.92,D,10+ years,MORTGAGE,39300,Source Verified,debt_consolidation,12.19,0,685,52.4,Fully Paid
17500,36 months,6.36,535.24,A,9 years,MORTGAGE,184600,Verified,small_business,16.82,0,745,77.6,Fully Paid
4400,36 months,14.64,151.75,D,10+ years,MORTGAGE,194700,Verified,debt_consolidation,22.93,0,678,78.8,Charged Off
17700,36 months,19.17,650.33,E,< 1 year,MORTGAGE,21800,Not Verified,medical,43.58,0,689,25.4,Fully Paid
10600,36 months,22.95,410.05,E,6 years,RENT,55300,Source Verified,debt_consolidation,8.22,0,666,62.1,Fully Paid
5700,36 months,13.27,192.8,C,2 years,RENT,71300,Verified,credit_card,18.84,0,686,61.8,Fully Paid
6400,36 months,7.06,197.79,A,3 years,RENT,50300,Not Verified,small_business,25.17,0,734,66.5,Fully Paid
23100,60 months,14.7,545.92,D,8 years,RENT,126400,Source Verified,home_improvement,14.71,0,690,80.1,Fully Paid
16800,36 months,18.55,612.01,E,4 years,MORTGAGE,44600,Verified,other,19.97,1,664,14.9,Charged Off
17000,60 months,9.14,354.05,B,2 years,RENT,60300,Verified,debt_consolidation,17.14,0,737,51.9,Fully Paid
30700,36 months,10.84,1002.75,B,3 years,RENT,40600,Source Verified,debt_consolidation,16.85,0,725,24.4,Fully Paid
25800,36 months,20.19,961.32,E,7 years,RENT,59900,Not Verified,debt_consolidation,26.07,1,659,69.8,Fully Paid
7200,60 months,19.38,188.28,E,10+ years,MORTGAGE,60600,Not Verified,credit_card,17.43,0,669,52.3,Fully Paid
14000,36 months,10.71,456.42,B,10+ years,RENT,75800,Source Verified,credit_card,5.51,0,729,71.2,Fully Paid
9300,36 months,14.58,320.48,C,4 years,MORTGAGE,61300,Source Verified,home_improvement,18.77,0,703,,Fully Paid
14000,36 months,15.51,488.82,D,2 years,RENT,185100,Verified,credit_card,11.13,0,691,65.6,Fully Paid
12100,36 months,14.8,418.27,D,9 years,RENT,133300,Source Verified,home_improvement,30.13,0,691,66.6,Fully Paid
13200,60 months,16.89,327.27,D,10+ years,MORTGAGE,103300,Source Verified,debt_consolidation,25.63,0,682,92.8,Charged Off
14400,60 months,14.12,335.96,C,2 years,RENT,116600,Source Verified,debt_consolidation,9.76,0,701,55.1,Fully Paid
14200,36 months,10.9,464.22,B,10+ years,RENT,68300,Source Verified,home_improvement,13.3,0,691,65.1,Fully Paid
35400,36 months,5.91,1075.49,A,,MORTGAGE,63100,Not Verified,home_improvement,30.25,1,756,68.1,Charged Off
19400,60 months,23.83,556.19,F,10+ years,RENT,17400,Not Verified,debt_consolidation,11.5,1,639,57.5,Charged Off
27000,36 months,19.25,993.13,D,10+ years,MORTGAGE,59100,Not Verified,credit_card,38.02,0,689,54.6,Charged Off
9500,36 months,14.04,324.87,C,1 year,RENT,37300,Source Verified,debt_consolidation,9.39,0,672,47.8,Fully Paid
7600,36 months,12.37,253.77,B,10+ years,MORTGAGE,49000,Source Verified,debt_consolidation,17.47,0,715,56.1,Fully Paid
3800,60 months,12.88,86.23,C,10+ years,MORTGAGE,118400,Not Verified,debt_consolidation,17.49,0,695,51.6,Fully Paid
32000,36 months,6.23,976.84,A,7 years,RENT,35300,Not Verified,debt_consolidation,33.24,0,747,40.6,Fully Paid
11000,36 months,9.34,351.54,B,3 years,MORTGAGE,43800,Source Verified,other,24.33,0,722,53.1,Fully Paid
14100,36 months,10.53,458.48,B,5 years,RENT,120500,Not Verified,debt_consolidation,18.81,0,707,81.8,Charged Off
7400,60 months,13.92,171.88,C,4 years,MORTGAGE,42800,Not Verified,debt_consolidation,47.95,2,698,62.8,Charged Off
9400,36 months,17.86,339.17,D,4 years,RENT,62900,Verified,debt_consolidation,14.78,0,673,89.1,Fully Paid
12700,60 months,15.87,307.96,D,10+ years,RENT,70200,Not Verified,debt_consolidation,15.77,0,661,52.2,Charged Off
26700,60 months,22.58,746.26,F,5 years,MORTGAGE,65000,Verified,credit_card,24.61,0,669,33.3,Fully Paid
12800,36 months,7.07,395.64,A,4 years,RENT,44600,Not Verified,debt_consolidation,16.09,0,753,24.9,Fully Paid
10400,36 months,15.47,362.92,C,3 years,RENT,77000,Source Verified,major_purchase,24.12,0,695,45.7,Fully Paid
10800,36 months,20.46,403.9,E,10+ years,RENT,45400,Source Verified,debt_consolidation,15.53,0,654,95.3,Fully Paid
6900,36 months,14.12,236.23,C,7 years,MORTGAGE,119700,Verified,credit_card,13.91,0,713,50.8,Fully Paid
20000,36 months,20.15,744.8,E,5 years,OWN,55100,Not Verified,debt_consolidation,22.71,0,657,11.6,Charged Off
36100,36 months,16.71,1281.86,D,,MORTGAGE,94700,Verified,credit_card,19.51,0,693,18.1,Charged Off
6300,36 months,13.72,214.46,C,8 years,RENT,32200,Source Verified,debt_consolidation,13.22,0,712,43.7,Fully Paid
10400,36 months,10.77,339.35,B,7 years,MORTGAGE,215400,Source Verified,medical,14.39,0,699,82.1,Fully Paid
17700,60 months,18.39,453.23,D,< 1 year,RENT,32500,Verified,credit_card,13.92,0,692,37.8,Fully Paid
11000,36 months,17.38,394.26,D,10+ years,RENT,71100,Verified,debt_consolidation,32.05,1,672,60.0,Fully Paid
10200,36 months,11.97,338.64,C,10+ years,RENT,139800,Verified,medical,9.73,0,693,62.2,Fully Paid
12500,36 months,18.6,455.68,D,8 years,MORTGAGE,44400,Source Verified,home_improvement,21.0,0,663,24.3,Charged Off
10400,36 months,12.74,349.12,C,10+ years,MORTGAGE,50100,Source Verified,medical,15.8,0,727,75.5,Fully Paid
20700,36 months,13.72,704.67,C,< 1 year,MORTGAGE,61700,Not Verified,debt_consolidation,18.39,0,697,40.9,Fully Paid
8700,36 months,11.52,286.97,C,10+ years,RENT,70600,Not Verified,debt_consolidation,15.52,1,720,34.7,Charged Off
14400,60 months,20.07,382.07,E,2 years,RENT,92100,Not Verified,debt_consolidation,34.68,0,644,37.5,Fully Paid
18900,36 months,18.83,691.18,D,,OWN,47800,Not Verified,other,19.59,0,673,47.7,Charged Off
12700,60 months,20.61,340.8,E,2 years,MORTGAGE,134400,Not Verified,credit_card,12.72,0,665,37.7,Fully Paid
5600,36 months,18.32,203.35,D,4 years,MORTGAGE,54700,Source Verified,debt_consolidation,18.86,0,684,60.8,Charged Off
8500,60 months,6.66,166.95,A,9 years,RENT,84600,Verified,credit_card,14.68,0,740,32.4,Fully Paid
7400,60 months,14.78,175.19,C,3 years,RENT,116300,Source Verified,debt_consolidation,10.49,0,696,42.3,Fully Paid
11200,36 months,14.14,383.55,C,10+ years,RENT,170600,Verified,home_improvement,10.27,1,691,96.0,Fully Paid
13900,36 months,7.11,429.89,A,1 year,MORTGAGE,119900,Not Verified,car,6.93,0,745,3.1,Fully Paid
12200,36 months,7.8,381.18,A,,RENT,57700,Source Verified,debt_consolidation,16.79,0,738,49.2,Fully Paid
6400,60 months,11.84,141.85,B,10+ years,MORTGAGE,45500,Not Verified,debt_consolidation,40.25,0,732,25.0,Fully Paid
15000,60 months,13.07,341.83,C,7 years,RENT,54800,Verified,debt_consolidation,13.51,0,723,38.7,Fully Paid
16600,36 months,13.3,561.72,C,2 years,MORTGAGE,37100,Not Verified,credit_card,17.39,0,687,41.1,Fully Paid
35500,36 months,16.9,1263.91,D,9 years,RENT,62300,Not Verified,debt_consolidation,15.72,2,698,61.3,Charged Off
12800,36 months,14.82,442.59,C,10+ years,RENT,53300,Verified,small_business,16.14,0,711,,Charged Off
8400,60 months,8.95,174.17,B,9 years,MORTGAGE,38900,Not Verified,debt_consolidation,9.65,0,740,77.9,Fully Paid
5500,36 months,10.95,179.93,B,9 years,MORTGAGE,177600,Not Verified,debt_consolidation,8.21,0,729,21.6,Fully Paid
20700,60 months,10.48,444.72,B,4 years,MORTGAGE,85100,Source Verified,credit_card,17.54,0,697,79.7,Fully Paid
8400,60 months,6.32,163.65,A,10+ years,RENT,245100,Verified,credit_card,10.3,0,740,47.5,Fully Paid
7100,60 months,12.72,160.53,C,< 1 year,OWN,70500,Verified,debt_consolidation,22.67,0,702,88.5,Fully Paid
15500,36 months,12.62,519.42,C,9 years,OWN,82100,Not Verified,debt_consolidation,27.11,0,715,36.1,Fully Paid
11900,36 months,23.55,464.06,F,4 years,OTHER,116800,Not Verified,debt_consolidation,20.97,1,639,54.0,Fully Paid
10000,36 months,6.28,305.49,A,< 1 year,MORTGAGE,43600,Verified,credit_card,25.71,0,737,43.3,Fully Paid
15200,36 months,9.78,488.89,B,3 years,RENT,60200,Verified,car,11.2,1,713,48.7,Fully Paid
12000,36 months,14.58,413.52,C,10+ years,OWN,29700,Not Verified,home_improvement,25.11,0,708,19.6,Fully Paid
12900,60 months,7.52,258.61,A,3 years,OWN,124900,Verified,debt_consolidation,16.62,0,754,41.4,Fully Paid
15300,36 months,13.82,521.58,C,5 years,MORTGAGE,71600,Verified,debt_consolidation,18.99,1,714,52.6,Fully Paid
13300,36 months,10.32,431.15,B,6 years,MORTGAGE,62000,Not Verified,debt_consolidation,20.73,0,723,42.9,Fully Paid
18500,36 months,15.35,644.48,D,4 years,MORTGAGE,84000,Not Verified,other,18.8,1,698,56.1,Charged Off
14100,36 months,9.32,450.48,B,9 years,MORTGAGE,80600,Not Verified,small_business,14.47,0,707,44.1,Fully Paid
5900,36 months,9.31,188.47,B,5 years,RENT,169600,Source Verified,other,35.22,0,710,18.0,Fully Paid
16600,36 months,17.72,597.8,E,3 years,RENT,50000,Verified,debt_consolidation,10.97,0,647,42.1,Fully Paid
14300,60 months,11.75,316.29,C,10+ years,MORTGAGE,50300,Not Verified,debt_consolidation,7.01,1,694,45.2,Fully Paid
14200,36 months,12.94,478.04,C,10+ years,RENT,79600,Verified,debt_consolidation,16.94,0,731,78.4,Fully Paid
30800,36 months,13.42,1044.02,C,10+ years,RENT,161800,Source Verified,credit_card,7.83,0,710,88.8,Fully Paid
12400,36 months,13.06,418.16,C,2 years,MORTGAGE,93800,Verified,credit_card,14.98,0,673,34.2,Fully Paid
4300,36 months,13.11,145.11,B,7 years,MORTGAGE,88200,Source Verified,debt_consolidation,17.7,1,700,45.6,Fully Paid
3700,36 months,8.69,117.13,A,10+ years,MORTGAGE,55700,Not Verified,credit_card,16.31,0,744,47.7,Fully Paid
10800,60 months,11.44,237.19,B,10+ years,RENT,65700,Not Verified,debt_consolidation,35.92,1,700,9.5,Fully Paid
40000,60 months,26.94,1219.98,G,10+ years,MORTGAGE,47100,Source Verified,debt_consolidation,27.41,0,664,35.6,Charged Off
9200,60 months,6.77,181.17,A,1 year,RENT,79500,Not Verified,small_business,27.01,0,737,36.3,Fully Paid
4500,36 months,25.87,181.0,F,5 years,MORTGAGE,161900,Verified,debt_consolidation,15.1,0,638,77.0,Charged Off
16900,36 months,17.2,604.21,D,5 years,MORTGAGE,67300,Not Verified,debt_consolidation,16.29,1,679,23.7,Fully Paid
15700,36 months,11.13,514.96,B,2 years,MORTGAGE,107700,Verified,debt_consolidation,23.15,0,718,19.9,Fully Paid
7200,36 months,11.44,237.22,C,5 years,RENT,51400,Not Verified,credit_card,17.65,0,715,48.6,Fully Paid
14100,36 months,16.13,496.62,D,3 years,MORTGAGE,58900,Verified,home_improvement,11.34,1,683,47.3,Fully Paid
15300,36 months,9.79,492.18,B,3 years,MORTGAGE,30700,Not Verified,debt_consolidation,9.19,0,736,20.9,Fully Paid
28800,36 months,19.44,1062.11,E,10+ years,RENT,88800,Source Verified,major_purchase,12.52,0,679,44.3,Fully Paid
8700,60 months,9.72,183.65,B,10+ years,MORTGAGE,61200,Not Verified,debt_consolidation,16.67,0,717,36.3,Fully Paid
6500,36 months,9.3,207.61,B,10+ years,RENT,103100,Not Verified,debt_consolidation,23.06,1,722,34.7,Fully Paid
40000,60 months,9.97,849.29,B,2 years,MORTGAGE,48500,Not Verified,debt_consolidation,30.03,0,701,50.7,Fully Paid
12600,60 months,12.89,285.98,B,1 year,MORTGAGE,56200,Verified,credit_card,13.84,0,711,26.4,Fully Paid
14400,36 months,13.14,486.16,C,1 year,OWN,32900,Not Verified,debt_consolidation,11.1,0,698,30.1,Fully Paid
17000,36 months,8.25,534.68,A,10+ years,OWN,84300,Verified,debt_consolidation,21.35,0,761,37.0,Fully Paid
21000,36 months,13.1,708.58,C,2 years,RENT,103200,Source Verified,credit_card,9.02,0,708,73.0,Fully Paid
19100,60 months,18.31,488.24,D,10+ years,MORTGAGE,90600,Not Verified,medical,23.43,0,695,43.8,Fully Paid
7000,60 months,9.59,147.32,B,4 years,OWN,61600,Not Verified,debt_consolidation,18.94,0,703,32.0,Fully Paid
12100,36 months,21.55,459.29,E,5 years,RENT,144900,Source Verified,home_improvement,13.5,0,665,62.9,Fully Paid
10100,60 months,11.08,220.0,B,10+ years,MORTGAGE,31500,Not Verified,debt_consolidation,25.98,0,712,20.7,Fully Paid
16900,60 months,11.53,371.93,B,10+ years,RENT,63000,Verified,debt_consolidation,5.95,1,712,60.1,Fully Paid
5400,36 months,14.28,185.29,D,10+ years,MORTGAGE,71100,Not Verified,car,15.83,0,664,44.1,Charged Off
18900,36 months,11.11,619.75,B,10+ years,RENT,43600,Not Verified,debt_consolidation,8.71,0,694,41.4,Fully Paid
6800,36 months,16.32,240.14,D,1 year,RENT,29200,Source Verified,debt_consolidation,14.73,0,684,40.3,Fully Paid
14800,36 months,9.87,476.65,B,1 year,MORTGAGE,29300,Not Verified,debt_consolidation,21.21,0,716,39.0,Charged Off
35500,36 months,9.31,1134.02,B,2 years,MORTGAGE,90700,Source Verified,home_improvement,39.69,0,722,36.4,Fully Paid
4700,36 months,16.7,166.87,D,10+ years,MORTGAGE,46100,Source Verified,credit_card,31.5,0,682,49.1,Fully Paid
6800,60 months,11.55,149.72,B,5 years,RENT,53600,Verified,debt_consolidation,23.94,0,678,69.3,Charged Off
32400,36 months,14.75,1119.19,C,10+ years,MORTGAGE,124900,Not Verified,credit_card,10.09,0,695,13.5,Fully Paid
14000,36 months,9.17,446.3,B,< 1 year,MORTGAGE,48600,Source Verified,credit_card,11.02,0,698,63.3,Fully Paid
3700,36 months,9.12,117.87,B,3 years,RENT,55400,Source Verified,major_purchase,23.88,1,741,63.6,Fully Paid
8300,60 months,9.91,175.98,B,2 years,RENT,48000,Source Verified,major_purchase,8.34,0,731,38.2,Fully Paid
5000,36 months,12.71,167.77,C,10+ years,MORTGAGE,67000,Not Verified,debt_consolidation,11.7,0,689,36.2,Fully Paid
9100,36 months,10.79,297.02,B,2 years,MORTGAGE,101900,Verified,debt_consolidation,18.8,0,724,36.9,Charged Off
3800,36 months,16.49,134.52,D,3 years,MORTGAGE,160000,Source Verified,debt_consolidation,10.22,2,658,45.8,Fully Paid
26900,36 months,7.09,831.7,A,10+ years,MORTGAGE,119600,Not Verified,debt_consolidation,13.6,0,756,69.9,Fully Paid
19800,36 months,14.23,678.93,C,3 years,RENT,114400,Verified,debt_consolidation,23.87,0,717,27.8,Fully Paid
11100,36 months,10.05,358.43,B,9 years,MORTGAGE,55900,Not Verified,other,8.29,0,717,36.1,Fully Paid
6700,60 months,17.99,170.1,D,6 years,RENT,64800,Verified,debt_consolidation,3.46,0,705,50.0,Fully Paid
40000,36 months,18.23,1450.72,E,< 1 year,OWN,58600,Not Verified,debt_consolidation,16.91,0,667,32.1,Fully Paid
30800,60 months,10.15,656.68,B,10+ years,RENT,75800,Not Verified,debt_consolidation,11.35,0,720,58.3,Fully Paid
15700,60 months,7.47,314.37,A,10+ years,MORTGAGE,60200,Verified,other,7.21,0,740,45.8,Fully Paid
11500,60 months,16.5,282.72,C,10+ years,RENT,61000,Source Verified,debt_consolidation,12.34,0,684,49.2,Fully Paid
16700,36 months,10.3,541.22,B,8 years,MORTGAGE,44900,Verified,debt_consolidation,15.76,0,717,32.7,Fully Paid
13600,36 months,8.52,429.44,B,3 years,MORTGAGE,225900,Verified,debt_consolidation,6.76,0,724,67.7,Fully Paid
11300,36 months,27.97,467.23,G,2 years,RENT,152900,Verified,car,6.12,1,631,53.5,Fully Paid
8000,60 months,13.55,184.28,C,10+ years,RENT,65000,Not Verified,credit_card,8.48,0,686,14.1,Fully Paid
15500,60 months,12.51,348.8,C,6 years,MORTGAGE,207000,Not Verified,major_purchase,14.39,0,689,49.5,Fully Paid
9300,60 months,5.43,177.34,A,10+ years,MORTGAGE,43600,Not Verified,credit_card,11.1,0,756,82.2,Fully Paid
9600,36 months,16.23,338.6,D,3 years,RENT,37000,Source Verified,small_business,11.69,0,696,47.9,Fully Paid
34900,60 months,16.94,866.23,D,10+ years,RENT,142400,Verified,debt_consolidation,15.57,0,666,66.7,Charged Off
9600,36 months,12.36,320.51,C,< 1 year,MORTGAGE,44700,Verified,debt_consolidation,9.25,0,704,66.5,Fully Paid
9200,36 months,7.57,286.47,A,5 years,RENT,186500,Not Verified,debt_consolidation,14.38,0,746,76.8,Fully Paid
5100,36 months,16.27,179.98,D,< 1 year,RENT,142500,Not Verified,credit_card,22.74,0,693,67.3,Fully Paid
20600,36 months,12.35,687.66,C,5 years,RENT,53500,Not Verified,home_improvement,28.88,0,698,42.7,Fully Paid
3400,36 months,10.75,110.91,B,< 1 year,MORTGAGE,172000,Not Verified,home_improvement,11.74,0,726,85.1,Fully Paid
16700,60 months,14.78,395.37,C,3 years,MORTGAGE,77400,Verified,debt_consolidation,10.76,0,711,66.6,Fully Paid
8600,36 months,13.18,290.51,C,7 years,MORTGAGE,31400,Not Verified,debt_consolidation,11.14,0,698,59.2,Fully Paid
13200,60 months,7.43,264.06,A,2 years,RENT,86200,Not Verified,debt_consolidation,16.68,0,757,74.9,Fully Paid
9100,36 months,16.94,324.17,D,1 year,OWN,54500,Verified,debt_consolidation,16.79,2,700,25.3,Fully Paid
14600,36 months,9.25,465.98,B,10+ years,RENT,67200,Not Verified,home_improvement,29.4,1,718,11.5,Charged Off
6100,36 months,13.48,206.95,C,10+ years,MORTGAGE,61200,Not Verified,medical,17.06,0,714,58.5,Charged Off
5400,36 months,13.3,182.73,C,4 years,RENT,102400,Verified,debt_consolidation,23.72,0,689,70.2,Charged Off
5600,36 months,7.08,173.12,A,10+ years,MORTGAGE,52900,Not Verified,debt_consolidation,33.21,0,751,39.1,Fully Paid
15100,60 months,6.0,291.93,A,9 years,MORTGAGE,40300,Source Verified,debt_consolidation,15.08,0,734,27.7,Fully Paid
17500,60 months,11.2,382.24,C,3 years,MORTGAGE,48700,Verified,debt_consolidation,23.61,0,697,54.7,Charged Off
18800,36 months,9.82,605.04,B,10+ years,OWN,95700,Source Verified,credit_card,13.6,0,716,68.7,Charged Off
10300,60 months,18.44,264.02,D,6 years,OWN,125200,Not Verified,credit_card,17.15,0,677,30.0,Fully Paid
6200,36 months,15.98,217.91,C,10+ years,MORTGAGE,45400,Verified,credit_card,11.55,0,695,48.0,Fully Paid
7500,36 months,11.68,247.96,C,< 1 year,RENT,54200,Not Verified,debt_consolidation,15.66,1,687,62.3,Fully Paid
27300,60 months,11.4,599.03,B,3 years,MORTGAGE,62800,Source Verified,debt_consolidation,10.99,0,698,46.4,Fully Paid
2200,60 months,10.38,47.16,B,8 years,MORTGAGE,38300,Source Verified,debt_consolidation,30.01,1,718,40.4,Fully Paid
4900,36 months,10.76,159.86,B,2 years,MORTGAGE,45500,Source Verified,debt_consolidation,12.5,1,719,40.7,Fully Paid
14700,60 months,9.69,310.09,B,10+ years,RENT,32600,Not Verified,debt_consolidation,15.65,0,716,7.9,Fully Paid
22900,36 months,10.56,744.95,B,< 1 year,RENT,46000,Not Verified,other,10.53,0,713,58.3,Fully Paid
20700,36 months,16.92,737.19,E,10+ years,MORTGAGE,130400,Not Verified,home_improvement,13.56,1,693,62.6,Fully Paid
24600,60 months,29.35,786.1,G,2 years,OWN,45100,Source Verified,debt_consolidation,13.18,3,665,69.4,Charged Off
10100,36 months,14.98,350.02,D,10+ years,MORTGAGE,57500,Verified,credit_card,37.16,1,688,67.5,Fully Paid
8200,36 months,19.37,302.12,E,5 years,RENT,129800,Verified,car,15.38,0,666,52.4,Fully Paid
20100,36 months,14.65,693.33,D,10+ years,OWN,79200,Source Verified,home_improvement,30.37,0,698,76.1,Charged Off
6400,36 months,6.16,195.16,A,,MORTGAGE,22800,Source Verified,credit_card,22.51,1,743,86.0,Fully Paid
11100,60 months,8.5,227.73,B,10+ years,RENT,40800,Not Verified,debt_consolidation,26.47,0,712,73.7,Charged Off
3800,36 months,14.65,131.08,D,10+ years,RENT,89200,Source Verified,credit_card,30.44,0,695,49.5,Charged Off
10300,36 months,10.24,333.51,B,4 years,MORTGAGE,100900,Not Verified,small_business,14.55,0,722,51.2,Fully Paid
10800,60 months,15.21,258.12,C,< 1 year,RENT,115700,Verified,debt_consolidation,24.36,0,692,29.9,Fully Paid
5600,36 months,10.04,180.8,B,10+ years,RENT,104200,Source Verified,debt_consolidation,17.55,1,697,59.8,Fully Paid
8700,36 months,11.55,287.1,B,4 years,RENT,52100,Verified,debt_consolidation,30.85,0,704,55.7,Fully Paid
5700,36 months,10.89,186.31,B,10+ years,MORTGAGE,47400,Not Verified,debt_consolidation,27.97,0,711,42.4,Fully Paid
10000,60 months,10.21,213.51,B,6 years,RENT,13000,Verified,credit_card,29.98,0,712,40.2,Fully Paid
13400,36 months,12.88,450.72,C,1 year,MORTGAGE,40900,Source Verified,credit_card,20.63,1,690,79.8,Charged Off
17700,60 months,11.7,391.05,B,8 years,MORTGAGE,80800,Not Verified,debt_consolidation,34.46,0,697,43.3,Fully Paid
12500,36 months,12.99,421.11,C,,OTHER,56400,Not Verified,debt_consolidation,17.21,1,702,54.4,Fully Paid
22900,36 months,10.84,747.98,B,3 years,MORTGAGE,203100,Not Verified,debt_consolidation,10.65,0,726,26.4,Fully Paid
17100,60 months,22.48,476.96,F,4 years,OWN,206500,Not Verified,debt_consolidation,11.44,0,664,58.8,Fully Paid
8300,36 months,13.85,283.07,C,8 years,MORTGAGE,161200,Verified,credit_card,10.43,1,692,51.5,Fully Paid
10000,36 months,13.35,338.63,C,4 years,RENT,44900,Not Verified,debt_consolidation,34.54,0,676,85.2,Fully Paid
9600,36 months,14.62,331.0,D,8 years,RENT,78500,Not Verified,credit_card,12.63,0,703,67.0,Fully Paid
6600,36 months,14.01,225.6,C,4 years,MORTGAGE,71600,Not Verified,credit_card,13.48,0,693,67.9,Fully Paid
13800,36 months,19.54,509.63,E,10+ years,RENT,30000,Source Verified,credit_card,10.35,0,678,35.3,Fully Paid
7800,60 months,13.68,180.2,C,8 years,MORTGAGE,33100,Verified,debt_consolidation,22.35,0,702,83.2,Fully Paid
14100,60 months,5.43,268.87,A,10+ years,RENT,30500,Verified,debt_consolidation,24.72,0,739,56.4,Fully Paid
10700,36 months,11.39,352.28,B,9 years,MORTGAGE,47500,Verified,home_improvement,24.71,0,725,40.6,Fully Paid
34300,36 months,10.67,1117.59,B,2 years,RENT,40900,Verified,debt_consolidation,29.26,1,726,8.1,Charged Off
18600,36 months,6.24,567.87,A,2 years,MORTGAGE,29800,Source Verified,debt_consolidation,33.41,0,746,35.7,Fully Paid
9000,36 months,7.58,280.29,A,9 years,RENT,105900,Verified,credit_card,14.73,0,732,72.9,Fully Paid
11200,60 months,9.86,237.2,B,6 years,RENT,53700,Verified,credit_card,12.57,0,717,59.7,Fully Paid
15800,36 months,11.29,519.44,B,3 years,RENT,90100,Source Verified,credit_card,9.0,0,719,54.0,Fully Paid
7100,36 months,7.04,219.36,A,10+ years,MORTGAGE,92500,Source Verified,other,37.95,0,759,56.2,Fully Paid
11100,60 months,8.8,229.34,B,9 years,MORTGAGE,130800,Source Verified,debt_consolidation,18.7,0,743,34.8,Fully Paid
13300,36 months,17.19,475.44,D,1 year,RENT,32600,Verified,debt_consolidation,7.05,0,677,62.7,Fully Paid
11300,60 months,9.27,236.05,A,10+ years,RENT,42100,Not Verified,debt_consolidation,28.08,0,747,30.7,Fully Paid
11900,36 months,17.86,429.38,D,10+ years,MORTGAGE,40600,Verified,debt_consolidation,15.82,0,683,74.5,Fully Paid
15400,36 months,8.44,485.71,B,5 years,RENT,93000,Verified,debt_consolidation,18.41,1,708,82.6,Charged Off
4700,60 months,17.87,119.02,D,5 years,OWN,101500,Source Verified,debt_consolidation,19.36,2,688,71.5,Fully Paid
11400,60 months,10.17,243.17,B,10+ years,MORTGAGE,87500,Verified,debt_consolidation,17.31,0,723,40.0,Charged Off
14600,36 months,12.59,489.05,C,10+ years,MORTGAGE,84200,Verified,debt_consolidation,15.87,0,706,78.8,Fully Paid
7800,60 months,12.55,175.68,C,1 year,RENT,130700,Verified,credit_card,15.48,0,701,81.7,Charged Off
27000,36 months,8.47,851.95,A,10+ years,MORTGAGE,73600,Not Verified,credit_card,9.7,0,745,,Fully Paid
12100,36 months,6.58,371.29,A,,RENT,155500,Not Verified,debt_consolidation,18.71,0,746,15.7,Fully Paid
13400,36 months,11.23,440.16,B,1 year,MORTGAGE,76400,Source Verified,home_improvement,24.26,0,715,65.8,Charged Off
5900,36 months,10.08,190.6,B,2 years,RENT,75400,Source Verified,debt_consolidation,18.93,1,719,35.9,Fully Paid
23400,60 months,15.51,562.97,C,7 years,MORTGAGE,101100,Not Verified,debt_consolidation,8.4,0,726,58.6,Fully Paid
5400,60 months,5.47,103.07,A,3 years,MORTGAGE,126200,Verified,debt_consolidation,19.6,0,764,88.5,Fully Paid
24600,60 months,15.72,594.57,C,4 years,MORTGAGE,75800,Not Verified,debt_consolidation,13.54,0,710,12.4,Fully Paid
15600,60 months,10.35,334.15,B,< 1 year,OWN,92400,Not Verified,other,14.29,0,706,53.1,Fully Paid
13200,60 months,13.6,304.41,C,10+ years,RENT,38500,Not Verified,debt_consolidation,4.71,0,701,22.2,Fully Paid
6100,36 months,10.11,197.15,B,3 years,MORTGAGE,51600,Source Verified,credit_card,20.24,0,696,54.9,Fully Paid
10100,36 months,10.03,326.04,B,10+ years,RENT,103200,Verified,credit_card,23.01,0,700,43.5,Fully Paid
8600,60 months,15.76,208.04,D,8 years,MORTGAGE,53700,Not Verified,credit_card,18.17,0,688,77.3,Charged Off
5700,36 months,14.4,195.92,C,5 years,MORTGAGE,500000,Not Verified,debt_consolidation,10.6,0,714,26.6,Fully Paid
5300,36 months,6.51,162.46,A,6 years,RENT,48900,Verified,debt_consolidation,9.21,1,755,51.0,Fully Paid
22600,36 months,16.84,803.95,D,,MORTGAGE,43800,Verified,debt_consolidation,8.87,0,681,18.5,Charged Off
12300,36 months,14.51,423.44,C,2 years,MORTGAGE,68500,Not Verified,credit_card,11.29,1,700,22.9,Fully Paid
8000,36 months,12.02,265.79,C,7 years,OWN,38500,Verified,debt_consolidation,22.84,0,701,61.5,Fully Paid
10400,36 months,6.59,319.18,A,4 years,RENT,71300,Not Verified,debt_consolidation,16.77,1,753,25.6,Fully Paid
11900,36 months,10.3,385.66,B,5 years,RENT,113700,Not Verified,debt_consolidation,9.59,0,712,78.6,Fully Paid
11600,36 months,13.0,390.85,C,5 years,MORTGAGE,80200,Verified,debt_consolidation,11.24,0,695,28.3,Fully Paid
8400,60 months,8.91,174.0,B,10+ years,RENT,187600,Source Verified,credit_card,10.32,0,724,44.6,Fully Paid
9000,36 months,5.0,269.74,A,10+ years,RENT,50500,Verified,debt_consolidation,16.03,0,750,88.2,Fully Paid
6700,36 months,7.77,209.24,A,10+ years,MORTGAGE,27900,Not Verified,home_improvement,11.62,0,767,77.9,Fully Paid
6300,60 months,10.77,136.26,C,9 years,MORTGAGE,33600,Not Verified,credit_card,30.07,0,719,91.0,Charged Off
8500,36 months,16.24,299.84,D,2 years,RENT,44700,Source Verified,major_purchase,10.18,0,682,38.7,Fully Paid
17300,60 months,14.34,405.6,C,1 year,MORTGAGE,127800,Not Verified,car,16.74,0,682,27.2,Fully Paid
11100,36 months,16.63,393.7,D,10+ years,MORTGAGE,33300,Source Verified,debt_consolidation,8.84,0,682,57.7,Fully Paid
22100,36 months,13.97,755.0,C,10+ years,MORTGAGE,59900,Source Verified,debt_consolidation,20.71,0,690,76.4,Charged Off
9200,60 months,24.41,266.86,G,8 years,MORTGAGE,39600,Verified,debt_consolidation,23.76,0,653,58.2,Charged Off
15000,60 months,18.05,381.31,D,< 1 year,RENT,93700,Verified,car,17.98,0,701,37.1,Fully Paid
8500,36 months,9.76,273.31,B,5 years,MORTGAGE,112800,Not Verified,credit_card,12.33,1,704,32.9,Charged Off
9300,60 months,8.06,188.84,A,8 years,MORTGAGE,69300,Source Verified,home_improvement,27.17,0,749,21.8,Fully Paid
7400,36 months,6.52,226.87,A,5 years,RENT,39100,Not Verified,debt_consolidation,11.36,0,776,23.6,Fully Paid
13100,36 months,11.36,431.11,B,2 years,OWN,69800,Not Verified,debt_consolidation,20.1,0,717,74.7,Fully Paid
19000,60 months,12.17,424.28,C,10+ years,MORTGAGE,38500,Not Verified,debt_consolidation,29.71,0,703,45.4,Charged Off
12300,36 months,16.78,437.18,D,10+ years,MORTGAGE,51200,Verified,small_business,35.26,0,701,45.2,Charged Off
16200,36 months,17.3,580.0,D,3 years,RENT,81800,Verified,other,14.53,0,700,35.3,Fully Paid
10800,60 months,12.3,241.88,C,10+ years,RENT,42600,Source Verified,debt_consolidation,10.61,0,697,33.9,Fully Paid
18800,36 months,15.12,652.81,C,10+ years,RENT,67700,Verified,credit_card,6.9,0,702,29.7,Fully Paid
4200,36 months,16.61,148.93,D,3 years,RENT,285400,Source Verified,credit_card,22.91,0,702,44.1,Fully Paid
17500,60 months,14.14,408.47,C,2 years,MORTGAGE,79300,Not Verified,debt_consolidation,9.2,0,708,39.0,Fully Paid
7300,36 months,11.89,242.08,B,4 years,MORTGAGE,116600,Source Verified,credit_card,25.38,0,716,29.7,Fully Paid
11900,36 months,7.08,367.87,A,9 years,RENT,97200,Not Verified,credit_card,8.63,0,749,37.7,Fully Paid
8500,36 months,24.16,334.19,F,2 years,MORTGAGE,144000,Not Verified,other,28.45,1,696,93.9,Fully Paid
13000,36 months,11.35,427.76,B,10+ years,MORTGAGE,41600,Verified,debt_consolidation,30.07,0,727,75.7,Fully Paid
18900,36 months,5.77,573.01,A,5 years,MORTGAGE,20800,Source Verified,credit_card,11.76,0,754,67.1,Fully Paid
13100,36 months,14.4,450.28,C,2 years,MORTGAGE,38700,Verified,debt_consolidation,24.76,2,697,59.6,Fully Paid
12900,36 months,16.6,457.36,D,2 years,MORTGAGE,115100,Source Verified,debt_consolidation,15.62,1,702,60.1,Fully Paid
16600,36 months,6.47,508.55,A,< 1 year,OWN,130100,Not Verified,debt_consolidation,19.47,0,738,26.9,Fully Paid
10300,36 months,6.48,315.59,A,10+ years,RENT,44300,Source Verified,credit_card,20.94,0,738,55.0,Charged Off
9300,36 months,15.4,324.21,C,10+ years,OWN,119300,Source Verified,debt_consolidation,8.79,1,712,54.8,Fully Paid
5900,60 months,14.1,137.59,C,10+ years,MORTGAGE,88000,Source Verified,medical,36.52,0,707,55.1,Charged Off
11900,36 months,10.29,385.6,B,1 year,MORTGAGE,83200,Verified,car,15.29,1,713,82.9,Fully Paid
12300,36 months,16.82,437.43,D,9 years,RENT,132400,Not Verified,home_improvement,21.29,1,682,86.0,Fully Paid
14200,36 months,7.74,443.28,A,8 years,OWN,26800,Source Verified,debt_consolidation,27.51,1,748,37.6,Fully Paid
19400,60 months,10.33,415.35,B,10+ years,MORTGAGE,93500,Source Verified,debt_consolidation,13.91,0,707,72.4,Fully Paid
15400,36 months,10.98,504.03,B,9 years,RENT,89800,Verified,debt_consolidation,13.66,2,725,54.6,Fully Paid
5400,36 months,14.12,184.87,D,8 years,MORTGAGE,35700,Not Verified,debt_consolidation,7.01,0,688,45.9,Fully Paid
12900,36 months,12.84,433.66,C,< 1 year,MORTGAGE,245600,Not Verified,debt_consolidation,8.71,0,717,66.8,Fully Paid
9000,36 months,6.33,275.15,A,10+ years,RENT,186400,Not Verified,credit_card,10.31,0,736,37.6,Fully Paid
20500,60 months,10.69,442.56,B,< 1 year,MORTGAGE,67100,Source Verified,debt_consolidation,9.86,0,743,73.7,Fully Paid
27500,36 months,5.86,834.86,A,8 years,RENT,81900,Not Verified,debt_consolidation,8.79,0,720,59.7,Fully Paid
14000,36 months,7.46,435.23,A,5 years,MORTGAGE,102200,Verified,debt_consolidation,13.34,0,766,73.2,Fully Paid
16700,36 months,16.18,588.61,D,10+ years,MORTGAGE,52700,Verified,credit_card,20.29,0,698,58.9,Fully Paid
19400,60 months,19.55,509.14,D,10+ years,MORTGAGE,39200,Verified,debt_consolidation,15.58,0,676,27.7,Fully Paid
11500,60 months,13.93,267.17,C,6 years,OWN,74400,Source Verified,debt_consolidation,20.99,0,711,49.4,Fully Paid
6300,36 months,12.37,210.37,B,4 years,MORTGAGE,99100,Not Verified,small_business,14.92,0,714,12.8,Fully Paid
6900,36 months,8.66,218.33,B,5 years,RENT,150600,Not Verified,home_improvement,9.22,0,723,47.4,Fully Paid
28700,36 months,11.96,952.7,C,8 years,OTHER,24700,Source Verified,debt_consolidation,22.55,3,709,46.1,Fully Paid
6700,36 months,13.91,228.7,C,1 year,MORTGAGE,68600,Source Verified,debt_consolidation,15.75,0,691,81.4,Charged Off
15200,60 months,17.18,379.23,D,2 years,MORTGAGE,62500,Verified,other,22.35,0,700,63.5,Fully Paid
15000,36 months,8.49,473.44,A,6 years,RENT,48200,Not Verified,debt_consolidation,32.18,0,761,57.4,Fully Paid
7200,60 months,9.95,152.8,B,10+ years,RENT,124900,Verified,debt_consolidation,13.39,0,712,25.0,Fully Paid
3500,36 months,10.26,113.36,B,10+ years,RENT,210900,Verified,major_purchase,28.41,0,700,71.6,Fully Paid
37000,36 months,16.56,1311.06,C,10+ years,RENT,26600,Source Verified,home_improvement,18.46,0,714,29.2,Fully Paid
7600,60 months,11.76,168.14,B,1 year,RENT,32900,Not Verified,credit_card,12.06,0,704,65.0,Fully Paid
24600,60 months,20.95,664.82,E,10+ years,MORTGAGE,54100,Verified,debt_consolidation,19.68,2,675,64.3,Charged Off
6100,36 months,17.99,220.5,D,4 years,MORTGAGE,60800,Not Verified,debt_consolidation,26.62,0,691,87.9,Fully Paid
11700,36 months,6.4,358.06,A,10+ years,MORTGAGE,65700,Not Verified,credit_card,13.59,1,732,46.7,Fully Paid
5900,36 months,9.92,190.15,B,10+ years,MORTGAGE,30900,Not Verified,major_purchase,9.73,0,708,23.7,Fully Paid
5800,36 months,7.51,180.44,A,3 years,RENT,55200,Not Verified,debt_consolidation,25.04,2,767,44.4,Fully Paid
10600,36 months,19.77,392.69,E,10+ years,MORTGAGE,58600,Verified,debt_consolidation,14.37,1,664,48.4,Fully Paid
7900,60 months,12.57,178.02,C,6 years,MORTGAGE,53300,Verified,debt_consolidation,21.44,2,699,62.0,Fully Paid
15000,36 months,24.69,593.94,F,2 years,MORTGAGE,33500,Not Verified,debt_consolidation,13.31,0,646,12.7,Fully Paid
14100,36 months,10.26,456.69,B,10+ years,RENT,42500,Not Verified,credit_card,16.77,0,721,21.9,Fully Paid
15300,36 months,7.35,474.87,A,10+ years,MORTGAGE,120000,Source Verified,debt_consolidation,18.97,2,736,59.0,Fully Paid
9800,36 months,11.49,323.12,B,2 years,MORTGAGE,85000,Verified,small_business,16.08,1,732,75.7,Charged Off
19700,36 months,13.29,666.53,C,10+ years,MORTGAGE,33200,Verified,debt_consolidation,4.04,0,720,55.6,Fully Paid
7700,60 months,14.86,182.62,D,10+ years,MORTGAGE,79200,Source Verified,credit_card,10.17,1,701,12.2,Fully Paid
21300,36 months,12.85,716.14,C,9 years,MORTGAGE,32500,Not Verified,debt_consolidation,19.59,0,724,74.1,Fully Paid
11300,60 months,13.38,259.31,C,10+ years,RENT,40600,Source Verified,debt_consolidation,48.93,2,694,49.7,Charged Off
8900,36 months,10.17,287.89,B,6 years,RENT,99700,Not Verified,debt_consolidation,18.54,0,702,88.6,Fully Paid
17900,60 months,10.48,384.56,B,10+ years,OWN,183100,Verified,debt_consolidation,15.83,1,724,78.0,Fully Paid
6600,36 months,13.75,224.77,C,1 year,MORTGAGE,39000,Source Verified,debt_consolidation,13.92,0,694,38.3,Fully Paid
20100,36 months,12.1,668.57,C,9 years,MORTGAGE,56300,Source Verified,debt_consolidation,13.05,0,724,37.5,Fully Paid
8400,36 months,16.48,297.31,D,10+ years,MORTGAGE,95900,Source Verified,car,22.11,0,672,74.9,Charged Off
7700,60 months,6.54,150.8,A,7 years,RENT,90700,Verified,credit_card,10.82,0,749,71.9,Fully Paid
19300,36 months,17.79,695.71,D,10+ years,MORTGAGE,145600,Not Verified,home_improvement,26.36,1,716,20.1,Fully Paid
12300,36 months,8.75,389.71,B,10+ years,RENT,56800,Not Verified,debt_consolidation,15.34,0,701,49.5,Fully Paid
19100,36 months,18.58,696.08,D,3 years,OWN,123100,Source Verified,credit_card,18.56,0,686,56.6,Charged Off
13100,60 months,7.63,263.31,A,5 years,RENT,47800,Source Verified,debt_consolidation,9.12,0,750,65.2,Fully Paid
16400,60 months,13.53,377.61,C,10+ years,MORTGAGE,82400,Not Verified,debt_consolidation,16.67,0,706,58.5,Fully Paid
11400,60 months,9.8,241.1,B,10+ years,MORTGAGE,38100,Verified,debt_consolidation,19.84,0,715,40.3,Fully Paid
23000,60 months,12.85,521.56,C,8 years,MORTGAGE,29900,Verified,debt_consolidation,26.25,0,700,10.9,Charged Off
10400,36 months,8.35,327.58,A,,RENT,51300,Verified,major_purchase,9.64,0,730,64.1,Fully Paid
6200,36 months,7.48,192.8,A,2 years,MORTGAGE,23400,Source Verified,debt_consolidation,10.34,0,773,23.6,Fully Paid
7000,36 months,5.55,211.53,A,5 years,MORTGAGE,144500,Source Verified,other,19.23,1,744,19.0,Fully Paid
24200,60 months,12.29,541.87,B,10+ years,MORTGAGE,254000,Not Verified,car,9.61,0,715,45.2,Fully Paid
11300,36 months,13.67,384.4,C,< 1 year,MORTGAGE,36700,Not Verified,debt_consolidation,9.24,0,712,35.1,Fully Paid
4500,36 months,12.94,151.49,C,10+ years,RENT,105900,Source Verified,medical,14.94,0,689,44.5,Fully Paid
13000,36 months,12.59,435.46,C,6 years,MORTGAGE,51400,Source Verified,credit_card,18.85,1,687,54.8,Charged Off
12900,60 months,9.53,271.11,B,4 years,MORTGAGE,82200,Verified,debt_consolidation,21.47,0,729,57.1,Fully Paid
6200,60 months,6.7,121.89,A,,RENT,64500,Verified,other,22.35,0,730,7.3,Fully Paid
21800,36 months,9.66,699.95,B,10+ years,MORTGAGE,65300,Verified,debt_consolidation,9.54,0,703,76.7,Fully Paid
12500,36 months,13.61,424.86,C,4 years,OWN,90800,Not Verified,credit_card,14.07,0,695,51.8,Fully Paid
7500,36 months,9.57,240.49,B,10+ years,OWN,64200,Verified,debt_consolidation,39.56,0,721,53.0,Fully Paid
11200,36 months,17.21,400.48,D,10+ years,RENT,44500,Verified,debt_consolidation,23.74,0,686,93.0,Charged Off
10700,60 months,15.9,259.64,D,5 years,MORTGAGE,81900,Verified,debt_consolidation,25.38,1,690,45.2,Charged Off
16700,36 months,16.98,595.23,E,7 years,RENT,30800,Not Verified,debt_consolidation,5.91,1,670,56.4,Fully Paid
11200,36 months,12.64,375.43,C,3 years,OWN,19400,Verified,debt_consolidation,13.0,0,709,40.1,Fully Paid
24100,36 months,10.41,782.29,B,10+ years,MORTGAGE,59300,Not Verified,debt_consolidation,19.09,0,717,60.4,Charged Off
20500,36 months,18.48,746.07,E,,MORTGAGE,123500,Source Verified,car,14.03,0,644,23.9,Fully Paid
5400,36 months,11.83,178.92,C,1 year,RENT,65300,Verified,debt_consolidation,14.1,1,695,52.0,Fully Paid
5800,60 months,13.02,132.03,C,3 years,RENT,81600,Source Verified,home_improvement,23.52,0,697,73.5,Fully Paid
7000,36 months,9.6,224.56,B,4 years,MORTGAGE,80600,Source Verified,debt_consolidation,17.18,0,745,73.1,Fully Paid
7400,36 months,14.26,253.85,C,2 years,MORTGAGE,107200,Verified,credit_card,17.31,1,698,28.9,Fully Paid
7400,36 months,10.8,241.57,B,< 1 year,MORTGAGE,168600,Not Verified,home_improvement,25.04,0,724,45.1,Fully Paid
23600,36 months,9.21,752.78,B,3 years,MORTGAGE,58300,Source Verified,debt_consolidation,10.65,3,709,16.3,Fully Paid
16500,36 months,9.25,526.62,B,8 years,MORTGAGE,89700,Not Verified,debt_consolidation,13.82,1,717,80.1,Fully Paid
39300,36 months,7.26,1218.15,A,4 years,RENT,61200,Verified,debt_consolidation,9.93,0,771,68.6,Fully Paid
32200,60 months,17.43,807.72,D,3 years,MORTGAGE,34800,Not Verified,debt_consolidation,22.11,2,687,40.6,Charged Off
9800,60 months,6.46,191.56,A,10+ years,MORTGAGE,35100,Source Verified,small_business,23.63,0,726,65.6,Fully Paid
25300,60 months,10.29,541.17,B,5 years,OWN,17900,Source Verified,credit_card,4.67,0,709,6.0,Fully Paid
4900,60 months,14.54,115.39,D,2 years,MORTGAGE,44900,Source Verified,debt_consolidation,22.78,0,698,84.7,Fully Paid
5300,36 months,10.87,173.19,B,8 years,RENT,72700,Not Verified,other,49.01,0,726,85.2,Fully Paid
27500,36 months,12.17,915.63,C,1 year,RENT,78400,Verified,debt_consolidation,5.56,0,697,90.3,Fully Paid
25100,60 months,10.33,537.39,B,2 years,RENT,78000,Verified,debt_consolidation,14.77,0,714,45.9,Fully Paid
10500,60 months,8.94,217.66,B,,RENT,44500,Source Verified,debt_consolidation,18.22,1,712,47.6,Fully Paid
13100,60 months,12.82,296.86,B,10+ years,MORTGAGE,50100,Not Verified,debt_consolidation,23.45,0,710,19.1,Fully Paid
11200,36 months,7.67,349.26,A,,RENT,49700,Verified,credit_card,31.15,0,749,55.9,Fully Paid
13600,36 months,7.49,422.98,A,8 years,MORTGAGE,44500,Verified,debt_consolidation,11.62,0,773,51.1,Fully Paid
12200,36 months,11.47,402.13,C,10+ years,MORTGAGE,61000,Source Verified,debt_consolidation,13.89,0,708,67.0,Charged Off
10900,60 months,7.03,215.99,A,10+ years,MORTGAGE,23400,Verified,debt_consolidation,18.24,0,738,42.4,Fully Paid
19200,36 months,11.22,630.59,B,1 year,RENT,102600,Verified,debt_consolidation,9.1,0,724,36.1,Fully Paid
27600,36 months,8.7,873.82,B,3 years,MORTGAGE,42000,Verified,other,20.49,1,705,48.3,Charged Off
9700,36 months,14.53,334.03,D,< 1 year,MORTGAGE,63000,Verified,debt_consolidation,10.88,1,703,40.1,Charged Off
22200,60 months,8.02,450.35,A,1 year,RENT,57200,Source Verified,credit_card,23.79,0,736,52.8,Fully Paid
6000,36 months,9.47,192.11,B,10+ years,MORTGAGE,251100,Not Verified,debt_consolidation,18.88,0,738,50.7,Fully Paid
5900,36 months,8.29,185.67,A,8 years,MORTGAGE,57900,Source Verified,debt_consolidation,24.42,0,746,14.1,Fully Paid
4900,36 months,10.47,159.19,B,10+ years,MORTGAGE,46000,Source Verified,other,23.29,0,731,46.9,Fully Paid
6900,36 months,10.41,223.97,B,,RENT,30100,Not Verified,debt_consolidation,16.98,0,704,72.2,Fully Paid
19400,60 months,12.43,435.77,C,10+ years,MORTGAGE,70400,Source Verified,debt_consolidation,21.64,0,670,44.1,Fully Paid
9700,36 months,13.16,327.58,C,5 years,MORTGAGE,96600,Verified,debt_consolidation,11.3,0,691,82.0,Fully Paid
21500,60 months,16.99,534.21,D,1 year,MORTGAGE,64500,Not Verified,home_improvement,14.77,0,678,41.7,Charged Off
19300,36 months,21.17,728.81,E,10+ years,MORTGAGE,54400,Source Verified,debt_consolidation,29.34,0,671,47.1,Charged Off
7600,36 months,14.78,262.64,C,1 year,MORTGAGE,50500,Source Verified,car,13.08,1,721,59.4,Fully Paid
8500,36 months,29.5,358.51,G,10+ years,RENT,81300,Source Verified,debt_consolidation,35.52,0,659,53.4,Charged Off
7300,60 months,11.98,162.31,C,8 years,RENT,18600,Verified,debt_consolidation,22.23,0,701,37.7,Charged Off
10900,36 months,14.86,377.11,C,10+ years,MORTGAGE,61800,Not Verified,debt_consolidation,31.33,0,712,76.4,Fully Paid
8700,36 months,7.07,268.91,A,10+ years,MORTGAGE,137500,Source Verified,credit_card,15.36,0,751,50.9,Fully Paid
11600,36 months,10.53,377.19,B,4 years,OWN,86100,Verified,debt_consolidation,23.19,0,723,43.0,Charged Off
6200,36 months,12.52,207.47,C,8 years,OWN,236000,Not Verified,credit_card,38.53,0,675,58.7,Fully Paid
5800,36 months,13.06,195.59,C,2 years,MORTGAGE,118600,Verified,debt_consolidation,12.76,0,718,79.5,Fully Paid
10700,60 months,13.68,247.2,D,5 years,MORTGAGE,31200,Not Verified,debt_consolidation,21.09,0,694,83.6,Fully Paid
6200,36 months,9.81,199.5,B,10+ years,RENT,59700,Source Verified,debt_consolidation,15.7,0,709,39.8,Fully Paid
8200,60 months,12.21,183.28,C,5 years,OWN,203100,Not Verified,debt_consolidation,30.84,0,695,35.4,Fully Paid
11200,36 months,12.25,373.34,C,10+ years,MORTGAGE,99100,Not Verified,debt_consolidation,7.23,0,700,92.6,Fully Paid
12200,36 months,19.28,448.93,D,10+ years,MORTGAGE,37800,Source Verified,credit_card,27.02,1,682,42.6,Fully Paid
8200,36 months,24.44,323.61,F,10+ years,OWN,49800,Verified,medical,22.39,0,650,45.0,Fully Paid
6600,36 months,11.45,217.48,C,< 1 year,OWN,171300,Source Verified,debt_consolidation,8.06,0,682,60.9,Charged Off
17400,36 months,11.73,575.69,B,7 years,MORTGAGE,56700,Not Verified,debt_consolidation,12.12,0,711,29.1,Fully Paid
17800,36 months,12.23,593.17,C,10+ years,MORTGAGE,70300,Verified,debt_consolidation,24.58,0,713,77.9,Charged Off
14200,36 months,7.04,438.71,A,2 years,MORTGAGE,140100,Verified,debt_consolidation,20.01,0,758,41.4,Fully Paid
6400,36 months,14.09,219.02,C,2 years,MORTGAGE,27300,Not Verified,credit_card,27.65,0,707,80.6,Fully Paid
9800,36 months,7.12,303.13,A,1 year,MORTGAGE,35500,Not Verified,debt_consolidation,13.16,3,741,87.5,Fully Paid
7000,36 months,6.92,215.88,A,10+ years,RENT,56000,Source Verified,debt_consolidation,5.25,0,766,54.2,Fully Paid
23600,36 months,10.56,767.73,B,10+ years,RENT,80100,Verified,debt_consolidation,23.01,0,704,55.7,Charged Off
11300,60 months,17.93,286.52,E,6 years,OTHER,100100,Verified,major_purchase,12.94,0,689,49.3,Charged Off
10000,60 months,12.77,226.36,C,5 years,RENT,77700,Not Verified,credit_card,14.88,0,692,33.2,Fully Paid
13600,36 months,16.07,478.61,D,1 year,MORTGAGE,79300,Verified,debt_consolidation,21.6,1,704,50.8,Charged Off
7700,36 months,10.04,248.6,B,10+ years,RENT,85700,Not Verified,medical,12.91,0,718,38.4,Fully Paid
20600,60 months,10.65,444.31,B,6 years,MORTGAGE,20800,Verified,small_business,50.0,0,713,70.2,Fully Paid
17800,36 months,22.88,687.92,E,3 years,MORTGAGE,39000,Not Verified,credit_card,4.76,1,675,34.3,Fully Paid
15300,36 months,20.51,572.59,E,6 years,RENT,115900,Not Verified,debt_consolidation,4.63,0,671,42.4,Charged Off
14000,36 months,17.84,505.01,D,4 years,MORTGAGE,139100,Not Verified,credit_card,8.17,0,671,59.4,Charged Off
2800,36 months,7.52,87.12,A,10+ years,MORTGAGE,87500,Not Verified,debt_consolidation,24.28,2,745,84.6,Fully Paid
20700,60 months,10.8,448.01,B,6 years,MORTGAGE,50800,Not Verified,small_business,10.17,0,731,37.5,Fully Paid
10800,36 months,14.29,370.64,C,6 years,MORTGAGE,25300,Not Verified,debt_consolidation,21.79,2,716,25.7,Fully Paid
4800,36 months,11.74,158.83,B,10+ years,OTHER,59600,Not Verified,home_improvement,18.76,0,725,27.7,Fully Paid
9000,36 months,7.45,279.75,A,7 years,RENT,489800,Verified,major_purchase,22.03,1,731,17.0,Fully Paid
3600,60 months,12.03,80.13,C,< 1 year,MORTGAGE,41800,Not Verified,debt_consolidation,14.35,0,705,46.7,Fully Paid
5900,36 months,11.17,193.63,C,2 years,RENT,123700,Verified,car,3.24,0,709,59.4,Fully Paid
3600,36 months,14.92,124.65,C,3 years,MORTGAGE,46600,Not Verified,debt_consolidation,14.88,1,710,22.2,Fully Paid
7100,36 months,13.18,239.84,D,,MORTGAGE,53600,Source Verified,debt_consolidation,7.31,1,682,10.8,Fully Paid
21000,36 months,7.63,654.49,A,4 years,MORTGAGE,128700,Source Verified,home_improvement,23.23,0,751,42.8,Fully Paid
12100,60 months,16.66,298.51,D,10+ years,MORTGAGE,23400,Verified,credit_card,16.02,0,695,11.1,Fully Paid
12100,60 months,7.11,240.22,A,2 years,MORTGAGE,89800,Not Verified,credit_card,14.36,0,749,19.7,Fully Paid
12200,36 months,11.41,401.79,B,4 years,RENT,80000,Verified,debt_consolidation,13.69,0,732,40.2,Fully Paid
40000,36 months,5.46,1207.11,A,8 years,RENT,81500,Source Verified,debt_consolidation,15.04,0,736,24.3,Fully Paid
8800,60 months,11.46,193.36,C,4 years,MORTGAGE,60100,Not Verified,debt_consolidation,18.5,0,706,47.4,Fully Paid
25100,36 months,15.05,870.71,C,1 year,MORTGAGE,61700,Not Verified,debt_consolidation,6.12,0,710,71.8,Charged Off
4600,36 months,17.55,165.26,D,3 years,RENT,32900,Not Verified,debt_consolidation,19.27,0,675,91.4,Charged Off
5000,36 months,8.85,158.65,B,5 years,OWN,106100,Not Verified,debt_consolidation,8.89,0,720,32.1,Fully Paid
11900,36 months,15.02,412.63,C,10+ years,RENT,163600,Not Verified,debt_consolidation,12.58,0,702,35.5,Fully Paid
21800,60 months,10.56,469.22,B,< 1 year,MORTGAGE,66000,Source Verified,home_improvement,18.12,0,705,53.8,Charged Off
10700,36 months,18.81,391.19,D,2 years,OTHER,103900,Verified,debt_consolidation,10.52,0,668,52.3,Fully Paid
27700,36 months,6.78,852.51,A,3 years,MORTGAGE,71000,Not Verified,debt_consolidation,6.71,0,735,64.1,Fully Paid
20300,36 months,15.09,704.6,D,7 years,RENT,67600,Verified,credit_card,21.78,0,702,27.3,Fully Paid
6200,36 months,6.56,190.19,A,6 years,MORTGAGE,53800,Source Verified,debt_consolidation,18.96,0,757,15.3,Fully Paid
10700,36 months,13.22,361.66,C,2 years,MORTGAGE,140500,Verified,debt_consolidation,11.76,0,707,60.3,Fully Paid
24900,36 months,10.15,805.21,B,7 years,MORTGAGE,73700,Source Verified,home_improvement,9.33,1,714,28.8,Fully Paid
8700,60 months,13.8,201.53,C,6 years,MORTGAGE,36200,Not Verified,debt_consolidation,19.16,1,709,29.3,Fully Paid
4100,60 months,17.72,103.49,E,10+ years,MORTGAGE,151000,Not Verified,car,20.79,0,684,25.4,Fully Paid
10100,36 months,12.45,337.64,B,10+ years,OWN,51400,Not Verified,credit_card,5.85,0,719,13.3,Fully Paid
26800,60 months,8.64,551.65,B,5 years,MORTGAGE,83700,Source Verified,debt_consolidation,32.66,0,717,42.3,Fully Paid
18900,36 months,5.78,573.09,A,3 years,OWN,125800,Source Verified,small_business,25.15,0,724,54.6,Fully Paid
6600,36 months,14.32,226.6,C,9 years,RENT,66300,Verified,debt_consolidation,12.35,0,686,70.8,Fully Paid
6100,36 months,12.62,204.42,C,1 year,MORTGAGE,52400,Source Verified,debt_consolidation,17.1,0,703,46.5,Fully Paid
12900,36 months,7.31,400.15,A,1 year,OWN,84200,Source Verified,major_purchase,26.86,0,749,61.0,Fully Paid
9300,36 months,7.26,288.26,A,10+ years,RENT,62700,Source Verified,debt_consolidation,13.29,0,766,42.4,Fully Paid
16900,36 months,9.85,544.13,B,8 years,MORTGAGE,41500,Source Verified,credit_card,6.44,0,715,41.1,Fully Paid
8600,36 months,14.33,295.31,C,7 years,MORTGAGE,68000,Source Verified,debt_consolidation,18.07,0,695,55.8,Fully Paid
27000,36 months,10.48,877.31,B,1 year,RENT,68100,Verified,debt_consolidation,25.66,0,700,78.8,Fully Paid
8600,36 months,15.9,301.93,D,2 years,MORTGAGE,159800,Verified,debt_consolidation,18.31,0,687,59.0,Fully Paid
18200,36 months,11.28,598.26,B,10+ years,MORTGAGE,29100,Verified,small_business,6.84,1,705,46.2,Fully Paid
7100,36 months,17.6,255.26,D,8 years,RENT,42600,Not Verified,debt_consolidation,20.74,0,692,76.0,Fully Paid
15000,36 months,7.78,468.52,A,10+ years,OWN,118400,Verified,debt_consolidation,24.75,0,731,55.1,Fully Paid
13500,60 months,6.58,264.65,A,5 years,RENT,106900,Verified,debt_consolidation,9.26,0,741,48.6,Fully Paid
24800,60 months,15.63,598.22,E,7 years,RENT,29700,Source Verified,debt_consolidation,26.63,0,660,39.1,Fully Paid
9400,60 months,16.58,231.5,D,5 years,MORTGAGE,226000,Verified,debt_consolidation,12.31,0,688,48.2,Fully Paid
9600,60 months,9.81,203.08,B,5 years,RENT,69400,Verified,debt_consolidation,23.27,1,734,39.4,Fully Paid
13400,36 months,9.81,431.19,B,5 years,MORTGAGE,66000,Not Verified,debt_consolidation,19.07,0,728,41.1,Fully Paid
26300,36 months,13.25,889.32,C,10+ years,RENT,38300,Verified,car,10.6,0,693,17.0,Fully Paid
12900,36 months,14.77,445.73,C,10+ years,MORTGAGE,56000,Source Verified,major_purchase,10.52,1,697,22.4,Fully Paid
6400,60 months,7.09,127.0,A,10+ years,OTHER,144800,Not Verified,debt_consolidation,13.16,0,721,71.6,Charged Off
17400,36 months,5.35,524.23,A,10+ years,RENT,52500,Not Verified,credit_card,11.25,1,741,65.8,Fully Paid
9500,36 months,16.69,337.24,D,6 years,MORTGAGE,65000,Verified,credit_card,7.8,0,689,39.1,Fully Paid
10900,60 months,18.79,281.49,E,4 years,MORTGAGE,17500,Not Verified,debt_consolidation,22.25,0,675,30.6,Fully Paid
8000,36 months,17.07,285.5,D,10+ years,MORTGAGE,63900,Verified,debt_consolidation,29.46,2,684,68.6,Charged Off
5000,36 months,9.83,160.94,B,10+ years,RENT,67900,Verified,debt_consolidation,15.36,0,718,33.8,Fully Paid
8000,60 months,15.12,190.82,D,10+ years,MORTGAGE,117500,Verified,home_improvement,4.52,2,691,84.5,Fully Paid
7300,36 months,13.44,247.52,C,,MORTGAGE,53500,Not Verified,debt_consolidation,17.93,0,703,15.8,Fully Paid
5900,36 months,11.18,193.66,B,5 years,RENT,105200,Source Verified,debt_consolidation,4.74,0,729,50.1,Fully Paid
11200,36 months,9.74,360.03,B,10+ years,MORTGAGE,89100,Source Verified,debt_consolidation,20.75,1,726,66.9,Fully Paid
6600,36 months,6.82,203.25,A,,OWN,60800,Source Verified,debt_consolidation,19.94,0,757,36.2,Fully Paid
16400,60 months,10.1,349.26,B,3 years,MORTGAGE,38500,Verified,debt_consolidation,37.25,1,713,50.0,Fully Paid
8800,60 months,11.31,192.7,C,7 years,MORTGAGE,101600,Not Verified,debt_consolidation,28.95,0,693,61.3,Fully Paid
27300,60 months,15.85,661.71,D,6 years,MORTGAGE,114700,Source Verified,debt_consolidation,13.05,0,678,63.7,Charged Off
15800,36 months,15.71,553.22,D,7 years,RENT,29500,Source Verified,debt_consolidation,14.11,0,684,35.4,Fully Paid
10200,36 months,13.82,347.72,C,< 1 year,RENT,68700,Source Verified,small_business,19.56,0,706,88.1,Fully Paid
31100,60 months,10.16,663.23,B,5 years,MORTGAGE,37200,Not Verified,credit_card,16.12,0,696,41.7,Charged Off
6700,60 months,9.77,141.6,B,10+ years,RENT,93000,Verified,debt_consolidation,27.36,0,717,23.9,Fully Paid
13700,36 months,6.39,419.21,A,10+ years,MORTGAGE,86300,Verified,credit_card,26.69,1,771,22.1,Fully Paid
11800,36 months,18.24,428.02,D,10+ years,MORTGAGE,59400,Not Verified,debt_consolidation,22.84,0,683,73.9,Fully Paid
12600,36 months,6.29,384.97,A,7 years,RENT,165600,Not Verified,credit_card,19.68,1,749,58.2,Fully Paid
12100,60 months,14.04,281.8,C,2 years,OWN,25600,Verified,debt_consolidation,12.38,0,679,50.5,Fully Paid
9400,36 months,12.55,314.69,D,2 years,RENT,48600,Verified,other,20.22,0,686,87.7,Charged Off
8300,36 months,14.31,284.93,C,< 1 year,MORTGAGE,106900,Not Verified,debt_consolidation,6.66,0,692,51.8,Fully Paid
19500,36 months,12.29,650.38,B,4 years,MORTGAGE,50400,Verified,debt_consolidation,23.96,0,714,56.8,Fully Paid
29800,36 months,9.02,947.91,B,9 years,MORTGAGE,79000,Source Verified,other,8.58,0,701,74.0,Fully Paid
6600,36 months,9.52,211.48,B,4 years,MORTGAGE,101800,Not Verified,credit_card,9.89,0,706,4.3,Fully Paid
3900,36 months,10.76,127.24,B,10+ years,RENT,166700,Source Verified,credit_card,24.78,1,715,22.6,Fully Paid
10500,36 months,5.32,316.21,A,5 years,OWN,164800,Not Verified,debt_consolidation,17.33,0,749,67.6,Fully Paid
9300,36 months,17.26,332.78,D,10+ years,RENT,75300,Not Verified,debt_consolidation,19.39,1,669,62.3,Fully Paid
7900,36 months,6.16,240.91,A,10+ years,MORTGAGE,53300,Not Verified,major_purchase,14.96,0,720,56.6,Fully Paid
12700,36 months,10.48,412.66,B,2 years,RENT,86700,Not Verified,credit_card,11.37,1,723,65.9,Fully Paid
5700,36 months,6.83,175.56,A,10+ years,RENT,82400,Verified,debt_consolidation,21.44,0,752,62.4,Fully Paid
12100,36 months,11.21,397.34,B,10+ years,MORTGAGE,40800,Not Verified,debt_consolidation,14.69,0,693,20.3,Fully Paid
17600,36 months,11.84,583.23,B,6 years,OWN,85900,Source Verified,credit_card,8.46,2,719,35.0,Fully Paid
6000,36 months,9.46,192.09,B,1 year,OWN,43000,Source Verified,debt_consolidation,27.33,0,704,42.1,Charged Off
24800,36 months,9.92,799.3,B,10+ years,MORTGAGE,56400,Verified,car,23.38,2,709,45.0,Fully Paid
18400,60 months,7.1,365.21,A,8 years,RENT,80700,Not Verified,credit_card,19.83,0,733,74.1,Fully Paid
9100,36 months,14.18,311.81,C,2 years,MORTGAGE,88800,Not Verified,debt_consolidation,22.3,0,700,72.5,Fully Paid
9100,60 months,6.53,178.18,A,< 1 year,OWN,66900,Verified,debt_consolidation,5.12,0,738,19.3,Fully Paid
28900,36 months,9.91,931.3,B,5 years,RENT,95000,Verified,debt_consolidation,18.55,0,701,11.9,Fully Paid
8200,36 months,9.66,263.28,B,5 years,MORTGAGE,27100,Not Verified,debt_consolidation,25.09,1,714,55.7,Charged Off
11700,60 months,11.05,254.68,B,10+ years,RENT,27200,Source Verified,other,11.53,0,713,18.1,Fully Paid
22000,36 months,12.86,739.78,C,10+ years,MORTGAGE,44600,Not Verified,debt_consolidation,17.39,0,666,62.5,Fully Paid
20000,36 months,13.99,683.46,C,4 years,RENT,37600,Source Verified,debt_consolidation,13.68,0,697,79.1,Fully Paid
13300,36 months,17.32,476.3,D,10+ years,MORTGAGE,36100,Not Verified,debt_consolidation,12.82,0,686,66.5,Charged Off
12600,36 months,6.78,387.79,A,10+ years,OWN,35800,Source Verified,credit_card,19.45,0,735,23.9,Fully Paid
9100,36 months,11.18,298.7,B,1 year,MORTGAGE,98000,Source Verified,debt_consolidation,24.94,0,714,27.0,Fully Paid
8800,60 months,13.75,203.62,C,10+ years,RENT,38000,Not Verified,credit_card,19.63,1,705,60.5,Fully Paid
7200,60 months,5.1,136.2,A,8 years,RENT,134500,Not Verified,small_business,13.95,0,755,69.8,Fully Paid
11300,36 months,18.48,411.25,D,10+ years,RENT,217300,Source Verified,credit_card,14.83,1,675,43.8,Fully Paid
8800,60 months,11.0,191.33,B,10+ years,RENT,35600,Not Verified,debt_consolidation,21.57,0,726,48.8,Fully Paid
